=== xy cfg adaptive pes 4 rep 1 ===
Charm++> Running in SMP mode on 1 nodes and 4 PEs
adapt_xy: layer=reconverse pes=4 adaptive=1 m=500 iters=5 phases_per_step=4 steps=9 x0=16 y0=0 dx=-2 dy=2
Format: DATA,xy,{layer},{pes},{adaptive},{step},{x},{y},{m},{mean iter s},{slots}
DATA,xy,reconverse,4,1,0,16,0,500,0.000301,nodeq=51 threadq=11 nodeprio=1 threadprio=1
DATA,xy,reconverse,4,1,0,16,0,500,0.000303,nodeq=54 threadq=8 nodeprio=1 threadprio=1
DATA,xy,reconverse,4,1,0,16,0,500,0.000296,nodeq=56 threadq=6 nodeprio=1 threadprio=1
DATA,xy,reconverse,4,1,0,16,0,500,0.000295,nodeq=58 threadq=4 nodeprio=1 threadprio=1
DATA,xy,reconverse,4,1,1,14,2,500,0.000323,nodeq=31 threadq=31 nodeprio=1 threadprio=1
DATA,xy,reconverse,4,1,1,14,2,500,0.000319,nodeq=31 threadq=31 nodeprio=1 threadprio=1
DATA,xy,reconverse,4,1,1,14,2,500,0.000318,nodeq=31 threadq=31 nodeprio=1 threadprio=1
DATA,xy,reconverse,4,1,1,14,2,500,0.000317,nodeq=31 threadq=31 nodeprio=1 threadprio=1
DATA,xy,reconverse,4,1,2,12,4,500,0.000315,nodeq=31 threadq=31 nodeprio=1 threadprio=1
DATA,xy,reconverse,4,1,2,12,4,500,0.000316,nodeq=31 threadq=31 nodeprio=1 threadprio=1
DATA,xy,reconverse,4,1,2,12,4,500,0.000315,nodeq=31 threadq=31 nodeprio=1 threadprio=1
DATA,xy,reconverse,4,1,2,12,4,500,0.000313,nodeq=31 threadq=31 nodeprio=1 threadprio=1
DATA,xy,reconverse,4,1,3,10,6,500,0.000311,nodeq=31 threadq=31 nodeprio=1 threadprio=1
DATA,xy,reconverse,4,1,3,10,6,500,0.000318,nodeq=31 threadq=31 nodeprio=1 threadprio=1
DATA,xy,reconverse,4,1,3,10,6,500,0.000314,nodeq=31 threadq=31 nodeprio=1 threadprio=1
DATA,xy,reconverse,4,1,3,10,6,500,0.000314,nodeq=31 threadq=31 nodeprio=1 threadprio=1
DATA,xy,reconverse,4,1,4,8,8,500,0.000319,nodeq=31 threadq=31 nodeprio=1 threadprio=1
DATA,xy,reconverse,4,1,4,8,8,500,0.000311,nodeq=31 threadq=31 nodeprio=1 threadprio=1
DATA,xy,reconverse,4,1,4,8,8,500,0.000313,nodeq=31 threadq=31 nodeprio=1 threadprio=1
DATA,xy,reconverse,4,1,4,8,8,500,0.000315,nodeq=31 threadq=31 nodeprio=1 threadprio=1
DATA,xy,reconverse,4,1,5,6,10,500,0.000315,nodeq=31 threadq=31 nodeprio=1 threadprio=1
DATA,xy,reconverse,4,1,5,6,10,500,0.000314,nodeq=31 threadq=31 nodeprio=1 threadprio=1
DATA,xy,reconverse,4,1,5,6,10,500,0.000313,nodeq=31 threadq=31 nodeprio=1 threadprio=1
DATA,xy,reconverse,4,1,5,6,10,500,0.000318,nodeq=31 threadq=31 nodeprio=1 threadprio=1
DATA,xy,reconverse,4,1,6,4,12,500,0.000317,nodeq=31 threadq=31 nodeprio=1 threadprio=1
DATA,xy,reconverse,4,1,6,4,12,500,0.000318,nodeq=31 threadq=31 nodeprio=1 threadprio=1
DATA,xy,reconverse,4,1,6,4,12,500,0.000315,nodeq=31 threadq=31 nodeprio=1 threadprio=1
DATA,xy,reconverse,4,1,6,4,12,500,0.000311,nodeq=30 threadq=32 nodeprio=1 threadprio=1
DATA,xy,reconverse,4,1,7,2,14,500,0.000314,nodeq=31 threadq=31 nodeprio=1 threadprio=1
DATA,xy,reconverse,4,1,7,2,14,500,0.000312,nodeq=30 threadq=32 nodeprio=1 threadprio=1
DATA,xy,reconverse,4,1,7,2,14,500,0.000315,nodeq=31 threadq=31 nodeprio=1 threadprio=1
DATA,xy,reconverse,4,1,7,2,14,500,0.000313,nodeq=30 threadq=32 nodeprio=1 threadprio=1
DATA,xy,reconverse,4,1,8,0,16,500,0.000056,nodeq=1 threadq=61 nodeprio=1 threadprio=1
DATA,xy,reconverse,4,1,8,0,16,500,0.000055,nodeq=1 threadq=61 nodeprio=1 threadprio=1
DATA,xy,reconverse,4,1,8,0,16,500,0.000055,nodeq=1 threadq=61 nodeprio=1 threadprio=1
DATA,xy,reconverse,4,1,8,0,16,500,0.000055,nodeq=1 threadq=61 nodeprio=1 threadprio=1
=== xy cfg hitrate pes 4 rep 1 ===
Charm++> Running in SMP mode on 1 nodes and 4 PEs
adapt_xy: layer=reconverse pes=4 adaptive=1 m=500 iters=5 phases_per_step=4 steps=9 x0=16 y0=0 dx=-2 dy=2
Format: DATA,xy,{layer},{pes},{adaptive},{step},{x},{y},{m},{mean iter s},{slots}
DATA,xy,reconverse,4,1,0,16,0,500,0.000303,nodeq=51 threadq=11 nodeprio=1 threadprio=1
DATA,xy,reconverse,4,1,0,16,0,500,0.000354,nodeq=51 threadq=11 nodeprio=1 threadprio=1
DATA,xy,reconverse,4,1,0,16,0,500,0.000332,nodeq=56 threadq=6 nodeprio=1 threadprio=1
DATA,xy,reconverse,4,1,0,16,0,500,0.000278,nodeq=56 threadq=6 nodeprio=1 threadprio=1
DATA,xy,reconverse,4,1,1,14,2,500,0.000365,nodeq=31 threadq=31 nodeprio=1 threadprio=1
DATA,xy,reconverse,4,1,1,14,2,500,0.000270,nodeq=31 threadq=31 nodeprio=1 threadprio=1
DATA,xy,reconverse,4,1,1,14,2,500,0.000269,nodeq=31 threadq=31 nodeprio=1 threadprio=1
DATA,xy,reconverse,4,1,1,14,2,500,0.000266,nodeq=31 threadq=31 nodeprio=1 threadprio=1
DATA,xy,reconverse,4,1,2,12,4,500,0.000311,nodeq=31 threadq=31 nodeprio=1 threadprio=1
DATA,xy,reconverse,4,1,2,12,4,500,0.000333,nodeq=31 threadq=31 nodeprio=1 threadprio=1
DATA,xy,reconverse,4,1,2,12,4,500,0.000312,nodeq=31 threadq=31 nodeprio=1 threadprio=1
DATA,xy,reconverse,4,1,2,12,4,500,0.000326,nodeq=31 threadq=31 nodeprio=1 threadprio=1
DATA,xy,reconverse,4,1,3,10,6,500,0.000358,nodeq=31 threadq=31 nodeprio=1 threadprio=1
DATA,xy,reconverse,4,1,3,10,6,500,0.000325,nodeq=31 threadq=31 nodeprio=1 threadprio=1
DATA,xy,reconverse,4,1,3,10,6,500,0.000307,nodeq=31 threadq=31 nodeprio=1 threadprio=1
DATA,xy,reconverse,4,1,3,10,6,500,0.000355,nodeq=31 threadq=31 nodeprio=1 threadprio=1
DATA,xy,reconverse,4,1,4,8,8,500,0.000272,nodeq=31 threadq=31 nodeprio=1 threadprio=1
DATA,xy,reconverse,4,1,4,8,8,500,0.000272,nodeq=31 threadq=31 nodeprio=1 threadprio=1
DATA,xy,reconverse,4,1,4,8,8,500,0.000330,nodeq=31 threadq=31 nodeprio=1 threadprio=1
DATA,xy,reconverse,4,1,4,8,8,500,0.000349,nodeq=31 threadq=31 nodeprio=1 threadprio=1
DATA,xy,reconverse,4,1,5,6,10,500,0.000307,nodeq=31 threadq=31 nodeprio=1 threadprio=1
DATA,xy,reconverse,4,1,5,6,10,500,0.000305,nodeq=31 threadq=31 nodeprio=1 threadprio=1
DATA,xy,reconverse,4,1,5,6,10,500,0.000353,nodeq=31 threadq=31 nodeprio=1 threadprio=1
DATA,xy,reconverse,4,1,5,6,10,500,0.000321,nodeq=31 threadq=31 nodeprio=1 threadprio=1
DATA,xy,reconverse,4,1,6,4,12,500,0.000342,nodeq=31 threadq=31 nodeprio=1 threadprio=1
DATA,xy,reconverse,4,1,6,4,12,500,0.000305,nodeq=31 threadq=31 nodeprio=1 threadprio=1
DATA,xy,reconverse,4,1,6,4,12,500,0.000313,nodeq=30 threadq=32 nodeprio=1 threadprio=1
DATA,xy,reconverse,4,1,6,4,12,500,0.000303,nodeq=32 threadq=30 nodeprio=1 threadprio=1
DATA,xy,reconverse,4,1,7,2,14,500,0.000314,nodeq=31 threadq=31 nodeprio=1 threadprio=1
DATA,xy,reconverse,4,1,7,2,14,500,0.000314,nodeq=30 threadq=32 nodeprio=1 threadprio=1
DATA,xy,reconverse,4,1,7,2,14,500,0.000349,nodeq=31 threadq=31 nodeprio=1 threadprio=1
DATA,xy,reconverse,4,1,7,2,14,500,0.000314,nodeq=30 threadq=32 nodeprio=1 threadprio=1
DATA,xy,reconverse,4,1,8,0,16,500,0.000072,nodeq=1 threadq=61 nodeprio=1 threadprio=1
DATA,xy,reconverse,4,1,8,0,16,500,0.000073,nodeq=1 threadq=61 nodeprio=1 threadprio=1
DATA,xy,reconverse,4,1,8,0,16,500,0.000071,nodeq=1 threadq=61 nodeprio=1 threadprio=1
DATA,xy,reconverse,4,1,8,0,16,500,0.000071,nodeq=1 threadq=61 nodeprio=1 threadprio=1
=== xy cfg static pes 4 rep 1 ===
Charm++> Running in SMP mode on 1 nodes and 4 PEs
adapt_xy: layer=reconverse pes=4 adaptive=0 m=500 iters=5 phases_per_step=4 steps=9 x0=16 y0=0 dx=-2 dy=2
Format: DATA,xy,{layer},{pes},{adaptive},{step},{x},{y},{m},{mean iter s},{slots}
DATA,xy,reconverse,4,0,0,16,0,500,0.000464,nodeq=3 threadq=29 nodeprio=3 threadprio=29
DATA,xy,reconverse,4,0,0,16,0,500,0.000460,nodeq=3 threadq=29 nodeprio=3 threadprio=29
DATA,xy,reconverse,4,0,0,16,0,500,0.000461,nodeq=3 threadq=29 nodeprio=3 threadprio=29
DATA,xy,reconverse,4,0,0,16,0,500,0.000460,nodeq=3 threadq=29 nodeprio=3 threadprio=29
DATA,xy,reconverse,4,0,1,14,2,500,0.000532,nodeq=3 threadq=29 nodeprio=3 threadprio=29
DATA,xy,reconverse,4,0,1,14,2,500,0.000507,nodeq=3 threadq=29 nodeprio=3 threadprio=29
DATA,xy,reconverse,4,0,1,14,2,500,0.000504,nodeq=3 threadq=29 nodeprio=3 threadprio=29
DATA,xy,reconverse,4,0,1,14,2,500,0.000501,nodeq=3 threadq=29 nodeprio=3 threadprio=29
DATA,xy,reconverse,4,0,2,12,4,500,0.000504,nodeq=3 threadq=29 nodeprio=3 threadprio=29
DATA,xy,reconverse,4,0,2,12,4,500,0.000505,nodeq=3 threadq=29 nodeprio=3 threadprio=29
DATA,xy,reconverse,4,0,2,12,4,500,0.000515,nodeq=3 threadq=29 nodeprio=3 threadprio=29
DATA,xy,reconverse,4,0,2,12,4,500,0.000506,nodeq=3 threadq=29 nodeprio=3 threadprio=29
DATA,xy,reconverse,4,0,3,10,6,500,0.000511,nodeq=3 threadq=29 nodeprio=3 threadprio=29
DATA,xy,reconverse,4,0,3,10,6,500,0.000507,nodeq=3 threadq=29 nodeprio=3 threadprio=29
DATA,xy,reconverse,4,0,3,10,6,500,0.000502,nodeq=3 threadq=29 nodeprio=3 threadprio=29
DATA,xy,reconverse,4,0,3,10,6,500,0.000501,nodeq=3 threadq=29 nodeprio=3 threadprio=29
DATA,xy,reconverse,4,0,4,8,8,500,0.000505,nodeq=3 threadq=29 nodeprio=3 threadprio=29
DATA,xy,reconverse,4,0,4,8,8,500,0.000500,nodeq=3 threadq=29 nodeprio=3 threadprio=29
DATA,xy,reconverse,4,0,4,8,8,500,0.000503,nodeq=3 threadq=29 nodeprio=3 threadprio=29
DATA,xy,reconverse,4,0,4,8,8,500,0.000518,nodeq=3 threadq=29 nodeprio=3 threadprio=29
DATA,xy,reconverse,4,0,5,6,10,500,0.000509,nodeq=3 threadq=29 nodeprio=3 threadprio=29
DATA,xy,reconverse,4,0,5,6,10,500,0.000502,nodeq=3 threadq=29 nodeprio=3 threadprio=29
DATA,xy,reconverse,4,0,5,6,10,500,0.000502,nodeq=3 threadq=29 nodeprio=3 threadprio=29
DATA,xy,reconverse,4,0,5,6,10,500,0.000504,nodeq=3 threadq=29 nodeprio=3 threadprio=29
DATA,xy,reconverse,4,0,6,4,12,500,0.000496,nodeq=3 threadq=29 nodeprio=3 threadprio=29
DATA,xy,reconverse,4,0,6,4,12,500,0.000500,nodeq=3 threadq=29 nodeprio=3 threadprio=29
DATA,xy,reconverse,4,0,6,4,12,500,0.000501,nodeq=3 threadq=29 nodeprio=3 threadprio=29
DATA,xy,reconverse,4,0,6,4,12,500,0.000499,nodeq=3 threadq=29 nodeprio=3 threadprio=29
DATA,xy,reconverse,4,0,7,2,14,500,0.000503,nodeq=3 threadq=29 nodeprio=3 threadprio=29
DATA,xy,reconverse,4,0,7,2,14,500,0.000499,nodeq=3 threadq=29 nodeprio=3 threadprio=29
DATA,xy,reconverse,4,0,7,2,14,500,0.000505,nodeq=3 threadq=29 nodeprio=3 threadprio=29
DATA,xy,reconverse,4,0,7,2,14,500,0.000503,nodeq=3 threadq=29 nodeprio=3 threadprio=29
DATA,xy,reconverse,4,0,8,0,16,500,0.000077,nodeq=3 threadq=29 nodeprio=3 threadprio=29
DATA,xy,reconverse,4,0,8,0,16,500,0.000079,nodeq=3 threadq=29 nodeprio=3 threadprio=29
DATA,xy,reconverse,4,0,8,0,16,500,0.000077,nodeq=3 threadq=29 nodeprio=3 threadprio=29
DATA,xy,reconverse,4,0,8,0,16,500,0.000079,nodeq=3 threadq=29 nodeprio=3 threadprio=29
=== xy cfg converse pes 4 rep 1 ===
Charm++> Running on MPI library: MPI VERSION    : CRAY MPICH version 8.1.32.110 (ANL base 3.4a2)
MPI BUILD INFO : Thu Feb 06 22:53 2025 (git hash f9c5634)
 (MPI standard: 3.1)
Charm++> Level of thread support used: MPI_THREAD_FUNNELED (desired: MPI_THREAD_FUNNELED)
Charm++> Running in SMP mode: 1 processes, 4 worker threads (PEs) + 1 comm threads per process, 4 PEs total
Charm++> The comm. thread both sends and receives messages
Converse/Charm++ Commit ID: v8.0.1-devel-36-g3c3086b33
adapt_xy: layer=converse pes=4 adaptive=-1 m=500 iters=5 phases_per_step=4 steps=9 x0=16 y0=0 dx=-2 dy=2
Format: DATA,xy,{layer},{pes},{adaptive},{step},{x},{y},{m},{mean iter s},{slots}
DATA,xy,converse,4,-1,0,16,0,500,0.001311,n/a
DATA,xy,converse,4,-1,0,16,0,500,0.001259,n/a
DATA,xy,converse,4,-1,0,16,0,500,0.001347,n/a
DATA,xy,converse,4,-1,0,16,0,500,0.001215,n/a
DATA,xy,converse,4,-1,1,14,2,500,0.001373,n/a
DATA,xy,converse,4,-1,1,14,2,500,0.001283,n/a
DATA,xy,converse,4,-1,1,14,2,500,0.001408,n/a
DATA,xy,converse,4,-1,1,14,2,500,0.001307,n/a
DATA,xy,converse,4,-1,2,12,4,500,0.001335,n/a
DATA,xy,converse,4,-1,2,12,4,500,0.001355,n/a
DATA,xy,converse,4,-1,2,12,4,500,0.001399,n/a
DATA,xy,converse,4,-1,2,12,4,500,0.001342,n/a
DATA,xy,converse,4,-1,3,10,6,500,0.001306,n/a
DATA,xy,converse,4,-1,3,10,6,500,0.001345,n/a
DATA,xy,converse,4,-1,3,10,6,500,0.001295,n/a
DATA,xy,converse,4,-1,3,10,6,500,0.001397,n/a
DATA,xy,converse,4,-1,4,8,8,500,0.001300,n/a
DATA,xy,converse,4,-1,4,8,8,500,0.001354,n/a
DATA,xy,converse,4,-1,4,8,8,500,0.001268,n/a
DATA,xy,converse,4,-1,4,8,8,500,0.001332,n/a
DATA,xy,converse,4,-1,5,6,10,500,0.001286,n/a
DATA,xy,converse,4,-1,5,6,10,500,0.001281,n/a
DATA,xy,converse,4,-1,5,6,10,500,0.001304,n/a
DATA,xy,converse,4,-1,5,6,10,500,0.001244,n/a
DATA,xy,converse,4,-1,6,4,12,500,0.001340,n/a
DATA,xy,converse,4,-1,6,4,12,500,0.001307,n/a
DATA,xy,converse,4,-1,6,4,12,500,0.001311,n/a
DATA,xy,converse,4,-1,6,4,12,500,0.001195,n/a
DATA,xy,converse,4,-1,7,2,14,500,0.001260,n/a
DATA,xy,converse,4,-1,7,2,14,500,0.001315,n/a
DATA,xy,converse,4,-1,7,2,14,500,0.001303,n/a
DATA,xy,converse,4,-1,7,2,14,500,0.001289,n/a
DATA,xy,converse,4,-1,8,0,16,500,0.000112,n/a
DATA,xy,converse,4,-1,8,0,16,500,0.000104,n/a
DATA,xy,converse,4,-1,8,0,16,500,0.000123,n/a
DATA,xy,converse,4,-1,8,0,16,500,0.000111,n/a
[Partition 0][Node 0] End of program
=== xy cfg adaptive pes 8 rep 1 ===
Charm++> Running in SMP mode on 1 nodes and 8 PEs
adapt_xy: layer=reconverse pes=8 adaptive=1 m=500 iters=5 phases_per_step=4 steps=9 x0=16 y0=0 dx=-2 dy=2
Format: DATA,xy,{layer},{pes},{adaptive},{step},{x},{y},{m},{mean iter s},{slots}
DATA,xy,reconverse,8,1,0,16,0,500,0.002293,nodeq=51 threadq=11 nodeprio=1 threadprio=1
DATA,xy,reconverse,8,1,0,16,0,500,0.002144,nodeq=55 threadq=7 nodeprio=1 threadprio=1
DATA,xy,reconverse,8,1,0,16,0,500,0.002057,nodeq=55 threadq=7 nodeprio=1 threadprio=1
DATA,xy,reconverse,8,1,0,16,0,500,0.002056,nodeq=54 threadq=8 nodeprio=1 threadprio=1
DATA,xy,reconverse,8,1,1,14,2,500,0.002049,nodeq=30 threadq=32 nodeprio=1 threadprio=1
DATA,xy,reconverse,8,1,1,14,2,500,0.002028,nodeq=31 threadq=31 nodeprio=1 threadprio=1
DATA,xy,reconverse,8,1,1,14,2,500,0.002021,nodeq=31 threadq=31 nodeprio=1 threadprio=1
DATA,xy,reconverse,8,1,1,14,2,500,0.002025,nodeq=31 threadq=31 nodeprio=1 threadprio=1
DATA,xy,reconverse,8,1,2,12,4,500,0.002036,nodeq=30 threadq=32 nodeprio=1 threadprio=1
DATA,xy,reconverse,8,1,2,12,4,500,0.002035,nodeq=31 threadq=31 nodeprio=1 threadprio=1
DATA,xy,reconverse,8,1,2,12,4,500,0.002044,nodeq=30 threadq=32 nodeprio=1 threadprio=1
DATA,xy,reconverse,8,1,2,12,4,500,0.002038,nodeq=31 threadq=31 nodeprio=1 threadprio=1
DATA,xy,reconverse,8,1,3,10,6,500,0.002005,nodeq=30 threadq=32 nodeprio=1 threadprio=1
DATA,xy,reconverse,8,1,3,10,6,500,0.002023,nodeq=31 threadq=31 nodeprio=1 threadprio=1
DATA,xy,reconverse,8,1,3,10,6,500,0.002029,nodeq=30 threadq=32 nodeprio=1 threadprio=1
DATA,xy,reconverse,8,1,3,10,6,500,0.002023,nodeq=31 threadq=31 nodeprio=1 threadprio=1
DATA,xy,reconverse,8,1,4,8,8,500,0.002008,nodeq=31 threadq=31 nodeprio=1 threadprio=1
DATA,xy,reconverse,8,1,4,8,8,500,0.001998,nodeq=31 threadq=31 nodeprio=1 threadprio=1
DATA,xy,reconverse,8,1,4,8,8,500,0.002034,nodeq=31 threadq=31 nodeprio=1 threadprio=1
DATA,xy,reconverse,8,1,4,8,8,500,0.002030,nodeq=31 threadq=31 nodeprio=1 threadprio=1
DATA,xy,reconverse,8,1,5,6,10,500,0.001990,nodeq=31 threadq=31 nodeprio=1 threadprio=1
DATA,xy,reconverse,8,1,5,6,10,500,0.002015,nodeq=31 threadq=31 nodeprio=1 threadprio=1
DATA,xy,reconverse,8,1,5,6,10,500,0.002027,nodeq=31 threadq=31 nodeprio=1 threadprio=1
DATA,xy,reconverse,8,1,5,6,10,500,0.002019,nodeq=31 threadq=31 nodeprio=1 threadprio=1
DATA,xy,reconverse,8,1,6,4,12,500,0.002018,nodeq=31 threadq=31 nodeprio=1 threadprio=1
DATA,xy,reconverse,8,1,6,4,12,500,0.001990,nodeq=31 threadq=31 nodeprio=1 threadprio=1
DATA,xy,reconverse,8,1,6,4,12,500,0.002011,nodeq=31 threadq=31 nodeprio=1 threadprio=1
DATA,xy,reconverse,8,1,6,4,12,500,0.002013,nodeq=31 threadq=31 nodeprio=1 threadprio=1
DATA,xy,reconverse,8,1,7,2,14,500,0.002005,nodeq=31 threadq=31 nodeprio=1 threadprio=1
DATA,xy,reconverse,8,1,7,2,14,500,0.002022,nodeq=31 threadq=31 nodeprio=1 threadprio=1
DATA,xy,reconverse,8,1,7,2,14,500,0.001987,nodeq=31 threadq=31 nodeprio=1 threadprio=1
DATA,xy,reconverse,8,1,7,2,14,500,0.002011,nodeq=31 threadq=31 nodeprio=1 threadprio=1
DATA,xy,reconverse,8,1,8,0,16,500,0.000123,nodeq=1 threadq=61 nodeprio=1 threadprio=1
DATA,xy,reconverse,8,1,8,0,16,500,0.000123,nodeq=1 threadq=61 nodeprio=1 threadprio=1
DATA,xy,reconverse,8,1,8,0,16,500,0.000124,nodeq=1 threadq=61 nodeprio=1 threadprio=1
DATA,xy,reconverse,8,1,8,0,16,500,0.000124,nodeq=1 threadq=61 nodeprio=1 threadprio=1
=== xy cfg hitrate pes 8 rep 1 ===
Charm++> Running in SMP mode on 1 nodes and 8 PEs
adapt_xy: layer=reconverse pes=8 adaptive=1 m=500 iters=5 phases_per_step=4 steps=9 x0=16 y0=0 dx=-2 dy=2
Format: DATA,xy,{layer},{pes},{adaptive},{step},{x},{y},{m},{mean iter s},{slots}
DATA,xy,reconverse,8,1,0,16,0,500,0.001656,nodeq=51 threadq=11 nodeprio=1 threadprio=1
DATA,xy,reconverse,8,1,0,16,0,500,0.001744,nodeq=54 threadq=8 nodeprio=1 threadprio=1
DATA,xy,reconverse,8,1,0,16,0,500,0.001684,nodeq=54 threadq=8 nodeprio=1 threadprio=1
DATA,xy,reconverse,8,1,0,16,0,500,0.001639,nodeq=51 threadq=11 nodeprio=1 threadprio=1
DATA,xy,reconverse,8,1,1,14,2,500,0.001644,nodeq=31 threadq=31 nodeprio=1 threadprio=1
DATA,xy,reconverse,8,1,1,14,2,500,0.001638,nodeq=31 threadq=31 nodeprio=1 threadprio=1
DATA,xy,reconverse,8,1,1,14,2,500,0.001632,nodeq=31 threadq=31 nodeprio=1 threadprio=1
DATA,xy,reconverse,8,1,1,14,2,500,0.001614,nodeq=31 threadq=31 nodeprio=1 threadprio=1
DATA,xy,reconverse,8,1,2,12,4,500,0.001629,nodeq=31 threadq=31 nodeprio=1 threadprio=1
DATA,xy,reconverse,8,1,2,12,4,500,0.001612,nodeq=31 threadq=31 nodeprio=1 threadprio=1
DATA,xy,reconverse,8,1,2,12,4,500,0.001623,nodeq=31 threadq=31 nodeprio=1 threadprio=1
DATA,xy,reconverse,8,1,2,12,4,500,0.001623,nodeq=31 threadq=31 nodeprio=1 threadprio=1
DATA,xy,reconverse,8,1,3,10,6,500,0.001625,nodeq=31 threadq=31 nodeprio=1 threadprio=1
DATA,xy,reconverse,8,1,3,10,6,500,0.001618,nodeq=31 threadq=31 nodeprio=1 threadprio=1
DATA,xy,reconverse,8,1,3,10,6,500,0.001626,nodeq=31 threadq=31 nodeprio=1 threadprio=1
DATA,xy,reconverse,8,1,3,10,6,500,0.001631,nodeq=31 threadq=31 nodeprio=1 threadprio=1
DATA,xy,reconverse,8,1,4,8,8,500,0.001621,nodeq=31 threadq=31 nodeprio=1 threadprio=1
DATA,xy,reconverse,8,1,4,8,8,500,0.001611,nodeq=31 threadq=31 nodeprio=1 threadprio=1
DATA,xy,reconverse,8,1,4,8,8,500,0.001592,nodeq=31 threadq=31 nodeprio=1 threadprio=1
DATA,xy,reconverse,8,1,4,8,8,500,0.001631,nodeq=31 threadq=31 nodeprio=1 threadprio=1
DATA,xy,reconverse,8,1,5,6,10,500,0.001655,nodeq=31 threadq=31 nodeprio=1 threadprio=1
DATA,xy,reconverse,8,1,5,6,10,500,0.001616,nodeq=31 threadq=31 nodeprio=1 threadprio=1
DATA,xy,reconverse,8,1,5,6,10,500,0.001640,nodeq=31 threadq=31 nodeprio=1 threadprio=1
DATA,xy,reconverse,8,1,5,6,10,500,0.001614,nodeq=31 threadq=31 nodeprio=1 threadprio=1
DATA,xy,reconverse,8,1,6,4,12,500,0.001623,nodeq=31 threadq=31 nodeprio=1 threadprio=1
DATA,xy,reconverse,8,1,6,4,12,500,0.001638,nodeq=31 threadq=31 nodeprio=1 threadprio=1
DATA,xy,reconverse,8,1,6,4,12,500,0.001623,nodeq=31 threadq=31 nodeprio=1 threadprio=1
DATA,xy,reconverse,8,1,6,4,12,500,0.001634,nodeq=31 threadq=31 nodeprio=1 threadprio=1
DATA,xy,reconverse,8,1,7,2,14,500,0.001651,nodeq=31 threadq=31 nodeprio=1 threadprio=1
DATA,xy,reconverse,8,1,7,2,14,500,0.001646,nodeq=31 threadq=31 nodeprio=1 threadprio=1
DATA,xy,reconverse,8,1,7,2,14,500,0.001647,nodeq=31 threadq=31 nodeprio=1 threadprio=1
DATA,xy,reconverse,8,1,7,2,14,500,0.001653,nodeq=31 threadq=31 nodeprio=1 threadprio=1
DATA,xy,reconverse,8,1,8,0,16,500,0.000099,nodeq=1 threadq=61 nodeprio=1 threadprio=1
DATA,xy,reconverse,8,1,8,0,16,500,0.000100,nodeq=1 threadq=61 nodeprio=1 threadprio=1
DATA,xy,reconverse,8,1,8,0,16,500,0.000098,nodeq=1 threadq=61 nodeprio=1 threadprio=1
DATA,xy,reconverse,8,1,8,0,16,500,0.000098,nodeq=1 threadq=61 nodeprio=1 threadprio=1
=== xy cfg static pes 8 rep 1 ===
Charm++> Running in SMP mode on 1 nodes and 8 PEs
adapt_xy: layer=reconverse pes=8 adaptive=0 m=500 iters=5 phases_per_step=4 steps=9 x0=16 y0=0 dx=-2 dy=2
Format: DATA,xy,{layer},{pes},{adaptive},{step},{x},{y},{m},{mean iter s},{slots}
DATA,xy,reconverse,8,0,0,16,0,500,0.001804,nodeq=3 threadq=29 nodeprio=3 threadprio=29
DATA,xy,reconverse,8,0,0,16,0,500,0.001796,nodeq=3 threadq=29 nodeprio=3 threadprio=29
DATA,xy,reconverse,8,0,0,16,0,500,0.001788,nodeq=3 threadq=29 nodeprio=3 threadprio=29
DATA,xy,reconverse,8,0,0,16,0,500,0.001777,nodeq=3 threadq=29 nodeprio=3 threadprio=29
DATA,xy,reconverse,8,0,1,14,2,500,0.001815,nodeq=3 threadq=29 nodeprio=3 threadprio=29
DATA,xy,reconverse,8,0,1,14,2,500,0.001780,nodeq=3 threadq=29 nodeprio=3 threadprio=29
DATA,xy,reconverse,8,0,1,14,2,500,0.001778,nodeq=3 threadq=29 nodeprio=3 threadprio=29
DATA,xy,reconverse,8,0,1,14,2,500,0.001808,nodeq=3 threadq=29 nodeprio=3 threadprio=29
DATA,xy,reconverse,8,0,2,12,4,500,0.001766,nodeq=3 threadq=29 nodeprio=3 threadprio=29
DATA,xy,reconverse,8,0,2,12,4,500,0.001803,nodeq=3 threadq=29 nodeprio=3 threadprio=29
DATA,xy,reconverse,8,0,2,12,4,500,0.001808,nodeq=3 threadq=29 nodeprio=3 threadprio=29
DATA,xy,reconverse,8,0,2,12,4,500,0.001811,nodeq=3 threadq=29 nodeprio=3 threadprio=29
DATA,xy,reconverse,8,0,3,10,6,500,0.001804,nodeq=3 threadq=29 nodeprio=3 threadprio=29
DATA,xy,reconverse,8,0,3,10,6,500,0.001783,nodeq=3 threadq=29 nodeprio=3 threadprio=29
DATA,xy,reconverse,8,0,3,10,6,500,0.001806,nodeq=3 threadq=29 nodeprio=3 threadprio=29
DATA,xy,reconverse,8,0,3,10,6,500,0.001785,nodeq=3 threadq=29 nodeprio=3 threadprio=29
DATA,xy,reconverse,8,0,4,8,8,500,0.001788,nodeq=3 threadq=29 nodeprio=3 threadprio=29
DATA,xy,reconverse,8,0,4,8,8,500,0.001817,nodeq=3 threadq=29 nodeprio=3 threadprio=29
DATA,xy,reconverse,8,0,4,8,8,500,0.001800,nodeq=3 threadq=29 nodeprio=3 threadprio=29
DATA,xy,reconverse,8,0,4,8,8,500,0.001772,nodeq=3 threadq=29 nodeprio=3 threadprio=29
DATA,xy,reconverse,8,0,5,6,10,500,0.001787,nodeq=3 threadq=29 nodeprio=3 threadprio=29
DATA,xy,reconverse,8,0,5,6,10,500,0.001798,nodeq=3 threadq=29 nodeprio=3 threadprio=29
DATA,xy,reconverse,8,0,5,6,10,500,0.001799,nodeq=3 threadq=29 nodeprio=3 threadprio=29
DATA,xy,reconverse,8,0,5,6,10,500,0.001809,nodeq=3 threadq=29 nodeprio=3 threadprio=29
DATA,xy,reconverse,8,0,6,4,12,500,0.001769,nodeq=3 threadq=29 nodeprio=3 threadprio=29
DATA,xy,reconverse,8,0,6,4,12,500,0.001786,nodeq=3 threadq=29 nodeprio=3 threadprio=29
DATA,xy,reconverse,8,0,6,4,12,500,0.001801,nodeq=3 threadq=29 nodeprio=3 threadprio=29
DATA,xy,reconverse,8,0,6,4,12,500,0.001777,nodeq=3 threadq=29 nodeprio=3 threadprio=29
DATA,xy,reconverse,8,0,7,2,14,500,0.001779,nodeq=3 threadq=29 nodeprio=3 threadprio=29
DATA,xy,reconverse,8,0,7,2,14,500,0.001790,nodeq=3 threadq=29 nodeprio=3 threadprio=29
DATA,xy,reconverse,8,0,7,2,14,500,0.001783,nodeq=3 threadq=29 nodeprio=3 threadprio=29
DATA,xy,reconverse,8,0,7,2,14,500,0.001785,nodeq=3 threadq=29 nodeprio=3 threadprio=29
DATA,xy,reconverse,8,0,8,0,16,500,0.000115,nodeq=3 threadq=29 nodeprio=3 threadprio=29
DATA,xy,reconverse,8,0,8,0,16,500,0.000115,nodeq=3 threadq=29 nodeprio=3 threadprio=29
DATA,xy,reconverse,8,0,8,0,16,500,0.000116,nodeq=3 threadq=29 nodeprio=3 threadprio=29
DATA,xy,reconverse,8,0,8,0,16,500,0.000113,nodeq=3 threadq=29 nodeprio=3 threadprio=29
=== xy cfg converse pes 8 rep 1 ===
Charm++> Running on MPI library: MPI VERSION    : CRAY MPICH version 8.1.32.110 (ANL base 3.4a2)
MPI BUILD INFO : Thu Feb 06 22:53 2025 (git hash f9c5634)
 (MPI standard: 3.1)
Charm++> Level of thread support used: MPI_THREAD_FUNNELED (desired: MPI_THREAD_FUNNELED)
Charm++> Running in SMP mode: 1 processes, 8 worker threads (PEs) + 1 comm threads per process, 8 PEs total
Charm++> The comm. thread both sends and receives messages
Converse/Charm++ Commit ID: v8.0.1-devel-36-g3c3086b33
adapt_xy: layer=converse pes=8 adaptive=-1 m=500 iters=5 phases_per_step=4 steps=9 x0=16 y0=0 dx=-2 dy=2
Format: DATA,xy,{layer},{pes},{adaptive},{step},{x},{y},{m},{mean iter s},{slots}
DATA,xy,converse,8,-1,0,16,0,500,0.010817,n/a
DATA,xy,converse,8,-1,0,16,0,500,0.008796,n/a
DATA,xy,converse,8,-1,0,16,0,500,0.005681,n/a
DATA,xy,converse,8,-1,0,16,0,500,0.005670,n/a
DATA,xy,converse,8,-1,1,14,2,500,0.005898,n/a
DATA,xy,converse,8,-1,1,14,2,500,0.005959,n/a
DATA,xy,converse,8,-1,1,14,2,500,0.005831,n/a
DATA,xy,converse,8,-1,1,14,2,500,0.005671,n/a
DATA,xy,converse,8,-1,2,12,4,500,0.005660,n/a
DATA,xy,converse,8,-1,2,12,4,500,0.005319,n/a
DATA,xy,converse,8,-1,2,12,4,500,0.005615,n/a
DATA,xy,converse,8,-1,2,12,4,500,0.005831,n/a
DATA,xy,converse,8,-1,3,10,6,500,0.005648,n/a
DATA,xy,converse,8,-1,3,10,6,500,0.005567,n/a
DATA,xy,converse,8,-1,3,10,6,500,0.005795,n/a
DATA,xy,converse,8,-1,3,10,6,500,0.005677,n/a
DATA,xy,converse,8,-1,4,8,8,500,0.005687,n/a
DATA,xy,converse,8,-1,4,8,8,500,0.005796,n/a
DATA,xy,converse,8,-1,4,8,8,500,0.005295,n/a
DATA,xy,converse,8,-1,4,8,8,500,0.005554,n/a
DATA,xy,converse,8,-1,5,6,10,500,0.005465,n/a
DATA,xy,converse,8,-1,5,6,10,500,0.005884,n/a
DATA,xy,converse,8,-1,5,6,10,500,0.005521,n/a
DATA,xy,converse,8,-1,5,6,10,500,0.005498,n/a
DATA,xy,converse,8,-1,6,4,12,500,0.006273,n/a
DATA,xy,converse,8,-1,6,4,12,500,0.005680,n/a
DATA,xy,converse,8,-1,6,4,12,500,0.005900,n/a
DATA,xy,converse,8,-1,6,4,12,500,0.005896,n/a
DATA,xy,converse,8,-1,7,2,14,500,0.005625,n/a
DATA,xy,converse,8,-1,7,2,14,500,0.005788,n/a
DATA,xy,converse,8,-1,7,2,14,500,0.005444,n/a
DATA,xy,converse,8,-1,7,2,14,500,0.005481,n/a
DATA,xy,converse,8,-1,8,0,16,500,0.000393,n/a
DATA,xy,converse,8,-1,8,0,16,500,0.000396,n/a
DATA,xy,converse,8,-1,8,0,16,500,0.000400,n/a
DATA,xy,converse,8,-1,8,0,16,500,0.000401,n/a
[Partition 0][Node 0] End of program
=== xy cfg adaptive pes 4 rep 2 ===
Charm++> Running in SMP mode on 1 nodes and 4 PEs
adapt_xy: layer=reconverse pes=4 adaptive=1 m=500 iters=5 phases_per_step=4 steps=9 x0=16 y0=0 dx=-2 dy=2
Format: DATA,xy,{layer},{pes},{adaptive},{step},{x},{y},{m},{mean iter s},{slots}
DATA,xy,reconverse,4,1,0,16,0,500,0.000426,nodeq=51 threadq=11 nodeprio=1 threadprio=1
DATA,xy,reconverse,4,1,0,16,0,500,0.000417,nodeq=53 threadq=9 nodeprio=1 threadprio=1
DATA,xy,reconverse,4,1,0,16,0,500,0.000428,nodeq=57 threadq=5 nodeprio=1 threadprio=1
DATA,xy,reconverse,4,1,0,16,0,500,0.000427,nodeq=56 threadq=6 nodeprio=1 threadprio=1
DATA,xy,reconverse,4,1,1,14,2,500,0.000456,nodeq=34 threadq=28 nodeprio=1 threadprio=1
DATA,xy,reconverse,4,1,1,14,2,500,0.000447,nodeq=32 threadq=30 nodeprio=1 threadprio=1
DATA,xy,reconverse,4,1,1,14,2,500,0.000455,nodeq=31 threadq=31 nodeprio=1 threadprio=1
DATA,xy,reconverse,4,1,1,14,2,500,0.000450,nodeq=31 threadq=31 nodeprio=1 threadprio=1
DATA,xy,reconverse,4,1,2,12,4,500,0.000455,nodeq=31 threadq=31 nodeprio=1 threadprio=1
DATA,xy,reconverse,4,1,2,12,4,500,0.000451,nodeq=31 threadq=31 nodeprio=1 threadprio=1
DATA,xy,reconverse,4,1,2,12,4,500,0.000453,nodeq=31 threadq=31 nodeprio=1 threadprio=1
DATA,xy,reconverse,4,1,2,12,4,500,0.000453,nodeq=31 threadq=31 nodeprio=1 threadprio=1
DATA,xy,reconverse,4,1,3,10,6,500,0.000454,nodeq=31 threadq=31 nodeprio=1 threadprio=1
DATA,xy,reconverse,4,1,3,10,6,500,0.000449,nodeq=31 threadq=31 nodeprio=1 threadprio=1
DATA,xy,reconverse,4,1,3,10,6,500,0.000447,nodeq=31 threadq=31 nodeprio=1 threadprio=1
DATA,xy,reconverse,4,1,3,10,6,500,0.000451,nodeq=31 threadq=31 nodeprio=1 threadprio=1
DATA,xy,reconverse,4,1,4,8,8,500,0.000448,nodeq=31 threadq=31 nodeprio=1 threadprio=1
DATA,xy,reconverse,4,1,4,8,8,500,0.000446,nodeq=31 threadq=31 nodeprio=1 threadprio=1
DATA,xy,reconverse,4,1,4,8,8,500,0.000452,nodeq=31 threadq=31 nodeprio=1 threadprio=1
DATA,xy,reconverse,4,1,4,8,8,500,0.000448,nodeq=31 threadq=31 nodeprio=1 threadprio=1
DATA,xy,reconverse,4,1,5,6,10,500,0.000448,nodeq=31 threadq=31 nodeprio=1 threadprio=1
DATA,xy,reconverse,4,1,5,6,10,500,0.000444,nodeq=31 threadq=31 nodeprio=1 threadprio=1
DATA,xy,reconverse,4,1,5,6,10,500,0.000445,nodeq=31 threadq=31 nodeprio=1 threadprio=1
DATA,xy,reconverse,4,1,5,6,10,500,0.000444,nodeq=31 threadq=31 nodeprio=1 threadprio=1
DATA,xy,reconverse,4,1,6,4,12,500,0.000445,nodeq=31 threadq=31 nodeprio=1 threadprio=1
DATA,xy,reconverse,4,1,6,4,12,500,0.000444,nodeq=31 threadq=31 nodeprio=1 threadprio=1
DATA,xy,reconverse,4,1,6,4,12,500,0.000446,nodeq=31 threadq=31 nodeprio=1 threadprio=1
DATA,xy,reconverse,4,1,6,4,12,500,0.000454,nodeq=30 threadq=32 nodeprio=1 threadprio=1
DATA,xy,reconverse,4,1,7,2,14,500,0.000450,nodeq=32 threadq=30 nodeprio=1 threadprio=1
DATA,xy,reconverse,4,1,7,2,14,500,0.000448,nodeq=30 threadq=32 nodeprio=1 threadprio=1
DATA,xy,reconverse,4,1,7,2,14,500,0.000450,nodeq=32 threadq=30 nodeprio=1 threadprio=1
DATA,xy,reconverse,4,1,7,2,14,500,0.000447,nodeq=30 threadq=32 nodeprio=1 threadprio=1
DATA,xy,reconverse,4,1,8,0,16,500,0.000072,nodeq=1 threadq=61 nodeprio=1 threadprio=1
DATA,xy,reconverse,4,1,8,0,16,500,0.000072,nodeq=1 threadq=61 nodeprio=1 threadprio=1
DATA,xy,reconverse,4,1,8,0,16,500,0.000071,nodeq=1 threadq=61 nodeprio=1 threadprio=1
DATA,xy,reconverse,4,1,8,0,16,500,0.000071,nodeq=1 threadq=61 nodeprio=1 threadprio=1
=== xy cfg hitrate pes 4 rep 2 ===
Charm++> Running in SMP mode on 1 nodes and 4 PEs
adapt_xy: layer=reconverse pes=4 adaptive=1 m=500 iters=5 phases_per_step=4 steps=9 x0=16 y0=0 dx=-2 dy=2
Format: DATA,xy,{layer},{pes},{adaptive},{step},{x},{y},{m},{mean iter s},{slots}
DATA,xy,reconverse,4,1,0,16,0,500,0.000367,nodeq=52 threadq=10 nodeprio=1 threadprio=1
DATA,xy,reconverse,4,1,0,16,0,500,0.000355,nodeq=53 threadq=9 nodeprio=1 threadprio=1
DATA,xy,reconverse,4,1,0,16,0,500,0.000375,nodeq=57 threadq=5 nodeprio=1 threadprio=1
DATA,xy,reconverse,4,1,0,16,0,500,0.000364,nodeq=56 threadq=6 nodeprio=1 threadprio=1
DATA,xy,reconverse,4,1,1,14,2,500,0.000379,nodeq=30 threadq=32 nodeprio=1 threadprio=1
DATA,xy,reconverse,4,1,1,14,2,500,0.000356,nodeq=31 threadq=31 nodeprio=1 threadprio=1
DATA,xy,reconverse,4,1,1,14,2,500,0.000384,nodeq=31 threadq=31 nodeprio=1 threadprio=1
DATA,xy,reconverse,4,1,1,14,2,500,0.000349,nodeq=31 threadq=31 nodeprio=1 threadprio=1
DATA,xy,reconverse,4,1,2,12,4,500,0.000348,nodeq=31 threadq=31 nodeprio=1 threadprio=1
DATA,xy,reconverse,4,1,2,12,4,500,0.000350,nodeq=31 threadq=31 nodeprio=1 threadprio=1
DATA,xy,reconverse,4,1,2,12,4,500,0.000343,nodeq=31 threadq=31 nodeprio=1 threadprio=1
DATA,xy,reconverse,4,1,2,12,4,500,0.000376,nodeq=31 threadq=31 nodeprio=1 threadprio=1
DATA,xy,reconverse,4,1,3,10,6,500,0.000349,nodeq=31 threadq=31 nodeprio=1 threadprio=1
DATA,xy,reconverse,4,1,3,10,6,500,0.000348,nodeq=31 threadq=31 nodeprio=1 threadprio=1
DATA,xy,reconverse,4,1,3,10,6,500,0.000343,nodeq=31 threadq=31 nodeprio=1 threadprio=1
DATA,xy,reconverse,4,1,3,10,6,500,0.000342,nodeq=31 threadq=31 nodeprio=1 threadprio=1
DATA,xy,reconverse,4,1,4,8,8,500,0.000352,nodeq=31 threadq=31 nodeprio=1 threadprio=1
DATA,xy,reconverse,4,1,4,8,8,500,0.000341,nodeq=31 threadq=31 nodeprio=1 threadprio=1
DATA,xy,reconverse,4,1,4,8,8,500,0.000346,nodeq=30 threadq=32 nodeprio=1 threadprio=1
DATA,xy,reconverse,4,1,4,8,8,500,0.000342,nodeq=31 threadq=31 nodeprio=1 threadprio=1
DATA,xy,reconverse,4,1,5,6,10,500,0.000346,nodeq=31 threadq=31 nodeprio=1 threadprio=1
DATA,xy,reconverse,4,1,5,6,10,500,0.000340,nodeq=31 threadq=31 nodeprio=1 threadprio=1
DATA,xy,reconverse,4,1,5,6,10,500,0.000341,nodeq=31 threadq=31 nodeprio=1 threadprio=1
DATA,xy,reconverse,4,1,5,6,10,500,0.000343,nodeq=31 threadq=31 nodeprio=1 threadprio=1
DATA,xy,reconverse,4,1,6,4,12,500,0.000344,nodeq=31 threadq=31 nodeprio=1 threadprio=1
DATA,xy,reconverse,4,1,6,4,12,500,0.000341,nodeq=31 threadq=31 nodeprio=1 threadprio=1
DATA,xy,reconverse,4,1,6,4,12,500,0.000339,nodeq=31 threadq=31 nodeprio=1 threadprio=1
DATA,xy,reconverse,4,1,6,4,12,500,0.000343,nodeq=31 threadq=31 nodeprio=1 threadprio=1
DATA,xy,reconverse,4,1,7,2,14,500,0.000345,nodeq=30 threadq=32 nodeprio=1 threadprio=1
DATA,xy,reconverse,4,1,7,2,14,500,0.000347,nodeq=30 threadq=32 nodeprio=1 threadprio=1
DATA,xy,reconverse,4,1,7,2,14,500,0.000340,nodeq=31 threadq=31 nodeprio=1 threadprio=1
DATA,xy,reconverse,4,1,7,2,14,500,0.000343,nodeq=30 threadq=32 nodeprio=1 threadprio=1
DATA,xy,reconverse,4,1,8,0,16,500,0.000074,nodeq=1 threadq=61 nodeprio=1 threadprio=1
DATA,xy,reconverse,4,1,8,0,16,500,0.000072,nodeq=1 threadq=61 nodeprio=1 threadprio=1
DATA,xy,reconverse,4,1,8,0,16,500,0.000075,nodeq=1 threadq=61 nodeprio=1 threadprio=1
DATA,xy,reconverse,4,1,8,0,16,500,0.000072,nodeq=1 threadq=61 nodeprio=1 threadprio=1
=== xy cfg static pes 4 rep 2 ===
Charm++> Running in SMP mode on 1 nodes and 4 PEs
adapt_xy: layer=reconverse pes=4 adaptive=0 m=500 iters=5 phases_per_step=4 steps=9 x0=16 y0=0 dx=-2 dy=2
Format: DATA,xy,{layer},{pes},{adaptive},{step},{x},{y},{m},{mean iter s},{slots}
DATA,xy,reconverse,4,0,0,16,0,500,0.000442,nodeq=3 threadq=29 nodeprio=3 threadprio=29
DATA,xy,reconverse,4,0,0,16,0,500,0.000441,nodeq=3 threadq=29 nodeprio=3 threadprio=29
DATA,xy,reconverse,4,0,0,16,0,500,0.000454,nodeq=3 threadq=29 nodeprio=3 threadprio=29
DATA,xy,reconverse,4,0,0,16,0,500,0.000443,nodeq=3 threadq=29 nodeprio=3 threadprio=29
DATA,xy,reconverse,4,0,1,14,2,500,0.000528,nodeq=3 threadq=29 nodeprio=3 threadprio=29
DATA,xy,reconverse,4,0,1,14,2,500,0.000487,nodeq=3 threadq=29 nodeprio=3 threadprio=29
DATA,xy,reconverse,4,0,1,14,2,500,0.000488,nodeq=3 threadq=29 nodeprio=3 threadprio=29
DATA,xy,reconverse,4,0,1,14,2,500,0.000488,nodeq=3 threadq=29 nodeprio=3 threadprio=29
DATA,xy,reconverse,4,0,2,12,4,500,0.000488,nodeq=3 threadq=29 nodeprio=3 threadprio=29
DATA,xy,reconverse,4,0,2,12,4,500,0.000493,nodeq=3 threadq=29 nodeprio=3 threadprio=29
DATA,xy,reconverse,4,0,2,12,4,500,0.000489,nodeq=3 threadq=29 nodeprio=3 threadprio=29
DATA,xy,reconverse,4,0,2,12,4,500,0.000489,nodeq=3 threadq=29 nodeprio=3 threadprio=29
DATA,xy,reconverse,4,0,3,10,6,500,0.000489,nodeq=3 threadq=29 nodeprio=3 threadprio=29
DATA,xy,reconverse,4,0,3,10,6,500,0.000491,nodeq=3 threadq=29 nodeprio=3 threadprio=29
DATA,xy,reconverse,4,0,3,10,6,500,0.000488,nodeq=3 threadq=29 nodeprio=3 threadprio=29
DATA,xy,reconverse,4,0,3,10,6,500,0.000486,nodeq=3 threadq=29 nodeprio=3 threadprio=29
DATA,xy,reconverse,4,0,4,8,8,500,0.000488,nodeq=3 threadq=29 nodeprio=3 threadprio=29
DATA,xy,reconverse,4,0,4,8,8,500,0.000486,nodeq=3 threadq=29 nodeprio=3 threadprio=29
DATA,xy,reconverse,4,0,4,8,8,500,0.000489,nodeq=3 threadq=29 nodeprio=3 threadprio=29
DATA,xy,reconverse,4,0,4,8,8,500,0.000487,nodeq=3 threadq=29 nodeprio=3 threadprio=29
DATA,xy,reconverse,4,0,5,6,10,500,0.000486,nodeq=3 threadq=29 nodeprio=3 threadprio=29
DATA,xy,reconverse,4,0,5,6,10,500,0.000487,nodeq=3 threadq=29 nodeprio=3 threadprio=29
DATA,xy,reconverse,4,0,5,6,10,500,0.000487,nodeq=3 threadq=29 nodeprio=3 threadprio=29
DATA,xy,reconverse,4,0,5,6,10,500,0.000484,nodeq=3 threadq=29 nodeprio=3 threadprio=29
DATA,xy,reconverse,4,0,6,4,12,500,0.000483,nodeq=3 threadq=29 nodeprio=3 threadprio=29
DATA,xy,reconverse,4,0,6,4,12,500,0.000483,nodeq=3 threadq=29 nodeprio=3 threadprio=29
DATA,xy,reconverse,4,0,6,4,12,500,0.000485,nodeq=3 threadq=29 nodeprio=3 threadprio=29
DATA,xy,reconverse,4,0,6,4,12,500,0.000489,nodeq=3 threadq=29 nodeprio=3 threadprio=29
DATA,xy,reconverse,4,0,7,2,14,500,0.000484,nodeq=3 threadq=29 nodeprio=3 threadprio=29
DATA,xy,reconverse,4,0,7,2,14,500,0.000487,nodeq=3 threadq=29 nodeprio=3 threadprio=29
DATA,xy,reconverse,4,0,7,2,14,500,0.000490,nodeq=3 threadq=29 nodeprio=3 threadprio=29
DATA,xy,reconverse,4,0,7,2,14,500,0.000485,nodeq=3 threadq=29 nodeprio=3 threadprio=29
DATA,xy,reconverse,4,0,8,0,16,500,0.000078,nodeq=3 threadq=29 nodeprio=3 threadprio=29
DATA,xy,reconverse,4,0,8,0,16,500,0.000077,nodeq=3 threadq=29 nodeprio=3 threadprio=29
DATA,xy,reconverse,4,0,8,0,16,500,0.000079,nodeq=3 threadq=29 nodeprio=3 threadprio=29
DATA,xy,reconverse,4,0,8,0,16,500,0.000079,nodeq=3 threadq=29 nodeprio=3 threadprio=29
=== xy cfg converse pes 4 rep 2 ===
Charm++> Running on MPI library: MPI VERSION    : CRAY MPICH version 8.1.32.110 (ANL base 3.4a2)
MPI BUILD INFO : Thu Feb 06 22:53 2025 (git hash f9c5634)
 (MPI standard: 3.1)
Charm++> Level of thread support used: MPI_THREAD_FUNNELED (desired: MPI_THREAD_FUNNELED)
Charm++> Running in SMP mode: 1 processes, 4 worker threads (PEs) + 1 comm threads per process, 4 PEs total
Charm++> The comm. thread both sends and receives messages
Converse/Charm++ Commit ID: v8.0.1-devel-36-g3c3086b33
adapt_xy: layer=converse pes=4 adaptive=-1 m=500 iters=5 phases_per_step=4 steps=9 x0=16 y0=0 dx=-2 dy=2
Format: DATA,xy,{layer},{pes},{adaptive},{step},{x},{y},{m},{mean iter s},{slots}
DATA,xy,converse,4,-1,0,16,0,500,0.001360,n/a
DATA,xy,converse,4,-1,0,16,0,500,0.001221,n/a
DATA,xy,converse,4,-1,0,16,0,500,0.001265,n/a
DATA,xy,converse,4,-1,0,16,0,500,0.001241,n/a
DATA,xy,converse,4,-1,1,14,2,500,0.001269,n/a
DATA,xy,converse,4,-1,1,14,2,500,0.001277,n/a
DATA,xy,converse,4,-1,1,14,2,500,0.001355,n/a
DATA,xy,converse,4,-1,1,14,2,500,0.001388,n/a
DATA,xy,converse,4,-1,2,12,4,500,0.001402,n/a
DATA,xy,converse,4,-1,2,12,4,500,0.001380,n/a
DATA,xy,converse,4,-1,2,12,4,500,0.001395,n/a
DATA,xy,converse,4,-1,2,12,4,500,0.001394,n/a
DATA,xy,converse,4,-1,3,10,6,500,0.001304,n/a
DATA,xy,converse,4,-1,3,10,6,500,0.001384,n/a
DATA,xy,converse,4,-1,3,10,6,500,0.001297,n/a
DATA,xy,converse,4,-1,3,10,6,500,0.001427,n/a
DATA,xy,converse,4,-1,4,8,8,500,0.001350,n/a
DATA,xy,converse,4,-1,4,8,8,500,0.001293,n/a
DATA,xy,converse,4,-1,4,8,8,500,0.001330,n/a
DATA,xy,converse,4,-1,4,8,8,500,0.001278,n/a
DATA,xy,converse,4,-1,5,6,10,500,0.001260,n/a
DATA,xy,converse,4,-1,5,6,10,500,0.001268,n/a
DATA,xy,converse,4,-1,5,6,10,500,0.001287,n/a
DATA,xy,converse,4,-1,5,6,10,500,0.001371,n/a
DATA,xy,converse,4,-1,6,4,12,500,0.001298,n/a
DATA,xy,converse,4,-1,6,4,12,500,0.001243,n/a
DATA,xy,converse,4,-1,6,4,12,500,0.001277,n/a
DATA,xy,converse,4,-1,6,4,12,500,0.001350,n/a
DATA,xy,converse,4,-1,7,2,14,500,0.001354,n/a
DATA,xy,converse,4,-1,7,2,14,500,0.001209,n/a
DATA,xy,converse,4,-1,7,2,14,500,0.001306,n/a
DATA,xy,converse,4,-1,7,2,14,500,0.001236,n/a
DATA,xy,converse,4,-1,8,0,16,500,0.000128,n/a
DATA,xy,converse,4,-1,8,0,16,500,0.000130,n/a
DATA,xy,converse,4,-1,8,0,16,500,0.000139,n/a
DATA,xy,converse,4,-1,8,0,16,500,0.000123,n/a
[Partition 0][Node 0] End of program
=== xy cfg adaptive pes 8 rep 2 ===
Charm++> Running in SMP mode on 1 nodes and 8 PEs
adapt_xy: layer=reconverse pes=8 adaptive=1 m=500 iters=5 phases_per_step=4 steps=9 x0=16 y0=0 dx=-2 dy=2
Format: DATA,xy,{layer},{pes},{adaptive},{step},{x},{y},{m},{mean iter s},{slots}
DATA,xy,reconverse,8,1,0,16,0,500,0.002095,nodeq=54 threadq=8 nodeprio=1 threadprio=1
DATA,xy,reconverse,8,1,0,16,0,500,0.001889,nodeq=59 threadq=3 nodeprio=1 threadprio=1
DATA,xy,reconverse,8,1,0,16,0,500,0.001858,nodeq=53 threadq=9 nodeprio=1 threadprio=1
DATA,xy,reconverse,8,1,0,16,0,500,0.002025,nodeq=46 threadq=16 nodeprio=1 threadprio=1
DATA,xy,reconverse,8,1,1,14,2,500,0.001938,nodeq=31 threadq=31 nodeprio=1 threadprio=1
DATA,xy,reconverse,8,1,1,14,2,500,0.001950,nodeq=31 threadq=31 nodeprio=1 threadprio=1
DATA,xy,reconverse,8,1,1,14,2,500,0.001970,nodeq=34 threadq=28 nodeprio=1 threadprio=1
DATA,xy,reconverse,8,1,1,14,2,500,0.001954,nodeq=31 threadq=31 nodeprio=1 threadprio=1
DATA,xy,reconverse,8,1,2,12,4,500,0.001940,nodeq=31 threadq=31 nodeprio=1 threadprio=1
DATA,xy,reconverse,8,1,2,12,4,500,0.001934,nodeq=31 threadq=31 nodeprio=1 threadprio=1
DATA,xy,reconverse,8,1,2,12,4,500,0.001955,nodeq=33 threadq=29 nodeprio=1 threadprio=1
DATA,xy,reconverse,8,1,2,12,4,500,0.001959,nodeq=31 threadq=31 nodeprio=1 threadprio=1
DATA,xy,reconverse,8,1,3,10,6,500,0.001956,nodeq=31 threadq=31 nodeprio=1 threadprio=1
DATA,xy,reconverse,8,1,3,10,6,500,0.001957,nodeq=31 threadq=31 nodeprio=1 threadprio=1
DATA,xy,reconverse,8,1,3,10,6,500,0.001956,nodeq=31 threadq=31 nodeprio=1 threadprio=1
DATA,xy,reconverse,8,1,3,10,6,500,0.001941,nodeq=32 threadq=30 nodeprio=1 threadprio=1
DATA,xy,reconverse,8,1,4,8,8,500,0.001936,nodeq=31 threadq=31 nodeprio=1 threadprio=1
DATA,xy,reconverse,8,1,4,8,8,500,0.001975,nodeq=31 threadq=31 nodeprio=1 threadprio=1
DATA,xy,reconverse,8,1,4,8,8,500,0.001943,nodeq=31 threadq=31 nodeprio=1 threadprio=1
DATA,xy,reconverse,8,1,4,8,8,500,0.001955,nodeq=31 threadq=31 nodeprio=1 threadprio=1
DATA,xy,reconverse,8,1,5,6,10,500,0.001948,nodeq=31 threadq=31 nodeprio=1 threadprio=1
DATA,xy,reconverse,8,1,5,6,10,500,0.001952,nodeq=31 threadq=31 nodeprio=1 threadprio=1
DATA,xy,reconverse,8,1,5,6,10,500,0.001948,nodeq=31 threadq=31 nodeprio=1 threadprio=1
DATA,xy,reconverse,8,1,5,6,10,500,0.001955,nodeq=31 threadq=31 nodeprio=1 threadprio=1
DATA,xy,reconverse,8,1,6,4,12,500,0.001947,nodeq=31 threadq=31 nodeprio=1 threadprio=1
DATA,xy,reconverse,8,1,6,4,12,500,0.001947,nodeq=32 threadq=30 nodeprio=1 threadprio=1
DATA,xy,reconverse,8,1,6,4,12,500,0.001946,nodeq=31 threadq=31 nodeprio=1 threadprio=1
DATA,xy,reconverse,8,1,6,4,12,500,0.001959,nodeq=31 threadq=31 nodeprio=1 threadprio=1
DATA,xy,reconverse,8,1,7,2,14,500,0.001926,nodeq=31 threadq=31 nodeprio=1 threadprio=1
DATA,xy,reconverse,8,1,7,2,14,500,0.001952,nodeq=32 threadq=30 nodeprio=1 threadprio=1
DATA,xy,reconverse,8,1,7,2,14,500,0.001956,nodeq=31 threadq=31 nodeprio=1 threadprio=1
DATA,xy,reconverse,8,1,7,2,14,500,0.001957,nodeq=31 threadq=31 nodeprio=1 threadprio=1
DATA,xy,reconverse,8,1,8,0,16,500,0.000077,nodeq=1 threadq=61 nodeprio=1 threadprio=1
DATA,xy,reconverse,8,1,8,0,16,500,0.000077,nodeq=1 threadq=61 nodeprio=1 threadprio=1
DATA,xy,reconverse,8,1,8,0,16,500,0.000076,nodeq=1 threadq=61 nodeprio=1 threadprio=1
DATA,xy,reconverse,8,1,8,0,16,500,0.000076,nodeq=1 threadq=61 nodeprio=1 threadprio=1
=== xy cfg hitrate pes 8 rep 2 ===
Charm++> Running in SMP mode on 1 nodes and 8 PEs
adapt_xy: layer=reconverse pes=8 adaptive=1 m=500 iters=5 phases_per_step=4 steps=9 x0=16 y0=0 dx=-2 dy=2
Format: DATA,xy,{layer},{pes},{adaptive},{step},{x},{y},{m},{mean iter s},{slots}
DATA,xy,reconverse,8,1,0,16,0,500,0.001637,nodeq=54 threadq=8 nodeprio=1 threadprio=1
DATA,xy,reconverse,8,1,0,16,0,500,0.001579,nodeq=54 threadq=8 nodeprio=1 threadprio=1
DATA,xy,reconverse,8,1,0,16,0,500,0.001554,nodeq=54 threadq=8 nodeprio=1 threadprio=1
DATA,xy,reconverse,8,1,0,16,0,500,0.001534,nodeq=52 threadq=10 nodeprio=1 threadprio=1
DATA,xy,reconverse,8,1,1,14,2,500,0.001532,nodeq=31 threadq=31 nodeprio=1 threadprio=1
DATA,xy,reconverse,8,1,1,14,2,500,0.001496,nodeq=31 threadq=31 nodeprio=1 threadprio=1
DATA,xy,reconverse,8,1,1,14,2,500,0.001498,nodeq=31 threadq=31 nodeprio=1 threadprio=1
DATA,xy,reconverse,8,1,1,14,2,500,0.001512,nodeq=31 threadq=31 nodeprio=1 threadprio=1
DATA,xy,reconverse,8,1,2,12,4,500,0.001508,nodeq=31 threadq=31 nodeprio=1 threadprio=1
DATA,xy,reconverse,8,1,2,12,4,500,0.001517,nodeq=31 threadq=31 nodeprio=1 threadprio=1
DATA,xy,reconverse,8,1,2,12,4,500,0.001502,nodeq=31 threadq=31 nodeprio=1 threadprio=1
DATA,xy,reconverse,8,1,2,12,4,500,0.001506,nodeq=32 threadq=30 nodeprio=1 threadprio=1
DATA,xy,reconverse,8,1,3,10,6,500,0.001485,nodeq=30 threadq=32 nodeprio=1 threadprio=1
DATA,xy,reconverse,8,1,3,10,6,500,0.001490,nodeq=31 threadq=31 nodeprio=1 threadprio=1
DATA,xy,reconverse,8,1,3,10,6,500,0.001519,nodeq=31 threadq=31 nodeprio=1 threadprio=1
DATA,xy,reconverse,8,1,3,10,6,500,0.001536,nodeq=31 threadq=31 nodeprio=1 threadprio=1
DATA,xy,reconverse,8,1,4,8,8,500,0.001520,nodeq=31 threadq=31 nodeprio=1 threadprio=1
DATA,xy,reconverse,8,1,4,8,8,500,0.001504,nodeq=31 threadq=31 nodeprio=1 threadprio=1
DATA,xy,reconverse,8,1,4,8,8,500,0.001505,nodeq=31 threadq=31 nodeprio=1 threadprio=1
DATA,xy,reconverse,8,1,4,8,8,500,0.001508,nodeq=31 threadq=31 nodeprio=1 threadprio=1
DATA,xy,reconverse,8,1,5,6,10,500,0.001509,nodeq=32 threadq=30 nodeprio=1 threadprio=1
DATA,xy,reconverse,8,1,5,6,10,500,0.001524,nodeq=31 threadq=31 nodeprio=1 threadprio=1
DATA,xy,reconverse,8,1,5,6,10,500,0.001536,nodeq=31 threadq=31 nodeprio=1 threadprio=1
DATA,xy,reconverse,8,1,5,6,10,500,0.001516,nodeq=31 threadq=31 nodeprio=1 threadprio=1
DATA,xy,reconverse,8,1,6,4,12,500,0.001517,nodeq=32 threadq=30 nodeprio=1 threadprio=1
DATA,xy,reconverse,8,1,6,4,12,500,0.001534,nodeq=31 threadq=31 nodeprio=1 threadprio=1
DATA,xy,reconverse,8,1,6,4,12,500,0.001528,nodeq=31 threadq=31 nodeprio=1 threadprio=1
DATA,xy,reconverse,8,1,6,4,12,500,0.001540,nodeq=31 threadq=31 nodeprio=1 threadprio=1
DATA,xy,reconverse,8,1,7,2,14,500,0.001524,nodeq=30 threadq=32 nodeprio=1 threadprio=1
DATA,xy,reconverse,8,1,7,2,14,500,0.001495,nodeq=30 threadq=32 nodeprio=1 threadprio=1
DATA,xy,reconverse,8,1,7,2,14,500,0.001516,nodeq=31 threadq=31 nodeprio=1 threadprio=1
DATA,xy,reconverse,8,1,7,2,14,500,0.001536,nodeq=31 threadq=31 nodeprio=1 threadprio=1
DATA,xy,reconverse,8,1,8,0,16,500,0.000116,nodeq=1 threadq=61 nodeprio=1 threadprio=1
DATA,xy,reconverse,8,1,8,0,16,500,0.000112,nodeq=1 threadq=61 nodeprio=1 threadprio=1
DATA,xy,reconverse,8,1,8,0,16,500,0.000112,nodeq=1 threadq=61 nodeprio=1 threadprio=1
DATA,xy,reconverse,8,1,8,0,16,500,0.000113,nodeq=1 threadq=61 nodeprio=1 threadprio=1
=== xy cfg static pes 8 rep 2 ===
Charm++> Running in SMP mode on 1 nodes and 8 PEs
adapt_xy: layer=reconverse pes=8 adaptive=0 m=500 iters=5 phases_per_step=4 steps=9 x0=16 y0=0 dx=-2 dy=2
Format: DATA,xy,{layer},{pes},{adaptive},{step},{x},{y},{m},{mean iter s},{slots}
DATA,xy,reconverse,8,0,0,16,0,500,0.001839,nodeq=3 threadq=29 nodeprio=3 threadprio=29
DATA,xy,reconverse,8,0,0,16,0,500,0.001819,nodeq=3 threadq=29 nodeprio=3 threadprio=29
DATA,xy,reconverse,8,0,0,16,0,500,0.001808,nodeq=3 threadq=29 nodeprio=3 threadprio=29
DATA,xy,reconverse,8,0,0,16,0,500,0.001810,nodeq=3 threadq=29 nodeprio=3 threadprio=29
DATA,xy,reconverse,8,0,1,14,2,500,0.001833,nodeq=3 threadq=29 nodeprio=3 threadprio=29
DATA,xy,reconverse,8,0,1,14,2,500,0.001865,nodeq=3 threadq=29 nodeprio=3 threadprio=29
DATA,xy,reconverse,8,0,1,14,2,500,0.001852,nodeq=3 threadq=29 nodeprio=3 threadprio=29
DATA,xy,reconverse,8,0,1,14,2,500,0.001878,nodeq=3 threadq=29 nodeprio=3 threadprio=29
DATA,xy,reconverse,8,0,2,12,4,500,0.001923,nodeq=3 threadq=29 nodeprio=3 threadprio=29
DATA,xy,reconverse,8,0,2,12,4,500,0.001934,nodeq=3 threadq=29 nodeprio=3 threadprio=29
DATA,xy,reconverse,8,0,2,12,4,500,0.001927,nodeq=3 threadq=29 nodeprio=3 threadprio=29
DATA,xy,reconverse,8,0,2,12,4,500,0.001913,nodeq=3 threadq=29 nodeprio=3 threadprio=29
DATA,xy,reconverse,8,0,3,10,6,500,0.001928,nodeq=3 threadq=29 nodeprio=3 threadprio=29
DATA,xy,reconverse,8,0,3,10,6,500,0.001850,nodeq=3 threadq=29 nodeprio=3 threadprio=29
DATA,xy,reconverse,8,0,3,10,6,500,0.001801,nodeq=3 threadq=29 nodeprio=3 threadprio=29
DATA,xy,reconverse,8,0,3,10,6,500,0.001799,nodeq=3 threadq=29 nodeprio=3 threadprio=29
DATA,xy,reconverse,8,0,4,8,8,500,0.001787,nodeq=3 threadq=29 nodeprio=3 threadprio=29
DATA,xy,reconverse,8,0,4,8,8,500,0.001839,nodeq=3 threadq=29 nodeprio=3 threadprio=29
DATA,xy,reconverse,8,0,4,8,8,500,0.001834,nodeq=3 threadq=29 nodeprio=3 threadprio=29
DATA,xy,reconverse,8,0,4,8,8,500,0.001836,nodeq=3 threadq=29 nodeprio=3 threadprio=29
DATA,xy,reconverse,8,0,5,6,10,500,0.001818,nodeq=3 threadq=29 nodeprio=3 threadprio=29
DATA,xy,reconverse,8,0,5,6,10,500,0.001805,nodeq=3 threadq=29 nodeprio=3 threadprio=29
DATA,xy,reconverse,8,0,5,6,10,500,0.001815,nodeq=3 threadq=29 nodeprio=3 threadprio=29
DATA,xy,reconverse,8,0,5,6,10,500,0.001834,nodeq=3 threadq=29 nodeprio=3 threadprio=29
DATA,xy,reconverse,8,0,6,4,12,500,0.001802,nodeq=3 threadq=29 nodeprio=3 threadprio=29
DATA,xy,reconverse,8,0,6,4,12,500,0.001822,nodeq=3 threadq=29 nodeprio=3 threadprio=29
DATA,xy,reconverse,8,0,6,4,12,500,0.001826,nodeq=3 threadq=29 nodeprio=3 threadprio=29
DATA,xy,reconverse,8,0,6,4,12,500,0.001825,nodeq=3 threadq=29 nodeprio=3 threadprio=29
DATA,xy,reconverse,8,0,7,2,14,500,0.001804,nodeq=3 threadq=29 nodeprio=3 threadprio=29
DATA,xy,reconverse,8,0,7,2,14,500,0.001797,nodeq=3 threadq=29 nodeprio=3 threadprio=29
DATA,xy,reconverse,8,0,7,2,14,500,0.001799,nodeq=3 threadq=29 nodeprio=3 threadprio=29
DATA,xy,reconverse,8,0,7,2,14,500,0.001803,nodeq=3 threadq=29 nodeprio=3 threadprio=29
DATA,xy,reconverse,8,0,8,0,16,500,0.000132,nodeq=3 threadq=29 nodeprio=3 threadprio=29
DATA,xy,reconverse,8,0,8,0,16,500,0.000127,nodeq=3 threadq=29 nodeprio=3 threadprio=29
DATA,xy,reconverse,8,0,8,0,16,500,0.000133,nodeq=3 threadq=29 nodeprio=3 threadprio=29
DATA,xy,reconverse,8,0,8,0,16,500,0.000126,nodeq=3 threadq=29 nodeprio=3 threadprio=29
=== xy cfg converse pes 8 rep 2 ===
Charm++> Running on MPI library: MPI VERSION    : CRAY MPICH version 8.1.32.110 (ANL base 3.4a2)
MPI BUILD INFO : Thu Feb 06 22:53 2025 (git hash f9c5634)
 (MPI standard: 3.1)
Charm++> Level of thread support used: MPI_THREAD_FUNNELED (desired: MPI_THREAD_FUNNELED)
Charm++> Running in SMP mode: 1 processes, 8 worker threads (PEs) + 1 comm threads per process, 8 PEs total
Charm++> The comm. thread both sends and receives messages
Converse/Charm++ Commit ID: v8.0.1-devel-36-g3c3086b33
adapt_xy: layer=converse pes=8 adaptive=-1 m=500 iters=5 phases_per_step=4 steps=9 x0=16 y0=0 dx=-2 dy=2
Format: DATA,xy,{layer},{pes},{adaptive},{step},{x},{y},{m},{mean iter s},{slots}
DATA,xy,converse,8,-1,0,16,0,500,0.006110,n/a
DATA,xy,converse,8,-1,0,16,0,500,0.005951,n/a
DATA,xy,converse,8,-1,0,16,0,500,0.006078,n/a
DATA,xy,converse,8,-1,0,16,0,500,0.005926,n/a
DATA,xy,converse,8,-1,1,14,2,500,0.006161,n/a
DATA,xy,converse,8,-1,1,14,2,500,0.006280,n/a
DATA,xy,converse,8,-1,1,14,2,500,0.006165,n/a
DATA,xy,converse,8,-1,1,14,2,500,0.005888,n/a
DATA,xy,converse,8,-1,2,12,4,500,0.006186,n/a
DATA,xy,converse,8,-1,2,12,4,500,0.006155,n/a
DATA,xy,converse,8,-1,2,12,4,500,0.006077,n/a
DATA,xy,converse,8,-1,2,12,4,500,0.006166,n/a
DATA,xy,converse,8,-1,3,10,6,500,0.006110,n/a
DATA,xy,converse,8,-1,3,10,6,500,0.006140,n/a
DATA,xy,converse,8,-1,3,10,6,500,0.006019,n/a
DATA,xy,converse,8,-1,3,10,6,500,0.006100,n/a
DATA,xy,converse,8,-1,4,8,8,500,0.006118,n/a
DATA,xy,converse,8,-1,4,8,8,500,0.006290,n/a
DATA,xy,converse,8,-1,4,8,8,500,0.005649,n/a
DATA,xy,converse,8,-1,4,8,8,500,0.006050,n/a
DATA,xy,converse,8,-1,5,6,10,500,0.006045,n/a
DATA,xy,converse,8,-1,5,6,10,500,0.005998,n/a
DATA,xy,converse,8,-1,5,6,10,500,0.005830,n/a
DATA,xy,converse,8,-1,5,6,10,500,0.006025,n/a
DATA,xy,converse,8,-1,6,4,12,500,0.005800,n/a
DATA,xy,converse,8,-1,6,4,12,500,0.006049,n/a
DATA,xy,converse,8,-1,6,4,12,500,0.006173,n/a
DATA,xy,converse,8,-1,6,4,12,500,0.006586,n/a
DATA,xy,converse,8,-1,7,2,14,500,0.006186,n/a
DATA,xy,converse,8,-1,7,2,14,500,0.006427,n/a
DATA,xy,converse,8,-1,7,2,14,500,0.006150,n/a
DATA,xy,converse,8,-1,7,2,14,500,0.006011,n/a
DATA,xy,converse,8,-1,8,0,16,500,0.000383,n/a
DATA,xy,converse,8,-1,8,0,16,500,0.000387,n/a
DATA,xy,converse,8,-1,8,0,16,500,0.000387,n/a
DATA,xy,converse,8,-1,8,0,16,500,0.000388,n/a
[Partition 0][Node 0] End of program
=== xy cfg adaptive pes 4 rep 3 ===
Charm++> Running in SMP mode on 1 nodes and 4 PEs
adapt_xy: layer=reconverse pes=4 adaptive=1 m=500 iters=5 phases_per_step=4 steps=9 x0=16 y0=0 dx=-2 dy=2
Format: DATA,xy,{layer},{pes},{adaptive},{step},{x},{y},{m},{mean iter s},{slots}
DATA,xy,reconverse,4,1,0,16,0,500,0.000494,nodeq=51 threadq=11 nodeprio=1 threadprio=1
DATA,xy,reconverse,4,1,0,16,0,500,0.000510,nodeq=53 threadq=9 nodeprio=1 threadprio=1
DATA,xy,reconverse,4,1,0,16,0,500,0.000470,nodeq=53 threadq=9 nodeprio=1 threadprio=1
DATA,xy,reconverse,4,1,0,16,0,500,0.000482,nodeq=58 threadq=4 nodeprio=1 threadprio=1
DATA,xy,reconverse,4,1,1,14,2,500,0.000535,nodeq=31 threadq=31 nodeprio=1 threadprio=1
DATA,xy,reconverse,4,1,1,14,2,500,0.000505,nodeq=31 threadq=31 nodeprio=1 threadprio=1
DATA,xy,reconverse,4,1,1,14,2,500,0.000518,nodeq=31 threadq=31 nodeprio=1 threadprio=1
DATA,xy,reconverse,4,1,1,14,2,500,0.000510,nodeq=31 threadq=31 nodeprio=1 threadprio=1
DATA,xy,reconverse,4,1,2,12,4,500,0.000507,nodeq=31 threadq=31 nodeprio=1 threadprio=1
DATA,xy,reconverse,4,1,2,12,4,500,0.000515,nodeq=31 threadq=31 nodeprio=1 threadprio=1
DATA,xy,reconverse,4,1,2,12,4,500,0.000505,nodeq=31 threadq=31 nodeprio=1 threadprio=1
DATA,xy,reconverse,4,1,2,12,4,500,0.000508,nodeq=31 threadq=31 nodeprio=1 threadprio=1
DATA,xy,reconverse,4,1,3,10,6,500,0.000516,nodeq=31 threadq=31 nodeprio=1 threadprio=1
DATA,xy,reconverse,4,1,3,10,6,500,0.000514,nodeq=31 threadq=31 nodeprio=1 threadprio=1
DATA,xy,reconverse,4,1,3,10,6,500,0.000514,nodeq=31 threadq=31 nodeprio=1 threadprio=1
DATA,xy,reconverse,4,1,3,10,6,500,0.000514,nodeq=31 threadq=31 nodeprio=1 threadprio=1
DATA,xy,reconverse,4,1,4,8,8,500,0.000499,nodeq=31 threadq=31 nodeprio=1 threadprio=1
DATA,xy,reconverse,4,1,4,8,8,500,0.000505,nodeq=31 threadq=31 nodeprio=1 threadprio=1
DATA,xy,reconverse,4,1,4,8,8,500,0.000506,nodeq=31 threadq=31 nodeprio=1 threadprio=1
DATA,xy,reconverse,4,1,4,8,8,500,0.000503,nodeq=31 threadq=31 nodeprio=1 threadprio=1
DATA,xy,reconverse,4,1,5,6,10,500,0.000501,nodeq=31 threadq=31 nodeprio=1 threadprio=1
DATA,xy,reconverse,4,1,5,6,10,500,0.000504,nodeq=31 threadq=31 nodeprio=1 threadprio=1
DATA,xy,reconverse,4,1,5,6,10,500,0.000514,nodeq=31 threadq=31 nodeprio=1 threadprio=1
DATA,xy,reconverse,4,1,5,6,10,500,0.000506,nodeq=30 threadq=32 nodeprio=1 threadprio=1
DATA,xy,reconverse,4,1,6,4,12,500,0.000501,nodeq=31 threadq=31 nodeprio=1 threadprio=1
DATA,xy,reconverse,4,1,6,4,12,500,0.000504,nodeq=31 threadq=31 nodeprio=1 threadprio=1
DATA,xy,reconverse,4,1,6,4,12,500,0.000510,nodeq=30 threadq=32 nodeprio=1 threadprio=1
DATA,xy,reconverse,4,1,6,4,12,500,0.000498,nodeq=31 threadq=31 nodeprio=1 threadprio=1
DATA,xy,reconverse,4,1,7,2,14,500,0.000500,nodeq=30 threadq=32 nodeprio=1 threadprio=1
DATA,xy,reconverse,4,1,7,2,14,500,0.000504,nodeq=31 threadq=31 nodeprio=1 threadprio=1
DATA,xy,reconverse,4,1,7,2,14,500,0.000506,nodeq=30 threadq=32 nodeprio=1 threadprio=1
DATA,xy,reconverse,4,1,7,2,14,500,0.000504,nodeq=31 threadq=31 nodeprio=1 threadprio=1
DATA,xy,reconverse,4,1,8,0,16,500,0.000082,nodeq=1 threadq=61 nodeprio=1 threadprio=1
DATA,xy,reconverse,4,1,8,0,16,500,0.000079,nodeq=1 threadq=61 nodeprio=1 threadprio=1
DATA,xy,reconverse,4,1,8,0,16,500,0.000081,nodeq=1 threadq=61 nodeprio=1 threadprio=1
DATA,xy,reconverse,4,1,8,0,16,500,0.000080,nodeq=1 threadq=61 nodeprio=1 threadprio=1
=== xy cfg hitrate pes 4 rep 3 ===
Charm++> Running in SMP mode on 1 nodes and 4 PEs
adapt_xy: layer=reconverse pes=4 adaptive=1 m=500 iters=5 phases_per_step=4 steps=9 x0=16 y0=0 dx=-2 dy=2
Format: DATA,xy,{layer},{pes},{adaptive},{step},{x},{y},{m},{mean iter s},{slots}
DATA,xy,reconverse,4,1,0,16,0,500,0.000460,nodeq=53 threadq=9 nodeprio=1 threadprio=1
DATA,xy,reconverse,4,1,0,16,0,500,0.000430,nodeq=51 threadq=11 nodeprio=1 threadprio=1
DATA,xy,reconverse,4,1,0,16,0,500,0.000428,nodeq=56 threadq=6 nodeprio=1 threadprio=1
DATA,xy,reconverse,4,1,0,16,0,500,0.000416,nodeq=53 threadq=9 nodeprio=1 threadprio=1
DATA,xy,reconverse,4,1,1,14,2,500,0.000402,nodeq=32 threadq=30 nodeprio=1 threadprio=1
DATA,xy,reconverse,4,1,1,14,2,500,0.000395,nodeq=31 threadq=31 nodeprio=1 threadprio=1
DATA,xy,reconverse,4,1,1,14,2,500,0.000384,nodeq=31 threadq=31 nodeprio=1 threadprio=1
DATA,xy,reconverse,4,1,1,14,2,500,0.000392,nodeq=31 threadq=31 nodeprio=1 threadprio=1
DATA,xy,reconverse,4,1,2,12,4,500,0.000383,nodeq=31 threadq=31 nodeprio=1 threadprio=1
DATA,xy,reconverse,4,1,2,12,4,500,0.000387,nodeq=31 threadq=31 nodeprio=1 threadprio=1
DATA,xy,reconverse,4,1,2,12,4,500,0.000388,nodeq=31 threadq=31 nodeprio=1 threadprio=1
DATA,xy,reconverse,4,1,2,12,4,500,0.000388,nodeq=31 threadq=31 nodeprio=1 threadprio=1
DATA,xy,reconverse,4,1,3,10,6,500,0.000386,nodeq=31 threadq=31 nodeprio=1 threadprio=1
DATA,xy,reconverse,4,1,3,10,6,500,0.000381,nodeq=31 threadq=31 nodeprio=1 threadprio=1
DATA,xy,reconverse,4,1,3,10,6,500,0.000383,nodeq=31 threadq=31 nodeprio=1 threadprio=1
DATA,xy,reconverse,4,1,3,10,6,500,0.000387,nodeq=31 threadq=31 nodeprio=1 threadprio=1
DATA,xy,reconverse,4,1,4,8,8,500,0.000396,nodeq=30 threadq=32 nodeprio=1 threadprio=1
DATA,xy,reconverse,4,1,4,8,8,500,0.000384,nodeq=30 threadq=32 nodeprio=1 threadprio=1
DATA,xy,reconverse,4,1,4,8,8,500,0.000386,nodeq=31 threadq=31 nodeprio=1 threadprio=1
DATA,xy,reconverse,4,1,4,8,8,500,0.000386,nodeq=31 threadq=31 nodeprio=1 threadprio=1
DATA,xy,reconverse,4,1,5,6,10,500,0.000386,nodeq=31 threadq=31 nodeprio=1 threadprio=1
DATA,xy,reconverse,4,1,5,6,10,500,0.000389,nodeq=31 threadq=31 nodeprio=1 threadprio=1
DATA,xy,reconverse,4,1,5,6,10,500,0.000386,nodeq=30 threadq=32 nodeprio=1 threadprio=1
DATA,xy,reconverse,4,1,5,6,10,500,0.000385,nodeq=32 threadq=30 nodeprio=1 threadprio=1
DATA,xy,reconverse,4,1,6,4,12,500,0.000383,nodeq=31 threadq=31 nodeprio=1 threadprio=1
DATA,xy,reconverse,4,1,6,4,12,500,0.000381,nodeq=31 threadq=31 nodeprio=1 threadprio=1
DATA,xy,reconverse,4,1,6,4,12,500,0.000378,nodeq=31 threadq=31 nodeprio=1 threadprio=1
DATA,xy,reconverse,4,1,6,4,12,500,0.000381,nodeq=31 threadq=31 nodeprio=1 threadprio=1
DATA,xy,reconverse,4,1,7,2,14,500,0.000381,nodeq=31 threadq=31 nodeprio=1 threadprio=1
DATA,xy,reconverse,4,1,7,2,14,500,0.000384,nodeq=31 threadq=31 nodeprio=1 threadprio=1
DATA,xy,reconverse,4,1,7,2,14,500,0.000384,nodeq=30 threadq=32 nodeprio=1 threadprio=1
DATA,xy,reconverse,4,1,7,2,14,500,0.000387,nodeq=31 threadq=31 nodeprio=1 threadprio=1
DATA,xy,reconverse,4,1,8,0,16,500,0.000076,nodeq=1 threadq=61 nodeprio=1 threadprio=1
DATA,xy,reconverse,4,1,8,0,16,500,0.000076,nodeq=1 threadq=61 nodeprio=1 threadprio=1
DATA,xy,reconverse,4,1,8,0,16,500,0.000076,nodeq=1 threadq=61 nodeprio=1 threadprio=1
DATA,xy,reconverse,4,1,8,0,16,500,0.000080,nodeq=1 threadq=61 nodeprio=1 threadprio=1
=== xy cfg static pes 4 rep 3 ===
Charm++> Running in SMP mode on 1 nodes and 4 PEs
adapt_xy: layer=reconverse pes=4 adaptive=0 m=500 iters=5 phases_per_step=4 steps=9 x0=16 y0=0 dx=-2 dy=2
Format: DATA,xy,{layer},{pes},{adaptive},{step},{x},{y},{m},{mean iter s},{slots}
DATA,xy,reconverse,4,0,0,16,0,500,0.000561,nodeq=3 threadq=29 nodeprio=3 threadprio=29
DATA,xy,reconverse,4,0,0,16,0,500,0.000526,nodeq=3 threadq=29 nodeprio=3 threadprio=29
DATA,xy,reconverse,4,0,0,16,0,500,0.000529,nodeq=3 threadq=29 nodeprio=3 threadprio=29
DATA,xy,reconverse,4,0,0,16,0,500,0.000519,nodeq=3 threadq=29 nodeprio=3 threadprio=29
DATA,xy,reconverse,4,0,1,14,2,500,0.000568,nodeq=3 threadq=29 nodeprio=3 threadprio=29
DATA,xy,reconverse,4,0,1,14,2,500,0.000566,nodeq=3 threadq=29 nodeprio=3 threadprio=29
DATA,xy,reconverse,4,0,1,14,2,500,0.000567,nodeq=3 threadq=29 nodeprio=3 threadprio=29
DATA,xy,reconverse,4,0,1,14,2,500,0.000571,nodeq=3 threadq=29 nodeprio=3 threadprio=29
DATA,xy,reconverse,4,0,2,12,4,500,0.000570,nodeq=3 threadq=29 nodeprio=3 threadprio=29
DATA,xy,reconverse,4,0,2,12,4,500,0.000569,nodeq=3 threadq=29 nodeprio=3 threadprio=29
DATA,xy,reconverse,4,0,2,12,4,500,0.000571,nodeq=3 threadq=29 nodeprio=3 threadprio=29
DATA,xy,reconverse,4,0,2,12,4,500,0.000559,nodeq=3 threadq=29 nodeprio=3 threadprio=29
DATA,xy,reconverse,4,0,3,10,6,500,0.000564,nodeq=3 threadq=29 nodeprio=3 threadprio=29
DATA,xy,reconverse,4,0,3,10,6,500,0.000562,nodeq=3 threadq=29 nodeprio=3 threadprio=29
DATA,xy,reconverse,4,0,3,10,6,500,0.000567,nodeq=3 threadq=29 nodeprio=3 threadprio=29
DATA,xy,reconverse,4,0,3,10,6,500,0.000570,nodeq=3 threadq=29 nodeprio=3 threadprio=29
DATA,xy,reconverse,4,0,4,8,8,500,0.000564,nodeq=3 threadq=29 nodeprio=3 threadprio=29
DATA,xy,reconverse,4,0,4,8,8,500,0.000563,nodeq=3 threadq=29 nodeprio=3 threadprio=29
DATA,xy,reconverse,4,0,4,8,8,500,0.000559,nodeq=3 threadq=29 nodeprio=3 threadprio=29
DATA,xy,reconverse,4,0,4,8,8,500,0.000562,nodeq=3 threadq=29 nodeprio=3 threadprio=29
DATA,xy,reconverse,4,0,5,6,10,500,0.000564,nodeq=3 threadq=29 nodeprio=3 threadprio=29
DATA,xy,reconverse,4,0,5,6,10,500,0.000559,nodeq=3 threadq=29 nodeprio=3 threadprio=29
DATA,xy,reconverse,4,0,5,6,10,500,0.000564,nodeq=3 threadq=29 nodeprio=3 threadprio=29
DATA,xy,reconverse,4,0,5,6,10,500,0.000566,nodeq=3 threadq=29 nodeprio=3 threadprio=29
DATA,xy,reconverse,4,0,6,4,12,500,0.000558,nodeq=3 threadq=29 nodeprio=3 threadprio=29
DATA,xy,reconverse,4,0,6,4,12,500,0.000560,nodeq=3 threadq=29 nodeprio=3 threadprio=29
DATA,xy,reconverse,4,0,6,4,12,500,0.000560,nodeq=3 threadq=29 nodeprio=3 threadprio=29
DATA,xy,reconverse,4,0,6,4,12,500,0.000561,nodeq=3 threadq=29 nodeprio=3 threadprio=29
DATA,xy,reconverse,4,0,7,2,14,500,0.000557,nodeq=3 threadq=29 nodeprio=3 threadprio=29
DATA,xy,reconverse,4,0,7,2,14,500,0.000560,nodeq=3 threadq=29 nodeprio=3 threadprio=29
DATA,xy,reconverse,4,0,7,2,14,500,0.000563,nodeq=3 threadq=29 nodeprio=3 threadprio=29
DATA,xy,reconverse,4,0,7,2,14,500,0.000561,nodeq=3 threadq=29 nodeprio=3 threadprio=29
DATA,xy,reconverse,4,0,8,0,16,500,0.000083,nodeq=3 threadq=29 nodeprio=3 threadprio=29
DATA,xy,reconverse,4,0,8,0,16,500,0.000084,nodeq=3 threadq=29 nodeprio=3 threadprio=29
DATA,xy,reconverse,4,0,8,0,16,500,0.000085,nodeq=3 threadq=29 nodeprio=3 threadprio=29
DATA,xy,reconverse,4,0,8,0,16,500,0.000082,nodeq=3 threadq=29 nodeprio=3 threadprio=29
=== xy cfg converse pes 4 rep 3 ===
Charm++> Running on MPI library: MPI VERSION    : CRAY MPICH version 8.1.32.110 (ANL base 3.4a2)
MPI BUILD INFO : Thu Feb 06 22:53 2025 (git hash f9c5634)
 (MPI standard: 3.1)
Charm++> Level of thread support used: MPI_THREAD_FUNNELED (desired: MPI_THREAD_FUNNELED)
Charm++> Running in SMP mode: 1 processes, 4 worker threads (PEs) + 1 comm threads per process, 4 PEs total
Charm++> The comm. thread both sends and receives messages
Converse/Charm++ Commit ID: v8.0.1-devel-36-g3c3086b33
adapt_xy: layer=converse pes=4 adaptive=-1 m=500 iters=5 phases_per_step=4 steps=9 x0=16 y0=0 dx=-2 dy=2
Format: DATA,xy,{layer},{pes},{adaptive},{step},{x},{y},{m},{mean iter s},{slots}
DATA,xy,converse,4,-1,0,16,0,500,0.001266,n/a
DATA,xy,converse,4,-1,0,16,0,500,0.001208,n/a
DATA,xy,converse,4,-1,0,16,0,500,0.001219,n/a
DATA,xy,converse,4,-1,0,16,0,500,0.001169,n/a
DATA,xy,converse,4,-1,1,14,2,500,0.001254,n/a
DATA,xy,converse,4,-1,1,14,2,500,0.001268,n/a
DATA,xy,converse,4,-1,1,14,2,500,0.001252,n/a
DATA,xy,converse,4,-1,1,14,2,500,0.001178,n/a
DATA,xy,converse,4,-1,2,12,4,500,0.001203,n/a
DATA,xy,converse,4,-1,2,12,4,500,0.001194,n/a
DATA,xy,converse,4,-1,2,12,4,500,0.001261,n/a
DATA,xy,converse,4,-1,2,12,4,500,0.001280,n/a
DATA,xy,converse,4,-1,3,10,6,500,0.001289,n/a
DATA,xy,converse,4,-1,3,10,6,500,0.001342,n/a
DATA,xy,converse,4,-1,3,10,6,500,0.001282,n/a
DATA,xy,converse,4,-1,3,10,6,500,0.001218,n/a
DATA,xy,converse,4,-1,4,8,8,500,0.001152,n/a
DATA,xy,converse,4,-1,4,8,8,500,0.001247,n/a
DATA,xy,converse,4,-1,4,8,8,500,0.001201,n/a
DATA,xy,converse,4,-1,4,8,8,500,0.001328,n/a
DATA,xy,converse,4,-1,5,6,10,500,0.001280,n/a
DATA,xy,converse,4,-1,5,6,10,500,0.001184,n/a
DATA,xy,converse,4,-1,5,6,10,500,0.001255,n/a
DATA,xy,converse,4,-1,5,6,10,500,0.001196,n/a
DATA,xy,converse,4,-1,6,4,12,500,0.001293,n/a
DATA,xy,converse,4,-1,6,4,12,500,0.001224,n/a
DATA,xy,converse,4,-1,6,4,12,500,0.001208,n/a
DATA,xy,converse,4,-1,6,4,12,500,0.001253,n/a
DATA,xy,converse,4,-1,7,2,14,500,0.001151,n/a
DATA,xy,converse,4,-1,7,2,14,500,0.001238,n/a
DATA,xy,converse,4,-1,7,2,14,500,0.001224,n/a
DATA,xy,converse,4,-1,7,2,14,500,0.001161,n/a
DATA,xy,converse,4,-1,8,0,16,500,0.000096,n/a
DATA,xy,converse,4,-1,8,0,16,500,0.000092,n/a
DATA,xy,converse,4,-1,8,0,16,500,0.000082,n/a
DATA,xy,converse,4,-1,8,0,16,500,0.000098,n/a
[Partition 0][Node 0] End of program
=== xy cfg adaptive pes 8 rep 3 ===
Charm++> Running in SMP mode on 1 nodes and 8 PEs
adapt_xy: layer=reconverse pes=8 adaptive=1 m=500 iters=5 phases_per_step=4 steps=9 x0=16 y0=0 dx=-2 dy=2
Format: DATA,xy,{layer},{pes},{adaptive},{step},{x},{y},{m},{mean iter s},{slots}
DATA,xy,reconverse,8,1,0,16,0,500,0.002122,nodeq=51 threadq=11 nodeprio=1 threadprio=1
DATA,xy,reconverse,8,1,0,16,0,500,0.002072,nodeq=54 threadq=8 nodeprio=1 threadprio=1
DATA,xy,reconverse,8,1,0,16,0,500,0.001942,nodeq=55 threadq=7 nodeprio=1 threadprio=1
DATA,xy,reconverse,8,1,0,16,0,500,0.002020,nodeq=52 threadq=10 nodeprio=1 threadprio=1
DATA,xy,reconverse,8,1,1,14,2,500,0.001944,nodeq=34 threadq=28 nodeprio=1 threadprio=1
DATA,xy,reconverse,8,1,1,14,2,500,0.001971,nodeq=30 threadq=32 nodeprio=1 threadprio=1
DATA,xy,reconverse,8,1,1,14,2,500,0.001962,nodeq=30 threadq=32 nodeprio=1 threadprio=1
DATA,xy,reconverse,8,1,1,14,2,500,0.001949,nodeq=30 threadq=32 nodeprio=1 threadprio=1
DATA,xy,reconverse,8,1,2,12,4,500,0.001956,nodeq=32 threadq=30 nodeprio=1 threadprio=1
DATA,xy,reconverse,8,1,2,12,4,500,0.001945,nodeq=30 threadq=32 nodeprio=1 threadprio=1
DATA,xy,reconverse,8,1,2,12,4,500,0.001931,nodeq=30 threadq=32 nodeprio=1 threadprio=1
DATA,xy,reconverse,8,1,2,12,4,500,0.001972,nodeq=32 threadq=30 nodeprio=1 threadprio=1
DATA,xy,reconverse,8,1,3,10,6,500,0.001955,nodeq=30 threadq=32 nodeprio=1 threadprio=1
DATA,xy,reconverse,8,1,3,10,6,500,0.001959,nodeq=32 threadq=30 nodeprio=1 threadprio=1
DATA,xy,reconverse,8,1,3,10,6,500,0.001961,nodeq=30 threadq=32 nodeprio=1 threadprio=1
DATA,xy,reconverse,8,1,3,10,6,500,0.001924,nodeq=32 threadq=30 nodeprio=1 threadprio=1
DATA,xy,reconverse,8,1,4,8,8,500,0.001954,nodeq=30 threadq=32 nodeprio=1 threadprio=1
DATA,xy,reconverse,8,1,4,8,8,500,0.001946,nodeq=31 threadq=31 nodeprio=1 threadprio=1
DATA,xy,reconverse,8,1,4,8,8,500,0.001938,nodeq=30 threadq=32 nodeprio=1 threadprio=1
DATA,xy,reconverse,8,1,4,8,8,500,0.001932,nodeq=31 threadq=31 nodeprio=1 threadprio=1
DATA,xy,reconverse,8,1,5,6,10,500,0.001936,nodeq=30 threadq=32 nodeprio=1 threadprio=1
DATA,xy,reconverse,8,1,5,6,10,500,0.001944,nodeq=31 threadq=31 nodeprio=1 threadprio=1
DATA,xy,reconverse,8,1,5,6,10,500,0.001935,nodeq=30 threadq=32 nodeprio=1 threadprio=1
DATA,xy,reconverse,8,1,5,6,10,500,0.001948,nodeq=31 threadq=31 nodeprio=1 threadprio=1
DATA,xy,reconverse,8,1,6,4,12,500,0.001947,nodeq=30 threadq=32 nodeprio=1 threadprio=1
DATA,xy,reconverse,8,1,6,4,12,500,0.001951,nodeq=31 threadq=31 nodeprio=1 threadprio=1
DATA,xy,reconverse,8,1,6,4,12,500,0.001948,nodeq=30 threadq=32 nodeprio=1 threadprio=1
DATA,xy,reconverse,8,1,6,4,12,500,0.001942,nodeq=31 threadq=31 nodeprio=1 threadprio=1
DATA,xy,reconverse,8,1,7,2,14,500,0.001946,nodeq=30 threadq=32 nodeprio=1 threadprio=1
DATA,xy,reconverse,8,1,7,2,14,500,0.001951,nodeq=31 threadq=31 nodeprio=1 threadprio=1
DATA,xy,reconverse,8,1,7,2,14,500,0.001946,nodeq=30 threadq=32 nodeprio=1 threadprio=1
DATA,xy,reconverse,8,1,7,2,14,500,0.001948,nodeq=31 threadq=31 nodeprio=1 threadprio=1
DATA,xy,reconverse,8,1,8,0,16,500,0.000100,nodeq=1 threadq=61 nodeprio=1 threadprio=1
DATA,xy,reconverse,8,1,8,0,16,500,0.000097,nodeq=1 threadq=61 nodeprio=1 threadprio=1
DATA,xy,reconverse,8,1,8,0,16,500,0.000098,nodeq=1 threadq=61 nodeprio=1 threadprio=1
DATA,xy,reconverse,8,1,8,0,16,500,0.000095,nodeq=1 threadq=61 nodeprio=1 threadprio=1
=== xy cfg hitrate pes 8 rep 3 ===
Charm++> Running in SMP mode on 1 nodes and 8 PEs
adapt_xy: layer=reconverse pes=8 adaptive=1 m=500 iters=5 phases_per_step=4 steps=9 x0=16 y0=0 dx=-2 dy=2
Format: DATA,xy,{layer},{pes},{adaptive},{step},{x},{y},{m},{mean iter s},{slots}
DATA,xy,reconverse,8,1,0,16,0,500,0.001780,nodeq=48 threadq=14 nodeprio=1 threadprio=1
DATA,xy,reconverse,8,1,0,16,0,500,0.001713,nodeq=56 threadq=6 nodeprio=1 threadprio=1
DATA,xy,reconverse,8,1,0,16,0,500,0.001713,nodeq=54 threadq=8 nodeprio=1 threadprio=1
DATA,xy,reconverse,8,1,0,16,0,500,0.001680,nodeq=54 threadq=8 nodeprio=1 threadprio=1
DATA,xy,reconverse,8,1,1,14,2,500,0.001649,nodeq=31 threadq=31 nodeprio=1 threadprio=1
DATA,xy,reconverse,8,1,1,14,2,500,0.001658,nodeq=31 threadq=31 nodeprio=1 threadprio=1
DATA,xy,reconverse,8,1,1,14,2,500,0.001594,nodeq=31 threadq=31 nodeprio=1 threadprio=1
DATA,xy,reconverse,8,1,1,14,2,500,0.001526,nodeq=31 threadq=31 nodeprio=1 threadprio=1
DATA,xy,reconverse,8,1,2,12,4,500,0.001531,nodeq=32 threadq=30 nodeprio=1 threadprio=1
DATA,xy,reconverse,8,1,2,12,4,500,0.001536,nodeq=31 threadq=31 nodeprio=1 threadprio=1
DATA,xy,reconverse,8,1,2,12,4,500,0.001510,nodeq=32 threadq=30 nodeprio=1 threadprio=1
DATA,xy,reconverse,8,1,2,12,4,500,0.001519,nodeq=31 threadq=31 nodeprio=1 threadprio=1
DATA,xy,reconverse,8,1,3,10,6,500,0.001542,nodeq=31 threadq=31 nodeprio=1 threadprio=1
DATA,xy,reconverse,8,1,3,10,6,500,0.001561,nodeq=31 threadq=31 nodeprio=1 threadprio=1
DATA,xy,reconverse,8,1,3,10,6,500,0.001634,nodeq=31 threadq=31 nodeprio=1 threadprio=1
DATA,xy,reconverse,8,1,3,10,6,500,0.001636,nodeq=32 threadq=30 nodeprio=1 threadprio=1
DATA,xy,reconverse,8,1,4,8,8,500,0.001630,nodeq=31 threadq=31 nodeprio=1 threadprio=1
DATA,xy,reconverse,8,1,4,8,8,500,0.001622,nodeq=34 threadq=28 nodeprio=1 threadprio=1
DATA,xy,reconverse,8,1,4,8,8,500,0.001616,nodeq=31 threadq=31 nodeprio=1 threadprio=1
DATA,xy,reconverse,8,1,4,8,8,500,0.001639,nodeq=31 threadq=31 nodeprio=1 threadprio=1
DATA,xy,reconverse,8,1,5,6,10,500,0.001629,nodeq=31 threadq=31 nodeprio=1 threadprio=1
DATA,xy,reconverse,8,1,5,6,10,500,0.001638,nodeq=31 threadq=31 nodeprio=1 threadprio=1
DATA,xy,reconverse,8,1,5,6,10,500,0.001644,nodeq=31 threadq=31 nodeprio=1 threadprio=1
DATA,xy,reconverse,8,1,5,6,10,500,0.001644,nodeq=31 threadq=31 nodeprio=1 threadprio=1
DATA,xy,reconverse,8,1,6,4,12,500,0.001650,nodeq=31 threadq=31 nodeprio=1 threadprio=1
DATA,xy,reconverse,8,1,6,4,12,500,0.001634,nodeq=31 threadq=31 nodeprio=1 threadprio=1
DATA,xy,reconverse,8,1,6,4,12,500,0.001636,nodeq=31 threadq=31 nodeprio=1 threadprio=1
DATA,xy,reconverse,8,1,6,4,12,500,0.001625,nodeq=31 threadq=31 nodeprio=1 threadprio=1
DATA,xy,reconverse,8,1,7,2,14,500,0.001639,nodeq=31 threadq=31 nodeprio=1 threadprio=1
DATA,xy,reconverse,8,1,7,2,14,500,0.001628,nodeq=31 threadq=31 nodeprio=1 threadprio=1
DATA,xy,reconverse,8,1,7,2,14,500,0.001645,nodeq=31 threadq=31 nodeprio=1 threadprio=1
DATA,xy,reconverse,8,1,7,2,14,500,0.001638,nodeq=32 threadq=30 nodeprio=1 threadprio=1
DATA,xy,reconverse,8,1,8,0,16,500,0.000120,nodeq=1 threadq=61 nodeprio=1 threadprio=1
DATA,xy,reconverse,8,1,8,0,16,500,0.000118,nodeq=1 threadq=61 nodeprio=1 threadprio=1
DATA,xy,reconverse,8,1,8,0,16,500,0.000117,nodeq=1 threadq=61 nodeprio=1 threadprio=1
DATA,xy,reconverse,8,1,8,0,16,500,0.000119,nodeq=1 threadq=61 nodeprio=1 threadprio=1
=== xy cfg static pes 8 rep 3 ===
Charm++> Running in SMP mode on 1 nodes and 8 PEs
adapt_xy: layer=reconverse pes=8 adaptive=0 m=500 iters=5 phases_per_step=4 steps=9 x0=16 y0=0 dx=-2 dy=2
Format: DATA,xy,{layer},{pes},{adaptive},{step},{x},{y},{m},{mean iter s},{slots}
DATA,xy,reconverse,8,0,0,16,0,500,0.002603,nodeq=3 threadq=29 nodeprio=3 threadprio=29
DATA,xy,reconverse,8,0,0,16,0,500,0.001825,nodeq=3 threadq=29 nodeprio=3 threadprio=29
DATA,xy,reconverse,8,0,0,16,0,500,0.001819,nodeq=3 threadq=29 nodeprio=3 threadprio=29
DATA,xy,reconverse,8,0,0,16,0,500,0.001791,nodeq=3 threadq=29 nodeprio=3 threadprio=29
DATA,xy,reconverse,8,0,1,14,2,500,0.001819,nodeq=3 threadq=29 nodeprio=3 threadprio=29
DATA,xy,reconverse,8,0,1,14,2,500,0.001828,nodeq=3 threadq=29 nodeprio=3 threadprio=29
DATA,xy,reconverse,8,0,1,14,2,500,0.001818,nodeq=3 threadq=29 nodeprio=3 threadprio=29
DATA,xy,reconverse,8,0,1,14,2,500,0.001805,nodeq=3 threadq=29 nodeprio=3 threadprio=29
DATA,xy,reconverse,8,0,2,12,4,500,0.001810,nodeq=3 threadq=29 nodeprio=3 threadprio=29
DATA,xy,reconverse,8,0,2,12,4,500,0.001816,nodeq=3 threadq=29 nodeprio=3 threadprio=29
DATA,xy,reconverse,8,0,2,12,4,500,0.001820,nodeq=3 threadq=29 nodeprio=3 threadprio=29
DATA,xy,reconverse,8,0,2,12,4,500,0.001829,nodeq=3 threadq=29 nodeprio=3 threadprio=29
DATA,xy,reconverse,8,0,3,10,6,500,0.001820,nodeq=3 threadq=29 nodeprio=3 threadprio=29
DATA,xy,reconverse,8,0,3,10,6,500,0.001824,nodeq=3 threadq=29 nodeprio=3 threadprio=29
DATA,xy,reconverse,8,0,3,10,6,500,0.001818,nodeq=3 threadq=29 nodeprio=3 threadprio=29
DATA,xy,reconverse,8,0,3,10,6,500,0.001826,nodeq=3 threadq=29 nodeprio=3 threadprio=29
DATA,xy,reconverse,8,0,4,8,8,500,0.001829,nodeq=3 threadq=29 nodeprio=3 threadprio=29
DATA,xy,reconverse,8,0,4,8,8,500,0.001834,nodeq=3 threadq=29 nodeprio=3 threadprio=29
DATA,xy,reconverse,8,0,4,8,8,500,0.001827,nodeq=3 threadq=29 nodeprio=3 threadprio=29
DATA,xy,reconverse,8,0,4,8,8,500,0.001845,nodeq=3 threadq=29 nodeprio=3 threadprio=29
DATA,xy,reconverse,8,0,5,6,10,500,0.001832,nodeq=3 threadq=29 nodeprio=3 threadprio=29
DATA,xy,reconverse,8,0,5,6,10,500,0.001822,nodeq=3 threadq=29 nodeprio=3 threadprio=29
DATA,xy,reconverse,8,0,5,6,10,500,0.001835,nodeq=3 threadq=29 nodeprio=3 threadprio=29
DATA,xy,reconverse,8,0,5,6,10,500,0.001833,nodeq=3 threadq=29 nodeprio=3 threadprio=29
DATA,xy,reconverse,8,0,6,4,12,500,0.001804,nodeq=3 threadq=29 nodeprio=3 threadprio=29
DATA,xy,reconverse,8,0,6,4,12,500,0.001841,nodeq=3 threadq=29 nodeprio=3 threadprio=29
DATA,xy,reconverse,8,0,6,4,12,500,0.001815,nodeq=3 threadq=29 nodeprio=3 threadprio=29
DATA,xy,reconverse,8,0,6,4,12,500,0.001817,nodeq=3 threadq=29 nodeprio=3 threadprio=29
DATA,xy,reconverse,8,0,7,2,14,500,0.001811,nodeq=3 threadq=29 nodeprio=3 threadprio=29
DATA,xy,reconverse,8,0,7,2,14,500,0.001836,nodeq=3 threadq=29 nodeprio=3 threadprio=29
DATA,xy,reconverse,8,0,7,2,14,500,0.001812,nodeq=3 threadq=29 nodeprio=3 threadprio=29
DATA,xy,reconverse,8,0,7,2,14,500,0.001825,nodeq=3 threadq=29 nodeprio=3 threadprio=29
DATA,xy,reconverse,8,0,8,0,16,500,0.000110,nodeq=3 threadq=29 nodeprio=3 threadprio=29
DATA,xy,reconverse,8,0,8,0,16,500,0.000108,nodeq=3 threadq=29 nodeprio=3 threadprio=29
DATA,xy,reconverse,8,0,8,0,16,500,0.000109,nodeq=3 threadq=29 nodeprio=3 threadprio=29
DATA,xy,reconverse,8,0,8,0,16,500,0.000110,nodeq=3 threadq=29 nodeprio=3 threadprio=29
=== xy cfg converse pes 8 rep 3 ===
Charm++> Running on MPI library: MPI VERSION    : CRAY MPICH version 8.1.32.110 (ANL base 3.4a2)
MPI BUILD INFO : Thu Feb 06 22:53 2025 (git hash f9c5634)
 (MPI standard: 3.1)
Charm++> Level of thread support used: MPI_THREAD_FUNNELED (desired: MPI_THREAD_FUNNELED)
Charm++> Running in SMP mode: 1 processes, 8 worker threads (PEs) + 1 comm threads per process, 8 PEs total
Charm++> The comm. thread both sends and receives messages
Converse/Charm++ Commit ID: v8.0.1-devel-36-g3c3086b33
adapt_xy: layer=converse pes=8 adaptive=-1 m=500 iters=5 phases_per_step=4 steps=9 x0=16 y0=0 dx=-2 dy=2
Format: DATA,xy,{layer},{pes},{adaptive},{step},{x},{y},{m},{mean iter s},{slots}
DATA,xy,converse,8,-1,0,16,0,500,0.014403,n/a
DATA,xy,converse,8,-1,0,16,0,500,0.011291,n/a
DATA,xy,converse,8,-1,0,16,0,500,0.005859,n/a
DATA,xy,converse,8,-1,0,16,0,500,0.005959,n/a
DATA,xy,converse,8,-1,1,14,2,500,0.006090,n/a
DATA,xy,converse,8,-1,1,14,2,500,0.006083,n/a
DATA,xy,converse,8,-1,1,14,2,500,0.006256,n/a
DATA,xy,converse,8,-1,1,14,2,500,0.006181,n/a
DATA,xy,converse,8,-1,2,12,4,500,0.006195,n/a
DATA,xy,converse,8,-1,2,12,4,500,0.005875,n/a
DATA,xy,converse,8,-1,2,12,4,500,0.006233,n/a
DATA,xy,converse,8,-1,2,12,4,500,0.005994,n/a
DATA,xy,converse,8,-1,3,10,6,500,0.006156,n/a
DATA,xy,converse,8,-1,3,10,6,500,0.006069,n/a
DATA,xy,converse,8,-1,3,10,6,500,0.006084,n/a
DATA,xy,converse,8,-1,3,10,6,500,0.005956,n/a
DATA,xy,converse,8,-1,4,8,8,500,0.006095,n/a
DATA,xy,converse,8,-1,4,8,8,500,0.006056,n/a
DATA,xy,converse,8,-1,4,8,8,500,0.005973,n/a
DATA,xy,converse,8,-1,4,8,8,500,0.006193,n/a
DATA,xy,converse,8,-1,5,6,10,500,0.006399,n/a
DATA,xy,converse,8,-1,5,6,10,500,0.006441,n/a
DATA,xy,converse,8,-1,5,6,10,500,0.006414,n/a
DATA,xy,converse,8,-1,5,6,10,500,0.006437,n/a
DATA,xy,converse,8,-1,6,4,12,500,0.006288,n/a
DATA,xy,converse,8,-1,6,4,12,500,0.006274,n/a
DATA,xy,converse,8,-1,6,4,12,500,0.006332,n/a
DATA,xy,converse,8,-1,6,4,12,500,0.006399,n/a
DATA,xy,converse,8,-1,7,2,14,500,0.006082,n/a
DATA,xy,converse,8,-1,7,2,14,500,0.005992,n/a
DATA,xy,converse,8,-1,7,2,14,500,0.006151,n/a
DATA,xy,converse,8,-1,7,2,14,500,0.005713,n/a
DATA,xy,converse,8,-1,8,0,16,500,0.000329,n/a
DATA,xy,converse,8,-1,8,0,16,500,0.000327,n/a
DATA,xy,converse,8,-1,8,0,16,500,0.000324,n/a
DATA,xy,converse,8,-1,8,0,16,500,0.000325,n/a
[Partition 0][Node 0] End of program
=== xy cfg adaptive pes 4 rep 4 ===
Charm++> Running in SMP mode on 1 nodes and 4 PEs
adapt_xy: layer=reconverse pes=4 adaptive=1 m=500 iters=5 phases_per_step=4 steps=9 x0=16 y0=0 dx=-2 dy=2
Format: DATA,xy,{layer},{pes},{adaptive},{step},{x},{y},{m},{mean iter s},{slots}
DATA,xy,reconverse,4,1,0,16,0,500,0.000484,nodeq=51 threadq=11 nodeprio=1 threadprio=1
DATA,xy,reconverse,4,1,0,16,0,500,0.000481,nodeq=56 threadq=6 nodeprio=1 threadprio=1
DATA,xy,reconverse,4,1,0,16,0,500,0.000462,nodeq=53 threadq=9 nodeprio=1 threadprio=1
DATA,xy,reconverse,4,1,0,16,0,500,0.000395,nodeq=55 threadq=7 nodeprio=1 threadprio=1
DATA,xy,reconverse,4,1,1,14,2,500,0.000439,nodeq=31 threadq=31 nodeprio=1 threadprio=1
DATA,xy,reconverse,4,1,1,14,2,500,0.000452,nodeq=31 threadq=31 nodeprio=1 threadprio=1
DATA,xy,reconverse,4,1,1,14,2,500,0.000436,nodeq=31 threadq=31 nodeprio=1 threadprio=1
DATA,xy,reconverse,4,1,1,14,2,500,0.000440,nodeq=31 threadq=31 nodeprio=1 threadprio=1
DATA,xy,reconverse,4,1,2,12,4,500,0.000433,nodeq=31 threadq=31 nodeprio=1 threadprio=1
DATA,xy,reconverse,4,1,2,12,4,500,0.000434,nodeq=31 threadq=31 nodeprio=1 threadprio=1
DATA,xy,reconverse,4,1,2,12,4,500,0.000432,nodeq=31 threadq=31 nodeprio=1 threadprio=1
DATA,xy,reconverse,4,1,2,12,4,500,0.000431,nodeq=31 threadq=31 nodeprio=1 threadprio=1
DATA,xy,reconverse,4,1,3,10,6,500,0.000430,nodeq=31 threadq=31 nodeprio=1 threadprio=1
DATA,xy,reconverse,4,1,3,10,6,500,0.000430,nodeq=31 threadq=31 nodeprio=1 threadprio=1
DATA,xy,reconverse,4,1,3,10,6,500,0.000429,nodeq=31 threadq=31 nodeprio=1 threadprio=1
DATA,xy,reconverse,4,1,3,10,6,500,0.000432,nodeq=31 threadq=31 nodeprio=1 threadprio=1
DATA,xy,reconverse,4,1,4,8,8,500,0.000432,nodeq=31 threadq=31 nodeprio=1 threadprio=1
DATA,xy,reconverse,4,1,4,8,8,500,0.000430,nodeq=31 threadq=31 nodeprio=1 threadprio=1
DATA,xy,reconverse,4,1,4,8,8,500,0.000429,nodeq=31 threadq=31 nodeprio=1 threadprio=1
DATA,xy,reconverse,4,1,4,8,8,500,0.000424,nodeq=31 threadq=31 nodeprio=1 threadprio=1
DATA,xy,reconverse,4,1,5,6,10,500,0.000429,nodeq=31 threadq=31 nodeprio=1 threadprio=1
DATA,xy,reconverse,4,1,5,6,10,500,0.000426,nodeq=31 threadq=31 nodeprio=1 threadprio=1
DATA,xy,reconverse,4,1,5,6,10,500,0.000428,nodeq=31 threadq=31 nodeprio=1 threadprio=1
DATA,xy,reconverse,4,1,5,6,10,500,0.000430,nodeq=31 threadq=31 nodeprio=1 threadprio=1
DATA,xy,reconverse,4,1,6,4,12,500,0.000428,nodeq=31 threadq=31 nodeprio=1 threadprio=1
DATA,xy,reconverse,4,1,6,4,12,500,0.000428,nodeq=31 threadq=31 nodeprio=1 threadprio=1
DATA,xy,reconverse,4,1,6,4,12,500,0.000427,nodeq=30 threadq=32 nodeprio=1 threadprio=1
DATA,xy,reconverse,4,1,6,4,12,500,0.000428,nodeq=30 threadq=32 nodeprio=1 threadprio=1
DATA,xy,reconverse,4,1,7,2,14,500,0.000425,nodeq=32 threadq=30 nodeprio=1 threadprio=1
DATA,xy,reconverse,4,1,7,2,14,500,0.000432,nodeq=30 threadq=32 nodeprio=1 threadprio=1
DATA,xy,reconverse,4,1,7,2,14,500,0.000429,nodeq=31 threadq=31 nodeprio=1 threadprio=1
DATA,xy,reconverse,4,1,7,2,14,500,0.000431,nodeq=30 threadq=32 nodeprio=1 threadprio=1
DATA,xy,reconverse,4,1,8,0,16,500,0.000074,nodeq=1 threadq=61 nodeprio=1 threadprio=1
DATA,xy,reconverse,4,1,8,0,16,500,0.000073,nodeq=1 threadq=61 nodeprio=1 threadprio=1
DATA,xy,reconverse,4,1,8,0,16,500,0.000073,nodeq=1 threadq=61 nodeprio=1 threadprio=1
DATA,xy,reconverse,4,1,8,0,16,500,0.000074,nodeq=1 threadq=61 nodeprio=1 threadprio=1
=== xy cfg hitrate pes 4 rep 4 ===
Charm++> Running in SMP mode on 1 nodes and 4 PEs
adapt_xy: layer=reconverse pes=4 adaptive=1 m=500 iters=5 phases_per_step=4 steps=9 x0=16 y0=0 dx=-2 dy=2
Format: DATA,xy,{layer},{pes},{adaptive},{step},{x},{y},{m},{mean iter s},{slots}
DATA,xy,reconverse,4,1,0,16,0,500,0.000436,nodeq=51 threadq=11 nodeprio=1 threadprio=1
DATA,xy,reconverse,4,1,0,16,0,500,0.000431,nodeq=52 threadq=10 nodeprio=1 threadprio=1
DATA,xy,reconverse,4,1,0,16,0,500,0.000430,nodeq=56 threadq=6 nodeprio=1 threadprio=1
DATA,xy,reconverse,4,1,0,16,0,500,0.000414,nodeq=53 threadq=9 nodeprio=1 threadprio=1
DATA,xy,reconverse,4,1,1,14,2,500,0.000441,nodeq=31 threadq=31 nodeprio=1 threadprio=1
DATA,xy,reconverse,4,1,1,14,2,500,0.000435,nodeq=30 threadq=32 nodeprio=1 threadprio=1
DATA,xy,reconverse,4,1,1,14,2,500,0.000432,nodeq=32 threadq=30 nodeprio=1 threadprio=1
DATA,xy,reconverse,4,1,1,14,2,500,0.000433,nodeq=32 threadq=30 nodeprio=1 threadprio=1
DATA,xy,reconverse,4,1,2,12,4,500,0.000430,nodeq=30 threadq=32 nodeprio=1 threadprio=1
DATA,xy,reconverse,4,1,2,12,4,500,0.000430,nodeq=30 threadq=32 nodeprio=1 threadprio=1
DATA,xy,reconverse,4,1,2,12,4,500,0.000433,nodeq=31 threadq=31 nodeprio=1 threadprio=1
DATA,xy,reconverse,4,1,2,12,4,500,0.000428,nodeq=31 threadq=31 nodeprio=1 threadprio=1
DATA,xy,reconverse,4,1,3,10,6,500,0.000427,nodeq=31 threadq=31 nodeprio=1 threadprio=1
DATA,xy,reconverse,4,1,3,10,6,500,0.000429,nodeq=31 threadq=31 nodeprio=1 threadprio=1
DATA,xy,reconverse,4,1,3,10,6,500,0.000434,nodeq=31 threadq=31 nodeprio=1 threadprio=1
DATA,xy,reconverse,4,1,3,10,6,500,0.000432,nodeq=31 threadq=31 nodeprio=1 threadprio=1
DATA,xy,reconverse,4,1,4,8,8,500,0.000430,nodeq=31 threadq=31 nodeprio=1 threadprio=1
DATA,xy,reconverse,4,1,4,8,8,500,0.000428,nodeq=32 threadq=30 nodeprio=1 threadprio=1
DATA,xy,reconverse,4,1,4,8,8,500,0.000425,nodeq=30 threadq=32 nodeprio=1 threadprio=1
DATA,xy,reconverse,4,1,4,8,8,500,0.000426,nodeq=32 threadq=30 nodeprio=1 threadprio=1
DATA,xy,reconverse,4,1,5,6,10,500,0.000430,nodeq=31 threadq=31 nodeprio=1 threadprio=1
DATA,xy,reconverse,4,1,5,6,10,500,0.000433,nodeq=30 threadq=32 nodeprio=1 threadprio=1
DATA,xy,reconverse,4,1,5,6,10,500,0.000429,nodeq=31 threadq=31 nodeprio=1 threadprio=1
DATA,xy,reconverse,4,1,5,6,10,500,0.000442,nodeq=31 threadq=31 nodeprio=1 threadprio=1
DATA,xy,reconverse,4,1,6,4,12,500,0.000425,nodeq=31 threadq=31 nodeprio=1 threadprio=1
DATA,xy,reconverse,4,1,6,4,12,500,0.000425,nodeq=31 threadq=31 nodeprio=1 threadprio=1
DATA,xy,reconverse,4,1,6,4,12,500,0.000428,nodeq=31 threadq=31 nodeprio=1 threadprio=1
DATA,xy,reconverse,4,1,6,4,12,500,0.000428,nodeq=31 threadq=31 nodeprio=1 threadprio=1
DATA,xy,reconverse,4,1,7,2,14,500,0.000424,nodeq=31 threadq=31 nodeprio=1 threadprio=1
DATA,xy,reconverse,4,1,7,2,14,500,0.000423,nodeq=31 threadq=31 nodeprio=1 threadprio=1
DATA,xy,reconverse,4,1,7,2,14,500,0.000426,nodeq=31 threadq=31 nodeprio=1 threadprio=1
DATA,xy,reconverse,4,1,7,2,14,500,0.000426,nodeq=30 threadq=32 nodeprio=1 threadprio=1
DATA,xy,reconverse,4,1,8,0,16,500,0.000080,nodeq=1 threadq=61 nodeprio=1 threadprio=1
DATA,xy,reconverse,4,1,8,0,16,500,0.000078,nodeq=1 threadq=61 nodeprio=1 threadprio=1
DATA,xy,reconverse,4,1,8,0,16,500,0.000077,nodeq=1 threadq=61 nodeprio=1 threadprio=1
DATA,xy,reconverse,4,1,8,0,16,500,0.000079,nodeq=1 threadq=61 nodeprio=1 threadprio=1
=== xy cfg static pes 4 rep 4 ===
Charm++> Running in SMP mode on 1 nodes and 4 PEs
adapt_xy: layer=reconverse pes=4 adaptive=0 m=500 iters=5 phases_per_step=4 steps=9 x0=16 y0=0 dx=-2 dy=2
Format: DATA,xy,{layer},{pes},{adaptive},{step},{x},{y},{m},{mean iter s},{slots}
DATA,xy,reconverse,4,0,0,16,0,500,0.000519,nodeq=3 threadq=29 nodeprio=3 threadprio=29
DATA,xy,reconverse,4,0,0,16,0,500,0.000514,nodeq=3 threadq=29 nodeprio=3 threadprio=29
DATA,xy,reconverse,4,0,0,16,0,500,0.000529,nodeq=3 threadq=29 nodeprio=3 threadprio=29
DATA,xy,reconverse,4,0,0,16,0,500,0.000515,nodeq=3 threadq=29 nodeprio=3 threadprio=29
DATA,xy,reconverse,4,0,1,14,2,500,0.000565,nodeq=3 threadq=29 nodeprio=3 threadprio=29
DATA,xy,reconverse,4,0,1,14,2,500,0.000558,nodeq=3 threadq=29 nodeprio=3 threadprio=29
DATA,xy,reconverse,4,0,1,14,2,500,0.000558,nodeq=3 threadq=29 nodeprio=3 threadprio=29
DATA,xy,reconverse,4,0,1,14,2,500,0.000562,nodeq=3 threadq=29 nodeprio=3 threadprio=29
DATA,xy,reconverse,4,0,2,12,4,500,0.000566,nodeq=3 threadq=29 nodeprio=3 threadprio=29
DATA,xy,reconverse,4,0,2,12,4,500,0.000565,nodeq=3 threadq=29 nodeprio=3 threadprio=29
DATA,xy,reconverse,4,0,2,12,4,500,0.000564,nodeq=3 threadq=29 nodeprio=3 threadprio=29
DATA,xy,reconverse,4,0,2,12,4,500,0.000557,nodeq=3 threadq=29 nodeprio=3 threadprio=29
DATA,xy,reconverse,4,0,3,10,6,500,0.000557,nodeq=3 threadq=29 nodeprio=3 threadprio=29
DATA,xy,reconverse,4,0,3,10,6,500,0.000558,nodeq=3 threadq=29 nodeprio=3 threadprio=29
DATA,xy,reconverse,4,0,3,10,6,500,0.000559,nodeq=3 threadq=29 nodeprio=3 threadprio=29
DATA,xy,reconverse,4,0,3,10,6,500,0.000554,nodeq=3 threadq=29 nodeprio=3 threadprio=29
DATA,xy,reconverse,4,0,4,8,8,500,0.000557,nodeq=3 threadq=29 nodeprio=3 threadprio=29
DATA,xy,reconverse,4,0,4,8,8,500,0.000570,nodeq=3 threadq=29 nodeprio=3 threadprio=29
DATA,xy,reconverse,4,0,4,8,8,500,0.000558,nodeq=3 threadq=29 nodeprio=3 threadprio=29
DATA,xy,reconverse,4,0,4,8,8,500,0.000563,nodeq=3 threadq=29 nodeprio=3 threadprio=29
DATA,xy,reconverse,4,0,5,6,10,500,0.000560,nodeq=3 threadq=29 nodeprio=3 threadprio=29
DATA,xy,reconverse,4,0,5,6,10,500,0.000554,nodeq=3 threadq=29 nodeprio=3 threadprio=29
DATA,xy,reconverse,4,0,5,6,10,500,0.000560,nodeq=3 threadq=29 nodeprio=3 threadprio=29
DATA,xy,reconverse,4,0,5,6,10,500,0.000556,nodeq=3 threadq=29 nodeprio=3 threadprio=29
DATA,xy,reconverse,4,0,6,4,12,500,0.000556,nodeq=3 threadq=29 nodeprio=3 threadprio=29
DATA,xy,reconverse,4,0,6,4,12,500,0.000555,nodeq=3 threadq=29 nodeprio=3 threadprio=29
DATA,xy,reconverse,4,0,6,4,12,500,0.000560,nodeq=3 threadq=29 nodeprio=3 threadprio=29
DATA,xy,reconverse,4,0,6,4,12,500,0.000557,nodeq=3 threadq=29 nodeprio=3 threadprio=29
DATA,xy,reconverse,4,0,7,2,14,500,0.000558,nodeq=3 threadq=29 nodeprio=3 threadprio=29
DATA,xy,reconverse,4,0,7,2,14,500,0.000557,nodeq=3 threadq=29 nodeprio=3 threadprio=29
DATA,xy,reconverse,4,0,7,2,14,500,0.000559,nodeq=3 threadq=29 nodeprio=3 threadprio=29
DATA,xy,reconverse,4,0,7,2,14,500,0.000557,nodeq=3 threadq=29 nodeprio=3 threadprio=29
DATA,xy,reconverse,4,0,8,0,16,500,0.000084,nodeq=3 threadq=29 nodeprio=3 threadprio=29
DATA,xy,reconverse,4,0,8,0,16,500,0.000087,nodeq=3 threadq=29 nodeprio=3 threadprio=29
DATA,xy,reconverse,4,0,8,0,16,500,0.000085,nodeq=3 threadq=29 nodeprio=3 threadprio=29
DATA,xy,reconverse,4,0,8,0,16,500,0.000084,nodeq=3 threadq=29 nodeprio=3 threadprio=29
=== xy cfg converse pes 4 rep 4 ===
Charm++> Running on MPI library: MPI VERSION    : CRAY MPICH version 8.1.32.110 (ANL base 3.4a2)
MPI BUILD INFO : Thu Feb 06 22:53 2025 (git hash f9c5634)
 (MPI standard: 3.1)
Charm++> Level of thread support used: MPI_THREAD_FUNNELED (desired: MPI_THREAD_FUNNELED)
Charm++> Running in SMP mode: 1 processes, 4 worker threads (PEs) + 1 comm threads per process, 4 PEs total
Charm++> The comm. thread both sends and receives messages
Converse/Charm++ Commit ID: v8.0.1-devel-36-g3c3086b33
adapt_xy: layer=converse pes=4 adaptive=-1 m=500 iters=5 phases_per_step=4 steps=9 x0=16 y0=0 dx=-2 dy=2
Format: DATA,xy,{layer},{pes},{adaptive},{step},{x},{y},{m},{mean iter s},{slots}
DATA,xy,converse,4,-1,0,16,0,500,0.001347,n/a
DATA,xy,converse,4,-1,0,16,0,500,0.001292,n/a
DATA,xy,converse,4,-1,0,16,0,500,0.001315,n/a
DATA,xy,converse,4,-1,0,16,0,500,0.001290,n/a
DATA,xy,converse,4,-1,1,14,2,500,0.001422,n/a
DATA,xy,converse,4,-1,1,14,2,500,0.001297,n/a
DATA,xy,converse,4,-1,1,14,2,500,0.001196,n/a
DATA,xy,converse,4,-1,1,14,2,500,0.001260,n/a
DATA,xy,converse,4,-1,2,12,4,500,0.001319,n/a
DATA,xy,converse,4,-1,2,12,4,500,0.001437,n/a
DATA,xy,converse,4,-1,2,12,4,500,0.001287,n/a
DATA,xy,converse,4,-1,2,12,4,500,0.001247,n/a
DATA,xy,converse,4,-1,3,10,6,500,0.001235,n/a
DATA,xy,converse,4,-1,3,10,6,500,0.001228,n/a
DATA,xy,converse,4,-1,3,10,6,500,0.001291,n/a
DATA,xy,converse,4,-1,3,10,6,500,0.001191,n/a
DATA,xy,converse,4,-1,4,8,8,500,0.001245,n/a
DATA,xy,converse,4,-1,4,8,8,500,0.001245,n/a
DATA,xy,converse,4,-1,4,8,8,500,0.001330,n/a
DATA,xy,converse,4,-1,4,8,8,500,0.001262,n/a
DATA,xy,converse,4,-1,5,6,10,500,0.001246,n/a
DATA,xy,converse,4,-1,5,6,10,500,0.001294,n/a
DATA,xy,converse,4,-1,5,6,10,500,0.001233,n/a
DATA,xy,converse,4,-1,5,6,10,500,0.001274,n/a
DATA,xy,converse,4,-1,6,4,12,500,0.001322,n/a
DATA,xy,converse,4,-1,6,4,12,500,0.001214,n/a
DATA,xy,converse,4,-1,6,4,12,500,0.001217,n/a
DATA,xy,converse,4,-1,6,4,12,500,0.001251,n/a
DATA,xy,converse,4,-1,7,2,14,500,0.001276,n/a
DATA,xy,converse,4,-1,7,2,14,500,0.001189,n/a
DATA,xy,converse,4,-1,7,2,14,500,0.001257,n/a
DATA,xy,converse,4,-1,7,2,14,500,0.001315,n/a
DATA,xy,converse,4,-1,8,0,16,500,0.000088,n/a
DATA,xy,converse,4,-1,8,0,16,500,0.000085,n/a
DATA,xy,converse,4,-1,8,0,16,500,0.000089,n/a
DATA,xy,converse,4,-1,8,0,16,500,0.000095,n/a
[Partition 0][Node 0] End of program
=== xy cfg adaptive pes 8 rep 4 ===
Charm++> Running in SMP mode on 1 nodes and 8 PEs
adapt_xy: layer=reconverse pes=8 adaptive=1 m=500 iters=5 phases_per_step=4 steps=9 x0=16 y0=0 dx=-2 dy=2
Format: DATA,xy,{layer},{pes},{adaptive},{step},{x},{y},{m},{mean iter s},{slots}
DATA,xy,reconverse,8,1,0,16,0,500,0.002293,nodeq=57 threadq=5 nodeprio=1 threadprio=1
DATA,xy,reconverse,8,1,0,16,0,500,0.001931,nodeq=53 threadq=9 nodeprio=1 threadprio=1
DATA,xy,reconverse,8,1,0,16,0,500,0.001899,nodeq=56 threadq=6 nodeprio=1 threadprio=1
DATA,xy,reconverse,8,1,0,16,0,500,0.001894,nodeq=54 threadq=8 nodeprio=1 threadprio=1
DATA,xy,reconverse,8,1,1,14,2,500,0.001921,nodeq=31 threadq=31 nodeprio=1 threadprio=1
DATA,xy,reconverse,8,1,1,14,2,500,0.001937,nodeq=31 threadq=31 nodeprio=1 threadprio=1
DATA,xy,reconverse,8,1,1,14,2,500,0.001921,nodeq=31 threadq=31 nodeprio=1 threadprio=1
DATA,xy,reconverse,8,1,1,14,2,500,0.001902,nodeq=32 threadq=30 nodeprio=1 threadprio=1
DATA,xy,reconverse,8,1,2,12,4,500,0.001895,nodeq=32 threadq=30 nodeprio=1 threadprio=1
DATA,xy,reconverse,8,1,2,12,4,500,0.001893,nodeq=33 threadq=29 nodeprio=1 threadprio=1
DATA,xy,reconverse,8,1,2,12,4,500,0.001898,nodeq=32 threadq=30 nodeprio=1 threadprio=1
DATA,xy,reconverse,8,1,2,12,4,500,0.001893,nodeq=33 threadq=29 nodeprio=1 threadprio=1
DATA,xy,reconverse,8,1,3,10,6,500,0.001911,nodeq=33 threadq=29 nodeprio=1 threadprio=1
DATA,xy,reconverse,8,1,3,10,6,500,0.001899,nodeq=32 threadq=30 nodeprio=1 threadprio=1
DATA,xy,reconverse,8,1,3,10,6,500,0.001895,nodeq=31 threadq=31 nodeprio=1 threadprio=1
DATA,xy,reconverse,8,1,3,10,6,500,0.001876,nodeq=31 threadq=31 nodeprio=1 threadprio=1
DATA,xy,reconverse,8,1,4,8,8,500,0.001884,nodeq=31 threadq=31 nodeprio=1 threadprio=1
DATA,xy,reconverse,8,1,4,8,8,500,0.001892,nodeq=31 threadq=31 nodeprio=1 threadprio=1
DATA,xy,reconverse,8,1,4,8,8,500,0.001888,nodeq=31 threadq=31 nodeprio=1 threadprio=1
DATA,xy,reconverse,8,1,4,8,8,500,0.001908,nodeq=31 threadq=31 nodeprio=1 threadprio=1
DATA,xy,reconverse,8,1,5,6,10,500,0.001867,nodeq=31 threadq=31 nodeprio=1 threadprio=1
DATA,xy,reconverse,8,1,5,6,10,500,0.001899,nodeq=31 threadq=31 nodeprio=1 threadprio=1
DATA,xy,reconverse,8,1,5,6,10,500,0.001880,nodeq=31 threadq=31 nodeprio=1 threadprio=1
DATA,xy,reconverse,8,1,5,6,10,500,0.001880,nodeq=31 threadq=31 nodeprio=1 threadprio=1
DATA,xy,reconverse,8,1,6,4,12,500,0.001871,nodeq=31 threadq=31 nodeprio=1 threadprio=1
DATA,xy,reconverse,8,1,6,4,12,500,0.001875,nodeq=31 threadq=31 nodeprio=1 threadprio=1
DATA,xy,reconverse,8,1,6,4,12,500,0.001893,nodeq=32 threadq=30 nodeprio=1 threadprio=1
DATA,xy,reconverse,8,1,6,4,12,500,0.001887,nodeq=32 threadq=30 nodeprio=1 threadprio=1
DATA,xy,reconverse,8,1,7,2,14,500,0.001888,nodeq=33 threadq=29 nodeprio=1 threadprio=1
DATA,xy,reconverse,8,1,7,2,14,500,0.001883,nodeq=32 threadq=30 nodeprio=1 threadprio=1
DATA,xy,reconverse,8,1,7,2,14,500,0.001908,nodeq=33 threadq=29 nodeprio=1 threadprio=1
DATA,xy,reconverse,8,1,7,2,14,500,0.001891,nodeq=32 threadq=30 nodeprio=1 threadprio=1
DATA,xy,reconverse,8,1,8,0,16,500,0.000098,nodeq=1 threadq=61 nodeprio=1 threadprio=1
DATA,xy,reconverse,8,1,8,0,16,500,0.000095,nodeq=1 threadq=61 nodeprio=1 threadprio=1
DATA,xy,reconverse,8,1,8,0,16,500,0.000099,nodeq=1 threadq=61 nodeprio=1 threadprio=1
DATA,xy,reconverse,8,1,8,0,16,500,0.000095,nodeq=1 threadq=61 nodeprio=1 threadprio=1
=== xy cfg hitrate pes 8 rep 4 ===
Charm++> Running in SMP mode on 1 nodes and 8 PEs
adapt_xy: layer=reconverse pes=8 adaptive=1 m=500 iters=5 phases_per_step=4 steps=9 x0=16 y0=0 dx=-2 dy=2
Format: DATA,xy,{layer},{pes},{adaptive},{step},{x},{y},{m},{mean iter s},{slots}
DATA,xy,reconverse,8,1,0,16,0,500,0.001759,nodeq=58 threadq=4 nodeprio=1 threadprio=1
DATA,xy,reconverse,8,1,0,16,0,500,0.001747,nodeq=53 threadq=9 nodeprio=1 threadprio=1
DATA,xy,reconverse,8,1,0,16,0,500,0.001701,nodeq=54 threadq=8 nodeprio=1 threadprio=1
DATA,xy,reconverse,8,1,0,16,0,500,0.001731,nodeq=54 threadq=8 nodeprio=1 threadprio=1
DATA,xy,reconverse,8,1,1,14,2,500,0.001683,nodeq=31 threadq=31 nodeprio=1 threadprio=1
DATA,xy,reconverse,8,1,1,14,2,500,0.001679,nodeq=31 threadq=31 nodeprio=1 threadprio=1
DATA,xy,reconverse,8,1,1,14,2,500,0.001658,nodeq=31 threadq=31 nodeprio=1 threadprio=1
DATA,xy,reconverse,8,1,1,14,2,500,0.001661,nodeq=32 threadq=30 nodeprio=1 threadprio=1
DATA,xy,reconverse,8,1,2,12,4,500,0.001658,nodeq=31 threadq=31 nodeprio=1 threadprio=1
DATA,xy,reconverse,8,1,2,12,4,500,0.001669,nodeq=31 threadq=31 nodeprio=1 threadprio=1
DATA,xy,reconverse,8,1,2,12,4,500,0.001647,nodeq=31 threadq=31 nodeprio=1 threadprio=1
DATA,xy,reconverse,8,1,2,12,4,500,0.001670,nodeq=32 threadq=30 nodeprio=1 threadprio=1
DATA,xy,reconverse,8,1,3,10,6,500,0.001651,nodeq=31 threadq=31 nodeprio=1 threadprio=1
DATA,xy,reconverse,8,1,3,10,6,500,0.001667,nodeq=31 threadq=31 nodeprio=1 threadprio=1
DATA,xy,reconverse,8,1,3,10,6,500,0.001662,nodeq=31 threadq=31 nodeprio=1 threadprio=1
DATA,xy,reconverse,8,1,3,10,6,500,0.001663,nodeq=31 threadq=31 nodeprio=1 threadprio=1
DATA,xy,reconverse,8,1,4,8,8,500,0.001678,nodeq=31 threadq=31 nodeprio=1 threadprio=1
DATA,xy,reconverse,8,1,4,8,8,500,0.001651,nodeq=31 threadq=31 nodeprio=1 threadprio=1
DATA,xy,reconverse,8,1,4,8,8,500,0.001662,nodeq=31 threadq=31 nodeprio=1 threadprio=1
DATA,xy,reconverse,8,1,4,8,8,500,0.001660,nodeq=31 threadq=31 nodeprio=1 threadprio=1
DATA,xy,reconverse,8,1,5,6,10,500,0.001656,nodeq=31 threadq=31 nodeprio=1 threadprio=1
DATA,xy,reconverse,8,1,5,6,10,500,0.001662,nodeq=31 threadq=31 nodeprio=1 threadprio=1
DATA,xy,reconverse,8,1,5,6,10,500,0.001654,nodeq=31 threadq=31 nodeprio=1 threadprio=1
DATA,xy,reconverse,8,1,5,6,10,500,0.001657,nodeq=32 threadq=30 nodeprio=1 threadprio=1
DATA,xy,reconverse,8,1,6,4,12,500,0.001649,nodeq=31 threadq=31 nodeprio=1 threadprio=1
DATA,xy,reconverse,8,1,6,4,12,500,0.001671,nodeq=32 threadq=30 nodeprio=1 threadprio=1
DATA,xy,reconverse,8,1,6,4,12,500,0.001676,nodeq=31 threadq=31 nodeprio=1 threadprio=1
DATA,xy,reconverse,8,1,6,4,12,500,0.001669,nodeq=31 threadq=31 nodeprio=1 threadprio=1
DATA,xy,reconverse,8,1,7,2,14,500,0.001658,nodeq=31 threadq=31 nodeprio=1 threadprio=1
DATA,xy,reconverse,8,1,7,2,14,500,0.001656,nodeq=31 threadq=31 nodeprio=1 threadprio=1
DATA,xy,reconverse,8,1,7,2,14,500,0.001649,nodeq=31 threadq=31 nodeprio=1 threadprio=1
DATA,xy,reconverse,8,1,7,2,14,500,0.001667,nodeq=31 threadq=31 nodeprio=1 threadprio=1
DATA,xy,reconverse,8,1,8,0,16,500,0.000101,nodeq=1 threadq=61 nodeprio=1 threadprio=1
DATA,xy,reconverse,8,1,8,0,16,500,0.000101,nodeq=1 threadq=61 nodeprio=1 threadprio=1
DATA,xy,reconverse,8,1,8,0,16,500,0.000099,nodeq=1 threadq=61 nodeprio=1 threadprio=1
DATA,xy,reconverse,8,1,8,0,16,500,0.000099,nodeq=1 threadq=61 nodeprio=1 threadprio=1
=== xy cfg static pes 8 rep 4 ===
Charm++> Running in SMP mode on 1 nodes and 8 PEs
adapt_xy: layer=reconverse pes=8 adaptive=0 m=500 iters=5 phases_per_step=4 steps=9 x0=16 y0=0 dx=-2 dy=2
Format: DATA,xy,{layer},{pes},{adaptive},{step},{x},{y},{m},{mean iter s},{slots}
DATA,xy,reconverse,8,0,0,16,0,500,0.001905,nodeq=3 threadq=29 nodeprio=3 threadprio=29
DATA,xy,reconverse,8,0,0,16,0,500,0.001867,nodeq=3 threadq=29 nodeprio=3 threadprio=29
DATA,xy,reconverse,8,0,0,16,0,500,0.001860,nodeq=3 threadq=29 nodeprio=3 threadprio=29
DATA,xy,reconverse,8,0,0,16,0,500,0.001845,nodeq=3 threadq=29 nodeprio=3 threadprio=29
DATA,xy,reconverse,8,0,1,14,2,500,0.001900,nodeq=3 threadq=29 nodeprio=3 threadprio=29
DATA,xy,reconverse,8,0,1,14,2,500,0.001896,nodeq=3 threadq=29 nodeprio=3 threadprio=29
DATA,xy,reconverse,8,0,1,14,2,500,0.001869,nodeq=3 threadq=29 nodeprio=3 threadprio=29
DATA,xy,reconverse,8,0,1,14,2,500,0.001874,nodeq=3 threadq=29 nodeprio=3 threadprio=29
DATA,xy,reconverse,8,0,2,12,4,500,0.001878,nodeq=3 threadq=29 nodeprio=3 threadprio=29
DATA,xy,reconverse,8,0,2,12,4,500,0.001865,nodeq=3 threadq=29 nodeprio=3 threadprio=29
DATA,xy,reconverse,8,0,2,12,4,500,0.001899,nodeq=3 threadq=29 nodeprio=3 threadprio=29
DATA,xy,reconverse,8,0,2,12,4,500,0.001894,nodeq=3 threadq=29 nodeprio=3 threadprio=29
DATA,xy,reconverse,8,0,3,10,6,500,0.001889,nodeq=3 threadq=29 nodeprio=3 threadprio=29
DATA,xy,reconverse,8,0,3,10,6,500,0.001898,nodeq=3 threadq=29 nodeprio=3 threadprio=29
DATA,xy,reconverse,8,0,3,10,6,500,0.001911,nodeq=3 threadq=29 nodeprio=3 threadprio=29
DATA,xy,reconverse,8,0,3,10,6,500,0.001871,nodeq=3 threadq=29 nodeprio=3 threadprio=29
DATA,xy,reconverse,8,0,4,8,8,500,0.001889,nodeq=3 threadq=29 nodeprio=3 threadprio=29
DATA,xy,reconverse,8,0,4,8,8,500,0.001892,nodeq=3 threadq=29 nodeprio=3 threadprio=29
DATA,xy,reconverse,8,0,4,8,8,500,0.001883,nodeq=3 threadq=29 nodeprio=3 threadprio=29
DATA,xy,reconverse,8,0,4,8,8,500,0.001891,nodeq=3 threadq=29 nodeprio=3 threadprio=29
DATA,xy,reconverse,8,0,5,6,10,500,0.001869,nodeq=3 threadq=29 nodeprio=3 threadprio=29
DATA,xy,reconverse,8,0,5,6,10,500,0.001900,nodeq=3 threadq=29 nodeprio=3 threadprio=29
DATA,xy,reconverse,8,0,5,6,10,500,0.001895,nodeq=3 threadq=29 nodeprio=3 threadprio=29
DATA,xy,reconverse,8,0,5,6,10,500,0.001862,nodeq=3 threadq=29 nodeprio=3 threadprio=29
DATA,xy,reconverse,8,0,6,4,12,500,0.001883,nodeq=3 threadq=29 nodeprio=3 threadprio=29
DATA,xy,reconverse,8,0,6,4,12,500,0.001880,nodeq=3 threadq=29 nodeprio=3 threadprio=29
DATA,xy,reconverse,8,0,6,4,12,500,0.001866,nodeq=3 threadq=29 nodeprio=3 threadprio=29
DATA,xy,reconverse,8,0,6,4,12,500,0.001881,nodeq=3 threadq=29 nodeprio=3 threadprio=29
DATA,xy,reconverse,8,0,7,2,14,500,0.001852,nodeq=3 threadq=29 nodeprio=3 threadprio=29
DATA,xy,reconverse,8,0,7,2,14,500,0.001867,nodeq=3 threadq=29 nodeprio=3 threadprio=29
DATA,xy,reconverse,8,0,7,2,14,500,0.001891,nodeq=3 threadq=29 nodeprio=3 threadprio=29
DATA,xy,reconverse,8,0,7,2,14,500,0.001893,nodeq=3 threadq=29 nodeprio=3 threadprio=29
DATA,xy,reconverse,8,0,8,0,16,500,0.000108,nodeq=3 threadq=29 nodeprio=3 threadprio=29
DATA,xy,reconverse,8,0,8,0,16,500,0.000109,nodeq=3 threadq=29 nodeprio=3 threadprio=29
DATA,xy,reconverse,8,0,8,0,16,500,0.000105,nodeq=3 threadq=29 nodeprio=3 threadprio=29
DATA,xy,reconverse,8,0,8,0,16,500,0.000108,nodeq=3 threadq=29 nodeprio=3 threadprio=29
=== xy cfg converse pes 8 rep 4 ===
Charm++> Running on MPI library: MPI VERSION    : CRAY MPICH version 8.1.32.110 (ANL base 3.4a2)
MPI BUILD INFO : Thu Feb 06 22:53 2025 (git hash f9c5634)
 (MPI standard: 3.1)
Charm++> Level of thread support used: MPI_THREAD_FUNNELED (desired: MPI_THREAD_FUNNELED)
Charm++> Running in SMP mode: 1 processes, 8 worker threads (PEs) + 1 comm threads per process, 8 PEs total
Charm++> The comm. thread both sends and receives messages
Converse/Charm++ Commit ID: v8.0.1-devel-36-g3c3086b33
adapt_xy: layer=converse pes=8 adaptive=-1 m=500 iters=5 phases_per_step=4 steps=9 x0=16 y0=0 dx=-2 dy=2
Format: DATA,xy,{layer},{pes},{adaptive},{step},{x},{y},{m},{mean iter s},{slots}
DATA,xy,converse,8,-1,0,16,0,500,0.005126,n/a
DATA,xy,converse,8,-1,0,16,0,500,0.005017,n/a
DATA,xy,converse,8,-1,0,16,0,500,0.004904,n/a
DATA,xy,converse,8,-1,0,16,0,500,0.005006,n/a
DATA,xy,converse,8,-1,1,14,2,500,0.005296,n/a
DATA,xy,converse,8,-1,1,14,2,500,0.005067,n/a
DATA,xy,converse,8,-1,1,14,2,500,0.005239,n/a
DATA,xy,converse,8,-1,1,14,2,500,0.005194,n/a
DATA,xy,converse,8,-1,2,12,4,500,0.005108,n/a
DATA,xy,converse,8,-1,2,12,4,500,0.005019,n/a
DATA,xy,converse,8,-1,2,12,4,500,0.005105,n/a
DATA,xy,converse,8,-1,2,12,4,500,0.005232,n/a
DATA,xy,converse,8,-1,3,10,6,500,0.005162,n/a
DATA,xy,converse,8,-1,3,10,6,500,0.005224,n/a
DATA,xy,converse,8,-1,3,10,6,500,0.005058,n/a
DATA,xy,converse,8,-1,3,10,6,500,0.005032,n/a
DATA,xy,converse,8,-1,4,8,8,500,0.005189,n/a
DATA,xy,converse,8,-1,4,8,8,500,0.005051,n/a
DATA,xy,converse,8,-1,4,8,8,500,0.005068,n/a
DATA,xy,converse,8,-1,4,8,8,500,0.005215,n/a
DATA,xy,converse,8,-1,5,6,10,500,0.005122,n/a
DATA,xy,converse,8,-1,5,6,10,500,0.005142,n/a
DATA,xy,converse,8,-1,5,6,10,500,0.005102,n/a
DATA,xy,converse,8,-1,5,6,10,500,0.005233,n/a
DATA,xy,converse,8,-1,6,4,12,500,0.005011,n/a
DATA,xy,converse,8,-1,6,4,12,500,0.005045,n/a
DATA,xy,converse,8,-1,6,4,12,500,0.005159,n/a
DATA,xy,converse,8,-1,6,4,12,500,0.005013,n/a
DATA,xy,converse,8,-1,7,2,14,500,0.005119,n/a
DATA,xy,converse,8,-1,7,2,14,500,0.004914,n/a
DATA,xy,converse,8,-1,7,2,14,500,0.004957,n/a
DATA,xy,converse,8,-1,7,2,14,500,0.004979,n/a
DATA,xy,converse,8,-1,8,0,16,500,0.000313,n/a
DATA,xy,converse,8,-1,8,0,16,500,0.000312,n/a
DATA,xy,converse,8,-1,8,0,16,500,0.000311,n/a
DATA,xy,converse,8,-1,8,0,16,500,0.000311,n/a
[Partition 0][Node 0] End of program
=== xy cfg adaptive pes 4 rep 5 ===
Charm++> Running in SMP mode on 1 nodes and 4 PEs
adapt_xy: layer=reconverse pes=4 adaptive=1 m=500 iters=5 phases_per_step=4 steps=9 x0=16 y0=0 dx=-2 dy=2
Format: DATA,xy,{layer},{pes},{adaptive},{step},{x},{y},{m},{mean iter s},{slots}
DATA,xy,reconverse,4,1,0,16,0,500,0.000419,nodeq=51 threadq=11 nodeprio=1 threadprio=1
DATA,xy,reconverse,4,1,0,16,0,500,0.000401,nodeq=56 threadq=6 nodeprio=1 threadprio=1
DATA,xy,reconverse,4,1,0,16,0,500,0.000422,nodeq=53 threadq=9 nodeprio=1 threadprio=1
DATA,xy,reconverse,4,1,0,16,0,500,0.000395,nodeq=56 threadq=6 nodeprio=1 threadprio=1
DATA,xy,reconverse,4,1,1,14,2,500,0.000463,nodeq=31 threadq=31 nodeprio=1 threadprio=1
DATA,xy,reconverse,4,1,1,14,2,500,0.000432,nodeq=31 threadq=31 nodeprio=1 threadprio=1
DATA,xy,reconverse,4,1,1,14,2,500,0.000427,nodeq=31 threadq=31 nodeprio=1 threadprio=1
DATA,xy,reconverse,4,1,1,14,2,500,0.000428,nodeq=31 threadq=31 nodeprio=1 threadprio=1
DATA,xy,reconverse,4,1,2,12,4,500,0.000428,nodeq=31 threadq=31 nodeprio=1 threadprio=1
DATA,xy,reconverse,4,1,2,12,4,500,0.000429,nodeq=31 threadq=31 nodeprio=1 threadprio=1
DATA,xy,reconverse,4,1,2,12,4,500,0.000428,nodeq=31 threadq=31 nodeprio=1 threadprio=1
DATA,xy,reconverse,4,1,2,12,4,500,0.000423,nodeq=31 threadq=31 nodeprio=1 threadprio=1
DATA,xy,reconverse,4,1,3,10,6,500,0.000428,nodeq=31 threadq=31 nodeprio=1 threadprio=1
DATA,xy,reconverse,4,1,3,10,6,500,0.000424,nodeq=31 threadq=31 nodeprio=1 threadprio=1
DATA,xy,reconverse,4,1,3,10,6,500,0.000423,nodeq=30 threadq=32 nodeprio=1 threadprio=1
DATA,xy,reconverse,4,1,3,10,6,500,0.000424,nodeq=32 threadq=30 nodeprio=1 threadprio=1
DATA,xy,reconverse,4,1,4,8,8,500,0.000425,nodeq=31 threadq=31 nodeprio=1 threadprio=1
DATA,xy,reconverse,4,1,4,8,8,500,0.000424,nodeq=30 threadq=32 nodeprio=1 threadprio=1
DATA,xy,reconverse,4,1,4,8,8,500,0.000424,nodeq=32 threadq=30 nodeprio=1 threadprio=1
DATA,xy,reconverse,4,1,4,8,8,500,0.000424,nodeq=30 threadq=32 nodeprio=1 threadprio=1
DATA,xy,reconverse,4,1,5,6,10,500,0.000423,nodeq=32 threadq=30 nodeprio=1 threadprio=1
DATA,xy,reconverse,4,1,5,6,10,500,0.000420,nodeq=31 threadq=31 nodeprio=1 threadprio=1
DATA,xy,reconverse,4,1,5,6,10,500,0.000420,nodeq=30 threadq=32 nodeprio=1 threadprio=1
DATA,xy,reconverse,4,1,5,6,10,500,0.000420,nodeq=31 threadq=31 nodeprio=1 threadprio=1
DATA,xy,reconverse,4,1,6,4,12,500,0.000420,nodeq=30 threadq=32 nodeprio=1 threadprio=1
DATA,xy,reconverse,4,1,6,4,12,500,0.000425,nodeq=31 threadq=31 nodeprio=1 threadprio=1
DATA,xy,reconverse,4,1,6,4,12,500,0.000417,nodeq=30 threadq=32 nodeprio=1 threadprio=1
DATA,xy,reconverse,4,1,6,4,12,500,0.000427,nodeq=31 threadq=31 nodeprio=1 threadprio=1
DATA,xy,reconverse,4,1,7,2,14,500,0.000422,nodeq=30 threadq=32 nodeprio=1 threadprio=1
DATA,xy,reconverse,4,1,7,2,14,500,0.000427,nodeq=31 threadq=31 nodeprio=1 threadprio=1
DATA,xy,reconverse,4,1,7,2,14,500,0.000426,nodeq=31 threadq=31 nodeprio=1 threadprio=1
DATA,xy,reconverse,4,1,7,2,14,500,0.000421,nodeq=31 threadq=31 nodeprio=1 threadprio=1
DATA,xy,reconverse,4,1,8,0,16,500,0.000074,nodeq=1 threadq=61 nodeprio=1 threadprio=1
DATA,xy,reconverse,4,1,8,0,16,500,0.000071,nodeq=1 threadq=61 nodeprio=1 threadprio=1
DATA,xy,reconverse,4,1,8,0,16,500,0.000072,nodeq=1 threadq=61 nodeprio=1 threadprio=1
DATA,xy,reconverse,4,1,8,0,16,500,0.000072,nodeq=1 threadq=61 nodeprio=1 threadprio=1
=== xy cfg hitrate pes 4 rep 5 ===
Charm++> Running in SMP mode on 1 nodes and 4 PEs
adapt_xy: layer=reconverse pes=4 adaptive=1 m=500 iters=5 phases_per_step=4 steps=9 x0=16 y0=0 dx=-2 dy=2
Format: DATA,xy,{layer},{pes},{adaptive},{step},{x},{y},{m},{mean iter s},{slots}
DATA,xy,reconverse,4,1,0,16,0,500,0.000373,nodeq=51 threadq=11 nodeprio=1 threadprio=1
DATA,xy,reconverse,4,1,0,16,0,500,0.000377,nodeq=57 threadq=5 nodeprio=1 threadprio=1
DATA,xy,reconverse,4,1,0,16,0,500,0.000367,nodeq=56 threadq=6 nodeprio=1 threadprio=1
DATA,xy,reconverse,4,1,0,16,0,500,0.000374,nodeq=53 threadq=9 nodeprio=1 threadprio=1
DATA,xy,reconverse,4,1,1,14,2,500,0.000395,nodeq=31 threadq=31 nodeprio=1 threadprio=1
DATA,xy,reconverse,4,1,1,14,2,500,0.000388,nodeq=31 threadq=31 nodeprio=1 threadprio=1
DATA,xy,reconverse,4,1,1,14,2,500,0.000380,nodeq=32 threadq=30 nodeprio=1 threadprio=1
DATA,xy,reconverse,4,1,1,14,2,500,0.000381,nodeq=30 threadq=32 nodeprio=1 threadprio=1
DATA,xy,reconverse,4,1,2,12,4,500,0.000389,nodeq=30 threadq=32 nodeprio=1 threadprio=1
DATA,xy,reconverse,4,1,2,12,4,500,0.000381,nodeq=31 threadq=31 nodeprio=1 threadprio=1
DATA,xy,reconverse,4,1,2,12,4,500,0.000382,nodeq=31 threadq=31 nodeprio=1 threadprio=1
DATA,xy,reconverse,4,1,2,12,4,500,0.000380,nodeq=31 threadq=31 nodeprio=1 threadprio=1
DATA,xy,reconverse,4,1,3,10,6,500,0.000382,nodeq=31 threadq=31 nodeprio=1 threadprio=1
DATA,xy,reconverse,4,1,3,10,6,500,0.000377,nodeq=31 threadq=31 nodeprio=1 threadprio=1
DATA,xy,reconverse,4,1,3,10,6,500,0.000378,nodeq=31 threadq=31 nodeprio=1 threadprio=1
DATA,xy,reconverse,4,1,3,10,6,500,0.000377,nodeq=31 threadq=31 nodeprio=1 threadprio=1
DATA,xy,reconverse,4,1,4,8,8,500,0.000382,nodeq=31 threadq=31 nodeprio=1 threadprio=1
DATA,xy,reconverse,4,1,4,8,8,500,0.000378,nodeq=31 threadq=31 nodeprio=1 threadprio=1
DATA,xy,reconverse,4,1,4,8,8,500,0.000376,nodeq=31 threadq=31 nodeprio=1 threadprio=1
DATA,xy,reconverse,4,1,4,8,8,500,0.000378,nodeq=31 threadq=31 nodeprio=1 threadprio=1
DATA,xy,reconverse,4,1,5,6,10,500,0.000375,nodeq=31 threadq=31 nodeprio=1 threadprio=1
DATA,xy,reconverse,4,1,5,6,10,500,0.000374,nodeq=31 threadq=31 nodeprio=1 threadprio=1
DATA,xy,reconverse,4,1,5,6,10,500,0.000373,nodeq=31 threadq=31 nodeprio=1 threadprio=1
DATA,xy,reconverse,4,1,5,6,10,500,0.000373,nodeq=31 threadq=31 nodeprio=1 threadprio=1
DATA,xy,reconverse,4,1,6,4,12,500,0.000379,nodeq=31 threadq=31 nodeprio=1 threadprio=1
DATA,xy,reconverse,4,1,6,4,12,500,0.000378,nodeq=31 threadq=31 nodeprio=1 threadprio=1
DATA,xy,reconverse,4,1,6,4,12,500,0.000379,nodeq=31 threadq=31 nodeprio=1 threadprio=1
DATA,xy,reconverse,4,1,6,4,12,500,0.000379,nodeq=32 threadq=30 nodeprio=1 threadprio=1
DATA,xy,reconverse,4,1,7,2,14,500,0.000380,nodeq=30 threadq=32 nodeprio=1 threadprio=1
DATA,xy,reconverse,4,1,7,2,14,500,0.000380,nodeq=30 threadq=32 nodeprio=1 threadprio=1
DATA,xy,reconverse,4,1,7,2,14,500,0.000382,nodeq=30 threadq=32 nodeprio=1 threadprio=1
DATA,xy,reconverse,4,1,7,2,14,500,0.000380,nodeq=31 threadq=31 nodeprio=1 threadprio=1
DATA,xy,reconverse,4,1,8,0,16,500,0.000077,nodeq=1 threadq=61 nodeprio=1 threadprio=1
DATA,xy,reconverse,4,1,8,0,16,500,0.000074,nodeq=1 threadq=61 nodeprio=1 threadprio=1
DATA,xy,reconverse,4,1,8,0,16,500,0.000074,nodeq=1 threadq=61 nodeprio=1 threadprio=1
DATA,xy,reconverse,4,1,8,0,16,500,0.000075,nodeq=1 threadq=61 nodeprio=1 threadprio=1
=== xy cfg static pes 4 rep 5 ===
Charm++> Running in SMP mode on 1 nodes and 4 PEs
adapt_xy: layer=reconverse pes=4 adaptive=0 m=500 iters=5 phases_per_step=4 steps=9 x0=16 y0=0 dx=-2 dy=2
Format: DATA,xy,{layer},{pes},{adaptive},{step},{x},{y},{m},{mean iter s},{slots}
DATA,xy,reconverse,4,0,0,16,0,500,0.000463,nodeq=3 threadq=29 nodeprio=3 threadprio=29
DATA,xy,reconverse,4,0,0,16,0,500,0.000475,nodeq=3 threadq=29 nodeprio=3 threadprio=29
DATA,xy,reconverse,4,0,0,16,0,500,0.000463,nodeq=3 threadq=29 nodeprio=3 threadprio=29
DATA,xy,reconverse,4,0,0,16,0,500,0.000464,nodeq=3 threadq=29 nodeprio=3 threadprio=29
DATA,xy,reconverse,4,0,1,14,2,500,0.000507,nodeq=3 threadq=29 nodeprio=3 threadprio=29
DATA,xy,reconverse,4,0,1,14,2,500,0.000509,nodeq=3 threadq=29 nodeprio=3 threadprio=29
DATA,xy,reconverse,4,0,1,14,2,500,0.000502,nodeq=3 threadq=29 nodeprio=3 threadprio=29
DATA,xy,reconverse,4,0,1,14,2,500,0.000501,nodeq=3 threadq=29 nodeprio=3 threadprio=29
DATA,xy,reconverse,4,0,2,12,4,500,0.000500,nodeq=3 threadq=29 nodeprio=3 threadprio=29
DATA,xy,reconverse,4,0,2,12,4,500,0.000503,nodeq=3 threadq=29 nodeprio=3 threadprio=29
DATA,xy,reconverse,4,0,2,12,4,500,0.000505,nodeq=3 threadq=29 nodeprio=3 threadprio=29
DATA,xy,reconverse,4,0,2,12,4,500,0.000498,nodeq=3 threadq=29 nodeprio=3 threadprio=29
DATA,xy,reconverse,4,0,3,10,6,500,0.000503,nodeq=3 threadq=29 nodeprio=3 threadprio=29
DATA,xy,reconverse,4,0,3,10,6,500,0.000508,nodeq=3 threadq=29 nodeprio=3 threadprio=29
DATA,xy,reconverse,4,0,3,10,6,500,0.000511,nodeq=3 threadq=29 nodeprio=3 threadprio=29
DATA,xy,reconverse,4,0,3,10,6,500,0.000502,nodeq=3 threadq=29 nodeprio=3 threadprio=29
DATA,xy,reconverse,4,0,4,8,8,500,0.000506,nodeq=3 threadq=29 nodeprio=3 threadprio=29
DATA,xy,reconverse,4,0,4,8,8,500,0.000505,nodeq=3 threadq=29 nodeprio=3 threadprio=29
DATA,xy,reconverse,4,0,4,8,8,500,0.000507,nodeq=3 threadq=29 nodeprio=3 threadprio=29
DATA,xy,reconverse,4,0,4,8,8,500,0.000503,nodeq=3 threadq=29 nodeprio=3 threadprio=29
DATA,xy,reconverse,4,0,5,6,10,500,0.000504,nodeq=3 threadq=29 nodeprio=3 threadprio=29
DATA,xy,reconverse,4,0,5,6,10,500,0.000505,nodeq=3 threadq=29 nodeprio=3 threadprio=29
DATA,xy,reconverse,4,0,5,6,10,500,0.000507,nodeq=3 threadq=29 nodeprio=3 threadprio=29
DATA,xy,reconverse,4,0,5,6,10,500,0.000498,nodeq=3 threadq=29 nodeprio=3 threadprio=29
DATA,xy,reconverse,4,0,6,4,12,500,0.000503,nodeq=3 threadq=29 nodeprio=3 threadprio=29
DATA,xy,reconverse,4,0,6,4,12,500,0.000508,nodeq=3 threadq=29 nodeprio=3 threadprio=29
DATA,xy,reconverse,4,0,6,4,12,500,0.000499,nodeq=3 threadq=29 nodeprio=3 threadprio=29
DATA,xy,reconverse,4,0,6,4,12,500,0.000504,nodeq=3 threadq=29 nodeprio=3 threadprio=29
DATA,xy,reconverse,4,0,7,2,14,500,0.000500,nodeq=3 threadq=29 nodeprio=3 threadprio=29
DATA,xy,reconverse,4,0,7,2,14,500,0.000499,nodeq=3 threadq=29 nodeprio=3 threadprio=29
DATA,xy,reconverse,4,0,7,2,14,500,0.000497,nodeq=3 threadq=29 nodeprio=3 threadprio=29
DATA,xy,reconverse,4,0,7,2,14,500,0.000501,nodeq=3 threadq=29 nodeprio=3 threadprio=29
DATA,xy,reconverse,4,0,8,0,16,500,0.000078,nodeq=3 threadq=29 nodeprio=3 threadprio=29
DATA,xy,reconverse,4,0,8,0,16,500,0.000078,nodeq=3 threadq=29 nodeprio=3 threadprio=29
DATA,xy,reconverse,4,0,8,0,16,500,0.000079,nodeq=3 threadq=29 nodeprio=3 threadprio=29
DATA,xy,reconverse,4,0,8,0,16,500,0.000078,nodeq=3 threadq=29 nodeprio=3 threadprio=29
=== xy cfg converse pes 4 rep 5 ===
Charm++> Running on MPI library: MPI VERSION    : CRAY MPICH version 8.1.32.110 (ANL base 3.4a2)
MPI BUILD INFO : Thu Feb 06 22:53 2025 (git hash f9c5634)
 (MPI standard: 3.1)
Charm++> Level of thread support used: MPI_THREAD_FUNNELED (desired: MPI_THREAD_FUNNELED)
Charm++> Running in SMP mode: 1 processes, 4 worker threads (PEs) + 1 comm threads per process, 4 PEs total
Charm++> The comm. thread both sends and receives messages
Converse/Charm++ Commit ID: v8.0.1-devel-36-g3c3086b33
adapt_xy: layer=converse pes=4 adaptive=-1 m=500 iters=5 phases_per_step=4 steps=9 x0=16 y0=0 dx=-2 dy=2
Format: DATA,xy,{layer},{pes},{adaptive},{step},{x},{y},{m},{mean iter s},{slots}
DATA,xy,converse,4,-1,0,16,0,500,0.001086,n/a
DATA,xy,converse,4,-1,0,16,0,500,0.001161,n/a
DATA,xy,converse,4,-1,0,16,0,500,0.001133,n/a
DATA,xy,converse,4,-1,0,16,0,500,0.001183,n/a
DATA,xy,converse,4,-1,1,14,2,500,0.001312,n/a
DATA,xy,converse,4,-1,1,14,2,500,0.001348,n/a
DATA,xy,converse,4,-1,1,14,2,500,0.001372,n/a
DATA,xy,converse,4,-1,1,14,2,500,0.001283,n/a
DATA,xy,converse,4,-1,2,12,4,500,0.001323,n/a
DATA,xy,converse,4,-1,2,12,4,500,0.001330,n/a
DATA,xy,converse,4,-1,2,12,4,500,0.001304,n/a
DATA,xy,converse,4,-1,2,12,4,500,0.001352,n/a
DATA,xy,converse,4,-1,3,10,6,500,0.001309,n/a
DATA,xy,converse,4,-1,3,10,6,500,0.001258,n/a
DATA,xy,converse,4,-1,3,10,6,500,0.001269,n/a
DATA,xy,converse,4,-1,3,10,6,500,0.001310,n/a
DATA,xy,converse,4,-1,4,8,8,500,0.001311,n/a
DATA,xy,converse,4,-1,4,8,8,500,0.001326,n/a
DATA,xy,converse,4,-1,4,8,8,500,0.001346,n/a
DATA,xy,converse,4,-1,4,8,8,500,0.001215,n/a
DATA,xy,converse,4,-1,5,6,10,500,0.001245,n/a
DATA,xy,converse,4,-1,5,6,10,500,0.001265,n/a
DATA,xy,converse,4,-1,5,6,10,500,0.001362,n/a
DATA,xy,converse,4,-1,5,6,10,500,0.001263,n/a
DATA,xy,converse,4,-1,6,4,12,500,0.001220,n/a
DATA,xy,converse,4,-1,6,4,12,500,0.001370,n/a
DATA,xy,converse,4,-1,6,4,12,500,0.001249,n/a
DATA,xy,converse,4,-1,6,4,12,500,0.001308,n/a
DATA,xy,converse,4,-1,7,2,14,500,0.001248,n/a
DATA,xy,converse,4,-1,7,2,14,500,0.001268,n/a
DATA,xy,converse,4,-1,7,2,14,500,0.001278,n/a
DATA,xy,converse,4,-1,7,2,14,500,0.001164,n/a
DATA,xy,converse,4,-1,8,0,16,500,0.000130,n/a
DATA,xy,converse,4,-1,8,0,16,500,0.000111,n/a
DATA,xy,converse,4,-1,8,0,16,500,0.000125,n/a
DATA,xy,converse,4,-1,8,0,16,500,0.000140,n/a
[Partition 0][Node 0] End of program
=== xy cfg adaptive pes 8 rep 5 ===
Charm++> Running in SMP mode on 1 nodes and 8 PEs
adapt_xy: layer=reconverse pes=8 adaptive=1 m=500 iters=5 phases_per_step=4 steps=9 x0=16 y0=0 dx=-2 dy=2
Format: DATA,xy,{layer},{pes},{adaptive},{step},{x},{y},{m},{mean iter s},{slots}
DATA,xy,reconverse,8,1,0,16,0,500,0.002019,nodeq=58 threadq=4 nodeprio=1 threadprio=1
DATA,xy,reconverse,8,1,0,16,0,500,0.002014,nodeq=52 threadq=10 nodeprio=1 threadprio=1
DATA,xy,reconverse,8,1,0,16,0,500,0.002024,nodeq=55 threadq=7 nodeprio=1 threadprio=1
DATA,xy,reconverse,8,1,0,16,0,500,0.002087,nodeq=49 threadq=13 nodeprio=1 threadprio=1
DATA,xy,reconverse,8,1,1,14,2,500,0.002075,nodeq=31 threadq=31 nodeprio=1 threadprio=1
DATA,xy,reconverse,8,1,1,14,2,500,0.002097,nodeq=31 threadq=31 nodeprio=1 threadprio=1
DATA,xy,reconverse,8,1,1,14,2,500,0.002090,nodeq=33 threadq=29 nodeprio=1 threadprio=1
DATA,xy,reconverse,8,1,1,14,2,500,0.002084,nodeq=31 threadq=31 nodeprio=1 threadprio=1
DATA,xy,reconverse,8,1,2,12,4,500,0.002108,nodeq=31 threadq=31 nodeprio=1 threadprio=1
DATA,xy,reconverse,8,1,2,12,4,500,0.002102,nodeq=31 threadq=31 nodeprio=1 threadprio=1
DATA,xy,reconverse,8,1,2,12,4,500,0.002108,nodeq=32 threadq=30 nodeprio=1 threadprio=1
DATA,xy,reconverse,8,1,2,12,4,500,0.002064,nodeq=31 threadq=31 nodeprio=1 threadprio=1
DATA,xy,reconverse,8,1,3,10,6,500,0.002088,nodeq=31 threadq=31 nodeprio=1 threadprio=1
DATA,xy,reconverse,8,1,3,10,6,500,0.002069,nodeq=31 threadq=31 nodeprio=1 threadprio=1
DATA,xy,reconverse,8,1,3,10,6,500,0.002091,nodeq=33 threadq=29 nodeprio=1 threadprio=1
DATA,xy,reconverse,8,1,3,10,6,500,0.002093,nodeq=31 threadq=31 nodeprio=1 threadprio=1
DATA,xy,reconverse,8,1,4,8,8,500,0.002072,nodeq=31 threadq=31 nodeprio=1 threadprio=1
DATA,xy,reconverse,8,1,4,8,8,500,0.002052,nodeq=31 threadq=31 nodeprio=1 threadprio=1
DATA,xy,reconverse,8,1,4,8,8,500,0.002083,nodeq=33 threadq=29 nodeprio=1 threadprio=1
DATA,xy,reconverse,8,1,4,8,8,500,0.002057,nodeq=31 threadq=31 nodeprio=1 threadprio=1
DATA,xy,reconverse,8,1,5,6,10,500,0.002077,nodeq=31 threadq=31 nodeprio=1 threadprio=1
DATA,xy,reconverse,8,1,5,6,10,500,0.002073,nodeq=31 threadq=31 nodeprio=1 threadprio=1
DATA,xy,reconverse,8,1,5,6,10,500,0.002041,nodeq=31 threadq=31 nodeprio=1 threadprio=1
DATA,xy,reconverse,8,1,5,6,10,500,0.002060,nodeq=32 threadq=30 nodeprio=1 threadprio=1
DATA,xy,reconverse,8,1,6,4,12,500,0.002062,nodeq=31 threadq=31 nodeprio=1 threadprio=1
DATA,xy,reconverse,8,1,6,4,12,500,0.002090,nodeq=31 threadq=31 nodeprio=1 threadprio=1
DATA,xy,reconverse,8,1,6,4,12,500,0.002085,nodeq=31 threadq=31 nodeprio=1 threadprio=1
DATA,xy,reconverse,8,1,6,4,12,500,0.002075,nodeq=31 threadq=31 nodeprio=1 threadprio=1
DATA,xy,reconverse,8,1,7,2,14,500,0.002073,nodeq=33 threadq=29 nodeprio=1 threadprio=1
DATA,xy,reconverse,8,1,7,2,14,500,0.002087,nodeq=31 threadq=31 nodeprio=1 threadprio=1
DATA,xy,reconverse,8,1,7,2,14,500,0.002077,nodeq=31 threadq=31 nodeprio=1 threadprio=1
DATA,xy,reconverse,8,1,7,2,14,500,0.002043,nodeq=31 threadq=31 nodeprio=1 threadprio=1
DATA,xy,reconverse,8,1,8,0,16,500,0.000106,nodeq=1 threadq=61 nodeprio=1 threadprio=1
DATA,xy,reconverse,8,1,8,0,16,500,0.000107,nodeq=1 threadq=61 nodeprio=1 threadprio=1
DATA,xy,reconverse,8,1,8,0,16,500,0.000097,nodeq=1 threadq=61 nodeprio=1 threadprio=1
DATA,xy,reconverse,8,1,8,0,16,500,0.000093,nodeq=1 threadq=61 nodeprio=1 threadprio=1
=== xy cfg hitrate pes 8 rep 5 ===
Charm++> Running in SMP mode on 1 nodes and 8 PEs
adapt_xy: layer=reconverse pes=8 adaptive=1 m=500 iters=5 phases_per_step=4 steps=9 x0=16 y0=0 dx=-2 dy=2
Format: DATA,xy,{layer},{pes},{adaptive},{step},{x},{y},{m},{mean iter s},{slots}
DATA,xy,reconverse,8,1,0,16,0,500,0.001825,nodeq=51 threadq=11 nodeprio=1 threadprio=1
DATA,xy,reconverse,8,1,0,16,0,500,0.001776,nodeq=54 threadq=8 nodeprio=1 threadprio=1
DATA,xy,reconverse,8,1,0,16,0,500,0.001656,nodeq=51 threadq=11 nodeprio=1 threadprio=1
DATA,xy,reconverse,8,1,0,16,0,500,0.001710,nodeq=55 threadq=7 nodeprio=1 threadprio=1
DATA,xy,reconverse,8,1,1,14,2,500,0.001656,nodeq=31 threadq=31 nodeprio=1 threadprio=1
DATA,xy,reconverse,8,1,1,14,2,500,0.001628,nodeq=31 threadq=31 nodeprio=1 threadprio=1
DATA,xy,reconverse,8,1,1,14,2,500,0.001635,nodeq=31 threadq=31 nodeprio=1 threadprio=1
DATA,xy,reconverse,8,1,1,14,2,500,0.001626,nodeq=31 threadq=31 nodeprio=1 threadprio=1
DATA,xy,reconverse,8,1,2,12,4,500,0.001619,nodeq=31 threadq=31 nodeprio=1 threadprio=1
DATA,xy,reconverse,8,1,2,12,4,500,0.001632,nodeq=31 threadq=31 nodeprio=1 threadprio=1
DATA,xy,reconverse,8,1,2,12,4,500,0.001635,nodeq=31 threadq=31 nodeprio=1 threadprio=1
DATA,xy,reconverse,8,1,2,12,4,500,0.001611,nodeq=31 threadq=31 nodeprio=1 threadprio=1
DATA,xy,reconverse,8,1,3,10,6,500,0.001644,nodeq=31 threadq=31 nodeprio=1 threadprio=1
DATA,xy,reconverse,8,1,3,10,6,500,0.001618,nodeq=31 threadq=31 nodeprio=1 threadprio=1
DATA,xy,reconverse,8,1,3,10,6,500,0.001640,nodeq=31 threadq=31 nodeprio=1 threadprio=1
DATA,xy,reconverse,8,1,3,10,6,500,0.001625,nodeq=31 threadq=31 nodeprio=1 threadprio=1
DATA,xy,reconverse,8,1,4,8,8,500,0.001644,nodeq=31 threadq=31 nodeprio=1 threadprio=1
DATA,xy,reconverse,8,1,4,8,8,500,0.001632,nodeq=31 threadq=31 nodeprio=1 threadprio=1
DATA,xy,reconverse,8,1,4,8,8,500,0.001644,nodeq=31 threadq=31 nodeprio=1 threadprio=1
DATA,xy,reconverse,8,1,4,8,8,500,0.001640,nodeq=31 threadq=31 nodeprio=1 threadprio=1
DATA,xy,reconverse,8,1,5,6,10,500,0.001642,nodeq=31 threadq=31 nodeprio=1 threadprio=1
DATA,xy,reconverse,8,1,5,6,10,500,0.001659,nodeq=31 threadq=31 nodeprio=1 threadprio=1
DATA,xy,reconverse,8,1,5,6,10,500,0.001607,nodeq=31 threadq=31 nodeprio=1 threadprio=1
DATA,xy,reconverse,8,1,5,6,10,500,0.001623,nodeq=31 threadq=31 nodeprio=1 threadprio=1
DATA,xy,reconverse,8,1,6,4,12,500,0.001633,nodeq=31 threadq=31 nodeprio=1 threadprio=1
DATA,xy,reconverse,8,1,6,4,12,500,0.001639,nodeq=31 threadq=31 nodeprio=1 threadprio=1
DATA,xy,reconverse,8,1,6,4,12,500,0.001631,nodeq=31 threadq=31 nodeprio=1 threadprio=1
DATA,xy,reconverse,8,1,6,4,12,500,0.001611,nodeq=31 threadq=31 nodeprio=1 threadprio=1
DATA,xy,reconverse,8,1,7,2,14,500,0.001657,nodeq=31 threadq=31 nodeprio=1 threadprio=1
DATA,xy,reconverse,8,1,7,2,14,500,0.001632,nodeq=30 threadq=32 nodeprio=1 threadprio=1
DATA,xy,reconverse,8,1,7,2,14,500,0.001633,nodeq=31 threadq=31 nodeprio=1 threadprio=1
DATA,xy,reconverse,8,1,7,2,14,500,0.001639,nodeq=30 threadq=32 nodeprio=1 threadprio=1
DATA,xy,reconverse,8,1,8,0,16,500,0.000108,nodeq=1 threadq=61 nodeprio=1 threadprio=1
DATA,xy,reconverse,8,1,8,0,16,500,0.000107,nodeq=1 threadq=61 nodeprio=1 threadprio=1
DATA,xy,reconverse,8,1,8,0,16,500,0.000106,nodeq=1 threadq=61 nodeprio=1 threadprio=1
DATA,xy,reconverse,8,1,8,0,16,500,0.000107,nodeq=1 threadq=61 nodeprio=1 threadprio=1
=== xy cfg static pes 8 rep 5 ===
Charm++> Running in SMP mode on 1 nodes and 8 PEs
adapt_xy: layer=reconverse pes=8 adaptive=0 m=500 iters=5 phases_per_step=4 steps=9 x0=16 y0=0 dx=-2 dy=2
Format: DATA,xy,{layer},{pes},{adaptive},{step},{x},{y},{m},{mean iter s},{slots}
DATA,xy,reconverse,8,0,0,16,0,500,0.001958,nodeq=3 threadq=29 nodeprio=3 threadprio=29
DATA,xy,reconverse,8,0,0,16,0,500,0.001905,nodeq=3 threadq=29 nodeprio=3 threadprio=29
DATA,xy,reconverse,8,0,0,16,0,500,0.001853,nodeq=3 threadq=29 nodeprio=3 threadprio=29
DATA,xy,reconverse,8,0,0,16,0,500,0.001886,nodeq=3 threadq=29 nodeprio=3 threadprio=29
DATA,xy,reconverse,8,0,1,14,2,500,0.001918,nodeq=3 threadq=29 nodeprio=3 threadprio=29
DATA,xy,reconverse,8,0,1,14,2,500,0.001927,nodeq=3 threadq=29 nodeprio=3 threadprio=29
DATA,xy,reconverse,8,0,1,14,2,500,0.001914,nodeq=3 threadq=29 nodeprio=3 threadprio=29
DATA,xy,reconverse,8,0,1,14,2,500,0.001925,nodeq=3 threadq=29 nodeprio=3 threadprio=29
DATA,xy,reconverse,8,0,2,12,4,500,0.001924,nodeq=3 threadq=29 nodeprio=3 threadprio=29
DATA,xy,reconverse,8,0,2,12,4,500,0.001936,nodeq=3 threadq=29 nodeprio=3 threadprio=29
DATA,xy,reconverse,8,0,2,12,4,500,0.001923,nodeq=3 threadq=29 nodeprio=3 threadprio=29
DATA,xy,reconverse,8,0,2,12,4,500,0.001905,nodeq=3 threadq=29 nodeprio=3 threadprio=29
DATA,xy,reconverse,8,0,3,10,6,500,0.001932,nodeq=3 threadq=29 nodeprio=3 threadprio=29
DATA,xy,reconverse,8,0,3,10,6,500,0.001916,nodeq=3 threadq=29 nodeprio=3 threadprio=29
DATA,xy,reconverse,8,0,3,10,6,500,0.001920,nodeq=3 threadq=29 nodeprio=3 threadprio=29
DATA,xy,reconverse,8,0,3,10,6,500,0.001923,nodeq=3 threadq=29 nodeprio=3 threadprio=29
DATA,xy,reconverse,8,0,4,8,8,500,0.001924,nodeq=3 threadq=29 nodeprio=3 threadprio=29
DATA,xy,reconverse,8,0,4,8,8,500,0.001933,nodeq=3 threadq=29 nodeprio=3 threadprio=29
DATA,xy,reconverse,8,0,4,8,8,500,0.001917,nodeq=3 threadq=29 nodeprio=3 threadprio=29
DATA,xy,reconverse,8,0,4,8,8,500,0.001926,nodeq=3 threadq=29 nodeprio=3 threadprio=29
DATA,xy,reconverse,8,0,5,6,10,500,0.001924,nodeq=3 threadq=29 nodeprio=3 threadprio=29
DATA,xy,reconverse,8,0,5,6,10,500,0.001900,nodeq=3 threadq=29 nodeprio=3 threadprio=29
DATA,xy,reconverse,8,0,5,6,10,500,0.001933,nodeq=3 threadq=29 nodeprio=3 threadprio=29
DATA,xy,reconverse,8,0,5,6,10,500,0.001930,nodeq=3 threadq=29 nodeprio=3 threadprio=29
DATA,xy,reconverse,8,0,6,4,12,500,0.001897,nodeq=3 threadq=29 nodeprio=3 threadprio=29
DATA,xy,reconverse,8,0,6,4,12,500,0.001901,nodeq=3 threadq=29 nodeprio=3 threadprio=29
DATA,xy,reconverse,8,0,6,4,12,500,0.001929,nodeq=3 threadq=29 nodeprio=3 threadprio=29
DATA,xy,reconverse,8,0,6,4,12,500,0.001933,nodeq=3 threadq=29 nodeprio=3 threadprio=29
DATA,xy,reconverse,8,0,7,2,14,500,0.001917,nodeq=3 threadq=29 nodeprio=3 threadprio=29
DATA,xy,reconverse,8,0,7,2,14,500,0.001924,nodeq=3 threadq=29 nodeprio=3 threadprio=29
DATA,xy,reconverse,8,0,7,2,14,500,0.001926,nodeq=3 threadq=29 nodeprio=3 threadprio=29
DATA,xy,reconverse,8,0,7,2,14,500,0.001893,nodeq=3 threadq=29 nodeprio=3 threadprio=29
DATA,xy,reconverse,8,0,8,0,16,500,0.000121,nodeq=3 threadq=29 nodeprio=3 threadprio=29
DATA,xy,reconverse,8,0,8,0,16,500,0.000123,nodeq=3 threadq=29 nodeprio=3 threadprio=29
DATA,xy,reconverse,8,0,8,0,16,500,0.000123,nodeq=3 threadq=29 nodeprio=3 threadprio=29
DATA,xy,reconverse,8,0,8,0,16,500,0.000125,nodeq=3 threadq=29 nodeprio=3 threadprio=29
=== xy cfg converse pes 8 rep 5 ===
Charm++> Running on MPI library: MPI VERSION    : CRAY MPICH version 8.1.32.110 (ANL base 3.4a2)
MPI BUILD INFO : Thu Feb 06 22:53 2025 (git hash f9c5634)
 (MPI standard: 3.1)
Charm++> Level of thread support used: MPI_THREAD_FUNNELED (desired: MPI_THREAD_FUNNELED)
Charm++> Running in SMP mode: 1 processes, 8 worker threads (PEs) + 1 comm threads per process, 8 PEs total
Charm++> The comm. thread both sends and receives messages
Converse/Charm++ Commit ID: v8.0.1-devel-36-g3c3086b33
adapt_xy: layer=converse pes=8 adaptive=-1 m=500 iters=5 phases_per_step=4 steps=9 x0=16 y0=0 dx=-2 dy=2
Format: DATA,xy,{layer},{pes},{adaptive},{step},{x},{y},{m},{mean iter s},{slots}
DATA,xy,converse,8,-1,0,16,0,500,0.010557,n/a
DATA,xy,converse,8,-1,0,16,0,500,0.010386,n/a
DATA,xy,converse,8,-1,0,16,0,500,0.005853,n/a
DATA,xy,converse,8,-1,0,16,0,500,0.005928,n/a
DATA,xy,converse,8,-1,1,14,2,500,0.006139,n/a
DATA,xy,converse,8,-1,1,14,2,500,0.006149,n/a
DATA,xy,converse,8,-1,1,14,2,500,0.006292,n/a
DATA,xy,converse,8,-1,1,14,2,500,0.006201,n/a
DATA,xy,converse,8,-1,2,12,4,500,0.005935,n/a
DATA,xy,converse,8,-1,2,12,4,500,0.006155,n/a
DATA,xy,converse,8,-1,2,12,4,500,0.006094,n/a
DATA,xy,converse,8,-1,2,12,4,500,0.006100,n/a
DATA,xy,converse,8,-1,3,10,6,500,0.006131,n/a
DATA,xy,converse,8,-1,3,10,6,500,0.005876,n/a
DATA,xy,converse,8,-1,3,10,6,500,0.006188,n/a
DATA,xy,converse,8,-1,3,10,6,500,0.005928,n/a
DATA,xy,converse,8,-1,4,8,8,500,0.006099,n/a
DATA,xy,converse,8,-1,4,8,8,500,0.006176,n/a
DATA,xy,converse,8,-1,4,8,8,500,0.005843,n/a
DATA,xy,converse,8,-1,4,8,8,500,0.006037,n/a
DATA,xy,converse,8,-1,5,6,10,500,0.006039,n/a
DATA,xy,converse,8,-1,5,6,10,500,0.006090,n/a
DATA,xy,converse,8,-1,5,6,10,500,0.006190,n/a
DATA,xy,converse,8,-1,5,6,10,500,0.006382,n/a
DATA,xy,converse,8,-1,6,4,12,500,0.006416,n/a
DATA,xy,converse,8,-1,6,4,12,500,0.006346,n/a
DATA,xy,converse,8,-1,6,4,12,500,0.006309,n/a
DATA,xy,converse,8,-1,6,4,12,500,0.006340,n/a
DATA,xy,converse,8,-1,7,2,14,500,0.006391,n/a
DATA,xy,converse,8,-1,7,2,14,500,0.006264,n/a
DATA,xy,converse,8,-1,7,2,14,500,0.006176,n/a
DATA,xy,converse,8,-1,7,2,14,500,0.006019,n/a
DATA,xy,converse,8,-1,8,0,16,500,0.000329,n/a
DATA,xy,converse,8,-1,8,0,16,500,0.000330,n/a
DATA,xy,converse,8,-1,8,0,16,500,0.000331,n/a
DATA,xy,converse,8,-1,8,0,16,500,0.000330,n/a
[Partition 0][Node 0] End of program
=== xy cfg adaptive pes 4 rep 6 ===
Charm++> Running in SMP mode on 1 nodes and 4 PEs
adapt_xy: layer=reconverse pes=4 adaptive=1 m=500 iters=5 phases_per_step=4 steps=9 x0=16 y0=0 dx=-2 dy=2
Format: DATA,xy,{layer},{pes},{adaptive},{step},{x},{y},{m},{mean iter s},{slots}
DATA,xy,reconverse,4,1,0,16,0,500,0.000515,nodeq=51 threadq=11 nodeprio=1 threadprio=1
DATA,xy,reconverse,4,1,0,16,0,500,0.000489,nodeq=55 threadq=7 nodeprio=1 threadprio=1
DATA,xy,reconverse,4,1,0,16,0,500,0.000467,nodeq=52 threadq=10 nodeprio=1 threadprio=1
DATA,xy,reconverse,4,1,0,16,0,500,0.000464,nodeq=56 threadq=6 nodeprio=1 threadprio=1
DATA,xy,reconverse,4,1,1,14,2,500,0.000505,nodeq=34 threadq=28 nodeprio=1 threadprio=1
DATA,xy,reconverse,4,1,1,14,2,500,0.000496,nodeq=31 threadq=31 nodeprio=1 threadprio=1
DATA,xy,reconverse,4,1,1,14,2,500,0.000501,nodeq=31 threadq=31 nodeprio=1 threadprio=1
DATA,xy,reconverse,4,1,1,14,2,500,0.000501,nodeq=31 threadq=31 nodeprio=1 threadprio=1
DATA,xy,reconverse,4,1,2,12,4,500,0.000498,nodeq=31 threadq=31 nodeprio=1 threadprio=1
DATA,xy,reconverse,4,1,2,12,4,500,0.000501,nodeq=31 threadq=31 nodeprio=1 threadprio=1
DATA,xy,reconverse,4,1,2,12,4,500,0.000498,nodeq=31 threadq=31 nodeprio=1 threadprio=1
DATA,xy,reconverse,4,1,2,12,4,500,0.000497,nodeq=30 threadq=32 nodeprio=1 threadprio=1
DATA,xy,reconverse,4,1,3,10,6,500,0.000500,nodeq=32 threadq=30 nodeprio=1 threadprio=1
DATA,xy,reconverse,4,1,3,10,6,500,0.000496,nodeq=30 threadq=32 nodeprio=1 threadprio=1
DATA,xy,reconverse,4,1,3,10,6,500,0.000495,nodeq=30 threadq=32 nodeprio=1 threadprio=1
DATA,xy,reconverse,4,1,3,10,6,500,0.000491,nodeq=30 threadq=32 nodeprio=1 threadprio=1
DATA,xy,reconverse,4,1,4,8,8,500,0.000496,nodeq=30 threadq=32 nodeprio=1 threadprio=1
DATA,xy,reconverse,4,1,4,8,8,500,0.000495,nodeq=31 threadq=31 nodeprio=1 threadprio=1
DATA,xy,reconverse,4,1,4,8,8,500,0.000495,nodeq=31 threadq=31 nodeprio=1 threadprio=1
DATA,xy,reconverse,4,1,4,8,8,500,0.000500,nodeq=31 threadq=31 nodeprio=1 threadprio=1
DATA,xy,reconverse,4,1,5,6,10,500,0.000494,nodeq=31 threadq=31 nodeprio=1 threadprio=1
DATA,xy,reconverse,4,1,5,6,10,500,0.000491,nodeq=31 threadq=31 nodeprio=1 threadprio=1
DATA,xy,reconverse,4,1,5,6,10,500,0.000497,nodeq=31 threadq=31 nodeprio=1 threadprio=1
DATA,xy,reconverse,4,1,5,6,10,500,0.000495,nodeq=31 threadq=31 nodeprio=1 threadprio=1
DATA,xy,reconverse,4,1,6,4,12,500,0.000495,nodeq=31 threadq=31 nodeprio=1 threadprio=1
DATA,xy,reconverse,4,1,6,4,12,500,0.000495,nodeq=31 threadq=31 nodeprio=1 threadprio=1
DATA,xy,reconverse,4,1,6,4,12,500,0.000491,nodeq=31 threadq=31 nodeprio=1 threadprio=1
DATA,xy,reconverse,4,1,6,4,12,500,0.000488,nodeq=31 threadq=31 nodeprio=1 threadprio=1
DATA,xy,reconverse,4,1,7,2,14,500,0.000491,nodeq=31 threadq=31 nodeprio=1 threadprio=1
DATA,xy,reconverse,4,1,7,2,14,500,0.000488,nodeq=31 threadq=31 nodeprio=1 threadprio=1
DATA,xy,reconverse,4,1,7,2,14,500,0.000489,nodeq=31 threadq=31 nodeprio=1 threadprio=1
DATA,xy,reconverse,4,1,7,2,14,500,0.000496,nodeq=31 threadq=31 nodeprio=1 threadprio=1
DATA,xy,reconverse,4,1,8,0,16,500,0.000080,nodeq=1 threadq=61 nodeprio=1 threadprio=1
DATA,xy,reconverse,4,1,8,0,16,500,0.000080,nodeq=1 threadq=61 nodeprio=1 threadprio=1
DATA,xy,reconverse,4,1,8,0,16,500,0.000079,nodeq=1 threadq=61 nodeprio=1 threadprio=1
DATA,xy,reconverse,4,1,8,0,16,500,0.000080,nodeq=1 threadq=61 nodeprio=1 threadprio=1
=== xy cfg hitrate pes 4 rep 6 ===
Charm++> Running in SMP mode on 1 nodes and 4 PEs
adapt_xy: layer=reconverse pes=4 adaptive=1 m=500 iters=5 phases_per_step=4 steps=9 x0=16 y0=0 dx=-2 dy=2
Format: DATA,xy,{layer},{pes},{adaptive},{step},{x},{y},{m},{mean iter s},{slots}
DATA,xy,reconverse,4,1,0,16,0,500,0.000487,nodeq=53 threadq=9 nodeprio=1 threadprio=1
DATA,xy,reconverse,4,1,0,16,0,500,0.000435,nodeq=51 threadq=11 nodeprio=1 threadprio=1
DATA,xy,reconverse,4,1,0,16,0,500,0.000437,nodeq=56 threadq=6 nodeprio=1 threadprio=1
DATA,xy,reconverse,4,1,0,16,0,500,0.000434,nodeq=57 threadq=5 nodeprio=1 threadprio=1
DATA,xy,reconverse,4,1,1,14,2,500,0.000415,nodeq=31 threadq=31 nodeprio=1 threadprio=1
DATA,xy,reconverse,4,1,1,14,2,500,0.000398,nodeq=30 threadq=32 nodeprio=1 threadprio=1
DATA,xy,reconverse,4,1,1,14,2,500,0.000398,nodeq=31 threadq=31 nodeprio=1 threadprio=1
DATA,xy,reconverse,4,1,1,14,2,500,0.000400,nodeq=31 threadq=31 nodeprio=1 threadprio=1
DATA,xy,reconverse,4,1,2,12,4,500,0.000400,nodeq=31 threadq=31 nodeprio=1 threadprio=1
DATA,xy,reconverse,4,1,2,12,4,500,0.000395,nodeq=31 threadq=31 nodeprio=1 threadprio=1
DATA,xy,reconverse,4,1,2,12,4,500,0.000393,nodeq=31 threadq=31 nodeprio=1 threadprio=1
DATA,xy,reconverse,4,1,2,12,4,500,0.000396,nodeq=32 threadq=30 nodeprio=1 threadprio=1
DATA,xy,reconverse,4,1,3,10,6,500,0.000398,nodeq=30 threadq=32 nodeprio=1 threadprio=1
DATA,xy,reconverse,4,1,3,10,6,500,0.000392,nodeq=32 threadq=30 nodeprio=1 threadprio=1
DATA,xy,reconverse,4,1,3,10,6,500,0.000393,nodeq=31 threadq=31 nodeprio=1 threadprio=1
DATA,xy,reconverse,4,1,3,10,6,500,0.000397,nodeq=31 threadq=31 nodeprio=1 threadprio=1
DATA,xy,reconverse,4,1,4,8,8,500,0.000395,nodeq=31 threadq=31 nodeprio=1 threadprio=1
DATA,xy,reconverse,4,1,4,8,8,500,0.000395,nodeq=31 threadq=31 nodeprio=1 threadprio=1
DATA,xy,reconverse,4,1,4,8,8,500,0.000394,nodeq=32 threadq=30 nodeprio=1 threadprio=1
DATA,xy,reconverse,4,1,4,8,8,500,0.000393,nodeq=31 threadq=31 nodeprio=1 threadprio=1
DATA,xy,reconverse,4,1,5,6,10,500,0.000393,nodeq=31 threadq=31 nodeprio=1 threadprio=1
DATA,xy,reconverse,4,1,5,6,10,500,0.000391,nodeq=31 threadq=31 nodeprio=1 threadprio=1
DATA,xy,reconverse,4,1,5,6,10,500,0.000396,nodeq=31 threadq=31 nodeprio=1 threadprio=1
DATA,xy,reconverse,4,1,5,6,10,500,0.000397,nodeq=31 threadq=31 nodeprio=1 threadprio=1
DATA,xy,reconverse,4,1,6,4,12,500,0.000391,nodeq=32 threadq=30 nodeprio=1 threadprio=1
DATA,xy,reconverse,4,1,6,4,12,500,0.000393,nodeq=30 threadq=32 nodeprio=1 threadprio=1
DATA,xy,reconverse,4,1,6,4,12,500,0.000396,nodeq=31 threadq=31 nodeprio=1 threadprio=1
DATA,xy,reconverse,4,1,6,4,12,500,0.000391,nodeq=31 threadq=31 nodeprio=1 threadprio=1
DATA,xy,reconverse,4,1,7,2,14,500,0.000388,nodeq=31 threadq=31 nodeprio=1 threadprio=1
DATA,xy,reconverse,4,1,7,2,14,500,0.000391,nodeq=31 threadq=31 nodeprio=1 threadprio=1
DATA,xy,reconverse,4,1,7,2,14,500,0.000391,nodeq=31 threadq=31 nodeprio=1 threadprio=1
DATA,xy,reconverse,4,1,7,2,14,500,0.000395,nodeq=30 threadq=32 nodeprio=1 threadprio=1
DATA,xy,reconverse,4,1,8,0,16,500,0.000073,nodeq=1 threadq=61 nodeprio=1 threadprio=1
DATA,xy,reconverse,4,1,8,0,16,500,0.000072,nodeq=1 threadq=61 nodeprio=1 threadprio=1
DATA,xy,reconverse,4,1,8,0,16,500,0.000074,nodeq=1 threadq=61 nodeprio=1 threadprio=1
DATA,xy,reconverse,4,1,8,0,16,500,0.000073,nodeq=1 threadq=61 nodeprio=1 threadprio=1
=== xy cfg static pes 4 rep 6 ===
Charm++> Running in SMP mode on 1 nodes and 4 PEs
adapt_xy: layer=reconverse pes=4 adaptive=0 m=500 iters=5 phases_per_step=4 steps=9 x0=16 y0=0 dx=-2 dy=2
Format: DATA,xy,{layer},{pes},{adaptive},{step},{x},{y},{m},{mean iter s},{slots}
DATA,xy,reconverse,4,0,0,16,0,500,0.000519,nodeq=3 threadq=29 nodeprio=3 threadprio=29
DATA,xy,reconverse,4,0,0,16,0,500,0.000536,nodeq=3 threadq=29 nodeprio=3 threadprio=29
DATA,xy,reconverse,4,0,0,16,0,500,0.000517,nodeq=3 threadq=29 nodeprio=3 threadprio=29
DATA,xy,reconverse,4,0,0,16,0,500,0.000513,nodeq=3 threadq=29 nodeprio=3 threadprio=29
DATA,xy,reconverse,4,0,1,14,2,500,0.000521,nodeq=3 threadq=29 nodeprio=3 threadprio=29
DATA,xy,reconverse,4,0,1,14,2,500,0.000499,nodeq=3 threadq=29 nodeprio=3 threadprio=29
DATA,xy,reconverse,4,0,1,14,2,500,0.000501,nodeq=3 threadq=29 nodeprio=3 threadprio=29
DATA,xy,reconverse,4,0,1,14,2,500,0.000496,nodeq=3 threadq=29 nodeprio=3 threadprio=29
DATA,xy,reconverse,4,0,2,12,4,500,0.000497,nodeq=3 threadq=29 nodeprio=3 threadprio=29
DATA,xy,reconverse,4,0,2,12,4,500,0.000492,nodeq=3 threadq=29 nodeprio=3 threadprio=29
DATA,xy,reconverse,4,0,2,12,4,500,0.000493,nodeq=3 threadq=29 nodeprio=3 threadprio=29
DATA,xy,reconverse,4,0,2,12,4,500,0.000495,nodeq=3 threadq=29 nodeprio=3 threadprio=29
DATA,xy,reconverse,4,0,3,10,6,500,0.000496,nodeq=3 threadq=29 nodeprio=3 threadprio=29
DATA,xy,reconverse,4,0,3,10,6,500,0.000492,nodeq=3 threadq=29 nodeprio=3 threadprio=29
DATA,xy,reconverse,4,0,3,10,6,500,0.000496,nodeq=3 threadq=29 nodeprio=3 threadprio=29
DATA,xy,reconverse,4,0,3,10,6,500,0.000491,nodeq=3 threadq=29 nodeprio=3 threadprio=29
DATA,xy,reconverse,4,0,4,8,8,500,0.000489,nodeq=3 threadq=29 nodeprio=3 threadprio=29
DATA,xy,reconverse,4,0,4,8,8,500,0.000487,nodeq=3 threadq=29 nodeprio=3 threadprio=29
DATA,xy,reconverse,4,0,4,8,8,500,0.000493,nodeq=3 threadq=29 nodeprio=3 threadprio=29
DATA,xy,reconverse,4,0,4,8,8,500,0.000492,nodeq=3 threadq=29 nodeprio=3 threadprio=29
DATA,xy,reconverse,4,0,5,6,10,500,0.000489,nodeq=3 threadq=29 nodeprio=3 threadprio=29
DATA,xy,reconverse,4,0,5,6,10,500,0.000491,nodeq=3 threadq=29 nodeprio=3 threadprio=29
DATA,xy,reconverse,4,0,5,6,10,500,0.000490,nodeq=3 threadq=29 nodeprio=3 threadprio=29
DATA,xy,reconverse,4,0,5,6,10,500,0.000487,nodeq=3 threadq=29 nodeprio=3 threadprio=29
DATA,xy,reconverse,4,0,6,4,12,500,0.000488,nodeq=3 threadq=29 nodeprio=3 threadprio=29
DATA,xy,reconverse,4,0,6,4,12,500,0.000485,nodeq=3 threadq=29 nodeprio=3 threadprio=29
DATA,xy,reconverse,4,0,6,4,12,500,0.000488,nodeq=3 threadq=29 nodeprio=3 threadprio=29
DATA,xy,reconverse,4,0,6,4,12,500,0.000490,nodeq=3 threadq=29 nodeprio=3 threadprio=29
DATA,xy,reconverse,4,0,7,2,14,500,0.000491,nodeq=3 threadq=29 nodeprio=3 threadprio=29
DATA,xy,reconverse,4,0,7,2,14,500,0.000488,nodeq=3 threadq=29 nodeprio=3 threadprio=29
DATA,xy,reconverse,4,0,7,2,14,500,0.000491,nodeq=3 threadq=29 nodeprio=3 threadprio=29
DATA,xy,reconverse,4,0,7,2,14,500,0.000486,nodeq=3 threadq=29 nodeprio=3 threadprio=29
DATA,xy,reconverse,4,0,8,0,16,500,0.000078,nodeq=3 threadq=29 nodeprio=3 threadprio=29
DATA,xy,reconverse,4,0,8,0,16,500,0.000080,nodeq=3 threadq=29 nodeprio=3 threadprio=29
DATA,xy,reconverse,4,0,8,0,16,500,0.000079,nodeq=3 threadq=29 nodeprio=3 threadprio=29
DATA,xy,reconverse,4,0,8,0,16,500,0.000078,nodeq=3 threadq=29 nodeprio=3 threadprio=29
=== xy cfg converse pes 4 rep 6 ===
Charm++> Running on MPI library: MPI VERSION    : CRAY MPICH version 8.1.32.110 (ANL base 3.4a2)
MPI BUILD INFO : Thu Feb 06 22:53 2025 (git hash f9c5634)
 (MPI standard: 3.1)
Charm++> Level of thread support used: MPI_THREAD_FUNNELED (desired: MPI_THREAD_FUNNELED)
Charm++> Running in SMP mode: 1 processes, 4 worker threads (PEs) + 1 comm threads per process, 4 PEs total
Charm++> The comm. thread both sends and receives messages
Converse/Charm++ Commit ID: v8.0.1-devel-36-g3c3086b33
adapt_xy: layer=converse pes=4 adaptive=-1 m=500 iters=5 phases_per_step=4 steps=9 x0=16 y0=0 dx=-2 dy=2
Format: DATA,xy,{layer},{pes},{adaptive},{step},{x},{y},{m},{mean iter s},{slots}
DATA,xy,converse,4,-1,0,16,0,500,0.001070,n/a
DATA,xy,converse,4,-1,0,16,0,500,0.001286,n/a
DATA,xy,converse,4,-1,0,16,0,500,0.001308,n/a
DATA,xy,converse,4,-1,0,16,0,500,0.001232,n/a
DATA,xy,converse,4,-1,1,14,2,500,0.001282,n/a
DATA,xy,converse,4,-1,1,14,2,500,0.001275,n/a
DATA,xy,converse,4,-1,1,14,2,500,0.001252,n/a
DATA,xy,converse,4,-1,1,14,2,500,0.001252,n/a
DATA,xy,converse,4,-1,2,12,4,500,0.001241,n/a
DATA,xy,converse,4,-1,2,12,4,500,0.001282,n/a
DATA,xy,converse,4,-1,2,12,4,500,0.001314,n/a
DATA,xy,converse,4,-1,2,12,4,500,0.001243,n/a
DATA,xy,converse,4,-1,3,10,6,500,0.001212,n/a
DATA,xy,converse,4,-1,3,10,6,500,0.001278,n/a
DATA,xy,converse,4,-1,3,10,6,500,0.001266,n/a
DATA,xy,converse,4,-1,3,10,6,500,0.001284,n/a
DATA,xy,converse,4,-1,4,8,8,500,0.001284,n/a
DATA,xy,converse,4,-1,4,8,8,500,0.001238,n/a
DATA,xy,converse,4,-1,4,8,8,500,0.001275,n/a
DATA,xy,converse,4,-1,4,8,8,500,0.001299,n/a
DATA,xy,converse,4,-1,5,6,10,500,0.001315,n/a
DATA,xy,converse,4,-1,5,6,10,500,0.001318,n/a
DATA,xy,converse,4,-1,5,6,10,500,0.001264,n/a
DATA,xy,converse,4,-1,5,6,10,500,0.001385,n/a
DATA,xy,converse,4,-1,6,4,12,500,0.001362,n/a
DATA,xy,converse,4,-1,6,4,12,500,0.001319,n/a
DATA,xy,converse,4,-1,6,4,12,500,0.001331,n/a
DATA,xy,converse,4,-1,6,4,12,500,0.001259,n/a
DATA,xy,converse,4,-1,7,2,14,500,0.001265,n/a
DATA,xy,converse,4,-1,7,2,14,500,0.001222,n/a
DATA,xy,converse,4,-1,7,2,14,500,0.001329,n/a
DATA,xy,converse,4,-1,7,2,14,500,0.001181,n/a
DATA,xy,converse,4,-1,8,0,16,500,0.000116,n/a
DATA,xy,converse,4,-1,8,0,16,500,0.000088,n/a
DATA,xy,converse,4,-1,8,0,16,500,0.000129,n/a
DATA,xy,converse,4,-1,8,0,16,500,0.000093,n/a
[Partition 0][Node 0] End of program
=== xy cfg adaptive pes 8 rep 6 ===
Charm++> Running in SMP mode on 1 nodes and 8 PEs
adapt_xy: layer=reconverse pes=8 adaptive=1 m=500 iters=5 phases_per_step=4 steps=9 x0=16 y0=0 dx=-2 dy=2
Format: DATA,xy,{layer},{pes},{adaptive},{step},{x},{y},{m},{mean iter s},{slots}
DATA,xy,reconverse,8,1,0,16,0,500,0.002161,nodeq=57 threadq=5 nodeprio=1 threadprio=1
DATA,xy,reconverse,8,1,0,16,0,500,0.001863,nodeq=54 threadq=8 nodeprio=1 threadprio=1
DATA,xy,reconverse,8,1,0,16,0,500,0.001867,nodeq=54 threadq=8 nodeprio=1 threadprio=1
DATA,xy,reconverse,8,1,0,16,0,500,0.001844,nodeq=56 threadq=6 nodeprio=1 threadprio=1
DATA,xy,reconverse,8,1,1,14,2,500,0.001939,nodeq=31 threadq=31 nodeprio=1 threadprio=1
DATA,xy,reconverse,8,1,1,14,2,500,0.001936,nodeq=33 threadq=29 nodeprio=1 threadprio=1
DATA,xy,reconverse,8,1,1,14,2,500,0.001935,nodeq=31 threadq=31 nodeprio=1 threadprio=1
DATA,xy,reconverse,8,1,1,14,2,500,0.001936,nodeq=31 threadq=31 nodeprio=1 threadprio=1
DATA,xy,reconverse,8,1,2,12,4,500,0.001925,nodeq=31 threadq=31 nodeprio=1 threadprio=1
DATA,xy,reconverse,8,1,2,12,4,500,0.001949,nodeq=31 threadq=31 nodeprio=1 threadprio=1
DATA,xy,reconverse,8,1,2,12,4,500,0.001929,nodeq=31 threadq=31 nodeprio=1 threadprio=1
DATA,xy,reconverse,8,1,2,12,4,500,0.001931,nodeq=31 threadq=31 nodeprio=1 threadprio=1
DATA,xy,reconverse,8,1,3,10,6,500,0.001943,nodeq=32 threadq=30 nodeprio=1 threadprio=1
DATA,xy,reconverse,8,1,3,10,6,500,0.001897,nodeq=31 threadq=31 nodeprio=1 threadprio=1
DATA,xy,reconverse,8,1,3,10,6,500,0.001933,nodeq=31 threadq=31 nodeprio=1 threadprio=1
DATA,xy,reconverse,8,1,3,10,6,500,0.001930,nodeq=31 threadq=31 nodeprio=1 threadprio=1
DATA,xy,reconverse,8,1,4,8,8,500,0.001938,nodeq=31 threadq=31 nodeprio=1 threadprio=1
DATA,xy,reconverse,8,1,4,8,8,500,0.001920,nodeq=31 threadq=31 nodeprio=1 threadprio=1
DATA,xy,reconverse,8,1,4,8,8,500,0.001910,nodeq=31 threadq=31 nodeprio=1 threadprio=1
DATA,xy,reconverse,8,1,4,8,8,500,0.001950,nodeq=34 threadq=28 nodeprio=1 threadprio=1
DATA,xy,reconverse,8,1,5,6,10,500,0.001922,nodeq=31 threadq=31 nodeprio=1 threadprio=1
DATA,xy,reconverse,8,1,5,6,10,500,0.001914,nodeq=32 threadq=30 nodeprio=1 threadprio=1
DATA,xy,reconverse,8,1,5,6,10,500,0.001930,nodeq=31 threadq=31 nodeprio=1 threadprio=1
DATA,xy,reconverse,8,1,5,6,10,500,0.001938,nodeq=31 threadq=31 nodeprio=1 threadprio=1
DATA,xy,reconverse,8,1,6,4,12,500,0.001918,nodeq=31 threadq=31 nodeprio=1 threadprio=1
DATA,xy,reconverse,8,1,6,4,12,500,0.001919,nodeq=31 threadq=31 nodeprio=1 threadprio=1
DATA,xy,reconverse,8,1,6,4,12,500,0.001913,nodeq=33 threadq=29 nodeprio=1 threadprio=1
DATA,xy,reconverse,8,1,6,4,12,500,0.001920,nodeq=31 threadq=31 nodeprio=1 threadprio=1
DATA,xy,reconverse,8,1,7,2,14,500,0.001938,nodeq=31 threadq=31 nodeprio=1 threadprio=1
DATA,xy,reconverse,8,1,7,2,14,500,0.001919,nodeq=31 threadq=31 nodeprio=1 threadprio=1
DATA,xy,reconverse,8,1,7,2,14,500,0.001931,nodeq=31 threadq=31 nodeprio=1 threadprio=1
DATA,xy,reconverse,8,1,7,2,14,500,0.001921,nodeq=32 threadq=30 nodeprio=1 threadprio=1
DATA,xy,reconverse,8,1,8,0,16,500,0.000094,nodeq=1 threadq=61 nodeprio=1 threadprio=1
DATA,xy,reconverse,8,1,8,0,16,500,0.000091,nodeq=1 threadq=61 nodeprio=1 threadprio=1
DATA,xy,reconverse,8,1,8,0,16,500,0.000090,nodeq=1 threadq=61 nodeprio=1 threadprio=1
DATA,xy,reconverse,8,1,8,0,16,500,0.000091,nodeq=1 threadq=61 nodeprio=1 threadprio=1
=== xy cfg hitrate pes 8 rep 6 ===
Charm++> Running in SMP mode on 1 nodes and 8 PEs
adapt_xy: layer=reconverse pes=8 adaptive=1 m=500 iters=5 phases_per_step=4 steps=9 x0=16 y0=0 dx=-2 dy=2
Format: DATA,xy,{layer},{pes},{adaptive},{step},{x},{y},{m},{mean iter s},{slots}
DATA,xy,reconverse,8,1,0,16,0,500,0.001511,nodeq=54 threadq=8 nodeprio=1 threadprio=1
DATA,xy,reconverse,8,1,0,16,0,500,0.001484,nodeq=54 threadq=8 nodeprio=1 threadprio=1
DATA,xy,reconverse,8,1,0,16,0,500,0.001493,nodeq=54 threadq=8 nodeprio=1 threadprio=1
DATA,xy,reconverse,8,1,0,16,0,500,0.001493,nodeq=53 threadq=9 nodeprio=1 threadprio=1
DATA,xy,reconverse,8,1,1,14,2,500,0.001505,nodeq=31 threadq=31 nodeprio=1 threadprio=1
DATA,xy,reconverse,8,1,1,14,2,500,0.001495,nodeq=31 threadq=31 nodeprio=1 threadprio=1
DATA,xy,reconverse,8,1,1,14,2,500,0.001479,nodeq=31 threadq=31 nodeprio=1 threadprio=1
DATA,xy,reconverse,8,1,1,14,2,500,0.001487,nodeq=31 threadq=31 nodeprio=1 threadprio=1
DATA,xy,reconverse,8,1,2,12,4,500,0.001480,nodeq=31 threadq=31 nodeprio=1 threadprio=1
DATA,xy,reconverse,8,1,2,12,4,500,0.001472,nodeq=31 threadq=31 nodeprio=1 threadprio=1
DATA,xy,reconverse,8,1,2,12,4,500,0.001471,nodeq=30 threadq=32 nodeprio=1 threadprio=1
DATA,xy,reconverse,8,1,2,12,4,500,0.001480,nodeq=32 threadq=30 nodeprio=1 threadprio=1
DATA,xy,reconverse,8,1,3,10,6,500,0.001468,nodeq=30 threadq=32 nodeprio=1 threadprio=1
DATA,xy,reconverse,8,1,3,10,6,500,0.001484,nodeq=31 threadq=31 nodeprio=1 threadprio=1
DATA,xy,reconverse,8,1,3,10,6,500,0.001457,nodeq=31 threadq=31 nodeprio=1 threadprio=1
DATA,xy,reconverse,8,1,3,10,6,500,0.001465,nodeq=31 threadq=31 nodeprio=1 threadprio=1
DATA,xy,reconverse,8,1,4,8,8,500,0.001474,nodeq=31 threadq=31 nodeprio=1 threadprio=1
DATA,xy,reconverse,8,1,4,8,8,500,0.001475,nodeq=31 threadq=31 nodeprio=1 threadprio=1
DATA,xy,reconverse,8,1,4,8,8,500,0.001459,nodeq=30 threadq=32 nodeprio=1 threadprio=1
DATA,xy,reconverse,8,1,4,8,8,500,0.001490,nodeq=32 threadq=30 nodeprio=1 threadprio=1
DATA,xy,reconverse,8,1,5,6,10,500,0.001479,nodeq=30 threadq=32 nodeprio=1 threadprio=1
DATA,xy,reconverse,8,1,5,6,10,500,0.001461,nodeq=31 threadq=31 nodeprio=1 threadprio=1
DATA,xy,reconverse,8,1,5,6,10,500,0.001481,nodeq=31 threadq=31 nodeprio=1 threadprio=1
DATA,xy,reconverse,8,1,5,6,10,500,0.001492,nodeq=31 threadq=31 nodeprio=1 threadprio=1
DATA,xy,reconverse,8,1,6,4,12,500,0.001466,nodeq=31 threadq=31 nodeprio=1 threadprio=1
DATA,xy,reconverse,8,1,6,4,12,500,0.001458,nodeq=31 threadq=31 nodeprio=1 threadprio=1
DATA,xy,reconverse,8,1,6,4,12,500,0.001460,nodeq=31 threadq=31 nodeprio=1 threadprio=1
DATA,xy,reconverse,8,1,6,4,12,500,0.001475,nodeq=31 threadq=31 nodeprio=1 threadprio=1
DATA,xy,reconverse,8,1,7,2,14,500,0.001480,nodeq=31 threadq=31 nodeprio=1 threadprio=1
DATA,xy,reconverse,8,1,7,2,14,500,0.001480,nodeq=30 threadq=32 nodeprio=1 threadprio=1
DATA,xy,reconverse,8,1,7,2,14,500,0.001478,nodeq=32 threadq=30 nodeprio=1 threadprio=1
DATA,xy,reconverse,8,1,7,2,14,500,0.001488,nodeq=31 threadq=31 nodeprio=1 threadprio=1
DATA,xy,reconverse,8,1,8,0,16,500,0.000129,nodeq=1 threadq=61 nodeprio=1 threadprio=1
DATA,xy,reconverse,8,1,8,0,16,500,0.000129,nodeq=1 threadq=61 nodeprio=1 threadprio=1
DATA,xy,reconverse,8,1,8,0,16,500,0.000122,nodeq=1 threadq=61 nodeprio=1 threadprio=1
DATA,xy,reconverse,8,1,8,0,16,500,0.000124,nodeq=1 threadq=61 nodeprio=1 threadprio=1
=== xy cfg static pes 8 rep 6 ===
Charm++> Running in SMP mode on 1 nodes and 8 PEs
adapt_xy: layer=reconverse pes=8 adaptive=0 m=500 iters=5 phases_per_step=4 steps=9 x0=16 y0=0 dx=-2 dy=2
Format: DATA,xy,{layer},{pes},{adaptive},{step},{x},{y},{m},{mean iter s},{slots}
DATA,xy,reconverse,8,0,0,16,0,500,0.001984,nodeq=3 threadq=29 nodeprio=3 threadprio=29
DATA,xy,reconverse,8,0,0,16,0,500,0.002013,nodeq=3 threadq=29 nodeprio=3 threadprio=29
DATA,xy,reconverse,8,0,0,16,0,500,0.002047,nodeq=3 threadq=29 nodeprio=3 threadprio=29
DATA,xy,reconverse,8,0,0,16,0,500,0.002044,nodeq=3 threadq=29 nodeprio=3 threadprio=29
DATA,xy,reconverse,8,0,1,14,2,500,0.002104,nodeq=3 threadq=29 nodeprio=3 threadprio=29
DATA,xy,reconverse,8,0,1,14,2,500,0.002091,nodeq=3 threadq=29 nodeprio=3 threadprio=29
DATA,xy,reconverse,8,0,1,14,2,500,0.002088,nodeq=3 threadq=29 nodeprio=3 threadprio=29
DATA,xy,reconverse,8,0,1,14,2,500,0.002107,nodeq=3 threadq=29 nodeprio=3 threadprio=29
DATA,xy,reconverse,8,0,2,12,4,500,0.002091,nodeq=3 threadq=29 nodeprio=3 threadprio=29
DATA,xy,reconverse,8,0,2,12,4,500,0.002071,nodeq=3 threadq=29 nodeprio=3 threadprio=29
DATA,xy,reconverse,8,0,2,12,4,500,0.002074,nodeq=3 threadq=29 nodeprio=3 threadprio=29
DATA,xy,reconverse,8,0,2,12,4,500,0.002083,nodeq=3 threadq=29 nodeprio=3 threadprio=29
DATA,xy,reconverse,8,0,3,10,6,500,0.002077,nodeq=3 threadq=29 nodeprio=3 threadprio=29
DATA,xy,reconverse,8,0,3,10,6,500,0.001965,nodeq=3 threadq=29 nodeprio=3 threadprio=29
DATA,xy,reconverse,8,0,3,10,6,500,0.001984,nodeq=3 threadq=29 nodeprio=3 threadprio=29
DATA,xy,reconverse,8,0,3,10,6,500,0.001989,nodeq=3 threadq=29 nodeprio=3 threadprio=29
DATA,xy,reconverse,8,0,4,8,8,500,0.001973,nodeq=3 threadq=29 nodeprio=3 threadprio=29
DATA,xy,reconverse,8,0,4,8,8,500,0.001987,nodeq=3 threadq=29 nodeprio=3 threadprio=29
DATA,xy,reconverse,8,0,4,8,8,500,0.002088,nodeq=3 threadq=29 nodeprio=3 threadprio=29
DATA,xy,reconverse,8,0,4,8,8,500,0.002048,nodeq=3 threadq=29 nodeprio=3 threadprio=29
DATA,xy,reconverse,8,0,5,6,10,500,0.002084,nodeq=3 threadq=29 nodeprio=3 threadprio=29
DATA,xy,reconverse,8,0,5,6,10,500,0.002103,nodeq=3 threadq=29 nodeprio=3 threadprio=29
DATA,xy,reconverse,8,0,5,6,10,500,0.002072,nodeq=3 threadq=29 nodeprio=3 threadprio=29
DATA,xy,reconverse,8,0,5,6,10,500,0.002071,nodeq=3 threadq=29 nodeprio=3 threadprio=29
DATA,xy,reconverse,8,0,6,4,12,500,0.002095,nodeq=3 threadq=29 nodeprio=3 threadprio=29
DATA,xy,reconverse,8,0,6,4,12,500,0.002076,nodeq=3 threadq=29 nodeprio=3 threadprio=29
DATA,xy,reconverse,8,0,6,4,12,500,0.002094,nodeq=3 threadq=29 nodeprio=3 threadprio=29
DATA,xy,reconverse,8,0,6,4,12,500,0.002092,nodeq=3 threadq=29 nodeprio=3 threadprio=29
DATA,xy,reconverse,8,0,7,2,14,500,0.002071,nodeq=3 threadq=29 nodeprio=3 threadprio=29
DATA,xy,reconverse,8,0,7,2,14,500,0.002064,nodeq=3 threadq=29 nodeprio=3 threadprio=29
DATA,xy,reconverse,8,0,7,2,14,500,0.002063,nodeq=3 threadq=29 nodeprio=3 threadprio=29
DATA,xy,reconverse,8,0,7,2,14,500,0.002064,nodeq=3 threadq=29 nodeprio=3 threadprio=29
DATA,xy,reconverse,8,0,8,0,16,500,0.000140,nodeq=3 threadq=29 nodeprio=3 threadprio=29
DATA,xy,reconverse,8,0,8,0,16,500,0.000135,nodeq=3 threadq=29 nodeprio=3 threadprio=29
DATA,xy,reconverse,8,0,8,0,16,500,0.000136,nodeq=3 threadq=29 nodeprio=3 threadprio=29
DATA,xy,reconverse,8,0,8,0,16,500,0.000136,nodeq=3 threadq=29 nodeprio=3 threadprio=29
=== xy cfg converse pes 8 rep 6 ===
Charm++> Running on MPI library: MPI VERSION    : CRAY MPICH version 8.1.32.110 (ANL base 3.4a2)
MPI BUILD INFO : Thu Feb 06 22:53 2025 (git hash f9c5634)
 (MPI standard: 3.1)
Charm++> Level of thread support used: MPI_THREAD_FUNNELED (desired: MPI_THREAD_FUNNELED)
Charm++> Running in SMP mode: 1 processes, 8 worker threads (PEs) + 1 comm threads per process, 8 PEs total
Charm++> The comm. thread both sends and receives messages
Converse/Charm++ Commit ID: v8.0.1-devel-36-g3c3086b33
adapt_xy: layer=converse pes=8 adaptive=-1 m=500 iters=5 phases_per_step=4 steps=9 x0=16 y0=0 dx=-2 dy=2
Format: DATA,xy,{layer},{pes},{adaptive},{step},{x},{y},{m},{mean iter s},{slots}
DATA,xy,converse,8,-1,0,16,0,500,0.017552,n/a
DATA,xy,converse,8,-1,0,16,0,500,0.010991,n/a
DATA,xy,converse,8,-1,0,16,0,500,0.010998,n/a
DATA,xy,converse,8,-1,0,16,0,500,0.005995,n/a
DATA,xy,converse,8,-1,1,14,2,500,0.006140,n/a
DATA,xy,converse,8,-1,1,14,2,500,0.006285,n/a
DATA,xy,converse,8,-1,1,14,2,500,0.006244,n/a
DATA,xy,converse,8,-1,1,14,2,500,0.006012,n/a
DATA,xy,converse,8,-1,2,12,4,500,0.006142,n/a
DATA,xy,converse,8,-1,2,12,4,500,0.006018,n/a
DATA,xy,converse,8,-1,2,12,4,500,0.005990,n/a
DATA,xy,converse,8,-1,2,12,4,500,0.006036,n/a
DATA,xy,converse,8,-1,3,10,6,500,0.006440,n/a
DATA,xy,converse,8,-1,3,10,6,500,0.006039,n/a
DATA,xy,converse,8,-1,3,10,6,500,0.006081,n/a
DATA,xy,converse,8,-1,3,10,6,500,0.006319,n/a
DATA,xy,converse,8,-1,4,8,8,500,0.006303,n/a
DATA,xy,converse,8,-1,4,8,8,500,0.006224,n/a
DATA,xy,converse,8,-1,4,8,8,500,0.006401,n/a
DATA,xy,converse,8,-1,4,8,8,500,0.006649,n/a
DATA,xy,converse,8,-1,5,6,10,500,0.006515,n/a
DATA,xy,converse,8,-1,5,6,10,500,0.006489,n/a
DATA,xy,converse,8,-1,5,6,10,500,0.006530,n/a
DATA,xy,converse,8,-1,5,6,10,500,0.006594,n/a
DATA,xy,converse,8,-1,6,4,12,500,0.006492,n/a
DATA,xy,converse,8,-1,6,4,12,500,0.006344,n/a
DATA,xy,converse,8,-1,6,4,12,500,0.006166,n/a
DATA,xy,converse,8,-1,6,4,12,500,0.006443,n/a
DATA,xy,converse,8,-1,7,2,14,500,0.006267,n/a
DATA,xy,converse,8,-1,7,2,14,500,0.006220,n/a
DATA,xy,converse,8,-1,7,2,14,500,0.006122,n/a
DATA,xy,converse,8,-1,7,2,14,500,0.006136,n/a
DATA,xy,converse,8,-1,8,0,16,500,0.000364,n/a
DATA,xy,converse,8,-1,8,0,16,500,0.000363,n/a
DATA,xy,converse,8,-1,8,0,16,500,0.000360,n/a
DATA,xy,converse,8,-1,8,0,16,500,0.000364,n/a
[Partition 0][Node 0] End of program
=== xy cfg adaptive pes 4 rep 7 ===
Charm++> Running in SMP mode on 1 nodes and 4 PEs
adapt_xy: layer=reconverse pes=4 adaptive=1 m=500 iters=5 phases_per_step=4 steps=9 x0=16 y0=0 dx=-2 dy=2
Format: DATA,xy,{layer},{pes},{adaptive},{step},{x},{y},{m},{mean iter s},{slots}
DATA,xy,reconverse,4,1,0,16,0,500,0.000414,nodeq=53 threadq=9 nodeprio=1 threadprio=1
DATA,xy,reconverse,4,1,0,16,0,500,0.000384,nodeq=52 threadq=10 nodeprio=1 threadprio=1
DATA,xy,reconverse,4,1,0,16,0,500,0.000391,nodeq=56 threadq=6 nodeprio=1 threadprio=1
DATA,xy,reconverse,4,1,0,16,0,500,0.000381,nodeq=57 threadq=5 nodeprio=1 threadprio=1
DATA,xy,reconverse,4,1,1,14,2,500,0.000415,nodeq=31 threadq=31 nodeprio=1 threadprio=1
DATA,xy,reconverse,4,1,1,14,2,500,0.000410,nodeq=31 threadq=31 nodeprio=1 threadprio=1
DATA,xy,reconverse,4,1,1,14,2,500,0.000415,nodeq=31 threadq=31 nodeprio=1 threadprio=1
DATA,xy,reconverse,4,1,1,14,2,500,0.000413,nodeq=31 threadq=31 nodeprio=1 threadprio=1
DATA,xy,reconverse,4,1,2,12,4,500,0.000422,nodeq=31 threadq=31 nodeprio=1 threadprio=1
DATA,xy,reconverse,4,1,2,12,4,500,0.000431,nodeq=31 threadq=31 nodeprio=1 threadprio=1
DATA,xy,reconverse,4,1,2,12,4,500,0.000430,nodeq=31 threadq=31 nodeprio=1 threadprio=1
DATA,xy,reconverse,4,1,2,12,4,500,0.000431,nodeq=31 threadq=31 nodeprio=1 threadprio=1
DATA,xy,reconverse,4,1,3,10,6,500,0.000438,nodeq=31 threadq=31 nodeprio=1 threadprio=1
DATA,xy,reconverse,4,1,3,10,6,500,0.000442,nodeq=31 threadq=31 nodeprio=1 threadprio=1
DATA,xy,reconverse,4,1,3,10,6,500,0.000434,nodeq=31 threadq=31 nodeprio=1 threadprio=1
DATA,xy,reconverse,4,1,3,10,6,500,0.000436,nodeq=31 threadq=31 nodeprio=1 threadprio=1
DATA,xy,reconverse,4,1,4,8,8,500,0.000420,nodeq=31 threadq=31 nodeprio=1 threadprio=1
DATA,xy,reconverse,4,1,4,8,8,500,0.000434,nodeq=30 threadq=32 nodeprio=1 threadprio=1
DATA,xy,reconverse,4,1,4,8,8,500,0.000432,nodeq=31 threadq=31 nodeprio=1 threadprio=1
DATA,xy,reconverse,4,1,4,8,8,500,0.000428,nodeq=32 threadq=30 nodeprio=1 threadprio=1
DATA,xy,reconverse,4,1,5,6,10,500,0.000427,nodeq=31 threadq=31 nodeprio=1 threadprio=1
DATA,xy,reconverse,4,1,5,6,10,500,0.000430,nodeq=31 threadq=31 nodeprio=1 threadprio=1
DATA,xy,reconverse,4,1,5,6,10,500,0.000432,nodeq=30 threadq=32 nodeprio=1 threadprio=1
DATA,xy,reconverse,4,1,5,6,10,500,0.000442,nodeq=30 threadq=32 nodeprio=1 threadprio=1
DATA,xy,reconverse,4,1,6,4,12,500,0.000438,nodeq=31 threadq=31 nodeprio=1 threadprio=1
DATA,xy,reconverse,4,1,6,4,12,500,0.000431,nodeq=30 threadq=32 nodeprio=1 threadprio=1
DATA,xy,reconverse,4,1,6,4,12,500,0.000430,nodeq=31 threadq=31 nodeprio=1 threadprio=1
DATA,xy,reconverse,4,1,6,4,12,500,0.000440,nodeq=31 threadq=31 nodeprio=1 threadprio=1
DATA,xy,reconverse,4,1,7,2,14,500,0.000441,nodeq=31 threadq=31 nodeprio=1 threadprio=1
DATA,xy,reconverse,4,1,7,2,14,500,0.000438,nodeq=31 threadq=31 nodeprio=1 threadprio=1
DATA,xy,reconverse,4,1,7,2,14,500,0.000443,nodeq=31 threadq=31 nodeprio=1 threadprio=1
DATA,xy,reconverse,4,1,7,2,14,500,0.000450,nodeq=31 threadq=31 nodeprio=1 threadprio=1
DATA,xy,reconverse,4,1,8,0,16,500,0.000072,nodeq=1 threadq=61 nodeprio=1 threadprio=1
DATA,xy,reconverse,4,1,8,0,16,500,0.000072,nodeq=1 threadq=61 nodeprio=1 threadprio=1
DATA,xy,reconverse,4,1,8,0,16,500,0.000074,nodeq=1 threadq=61 nodeprio=1 threadprio=1
DATA,xy,reconverse,4,1,8,0,16,500,0.000072,nodeq=1 threadq=61 nodeprio=1 threadprio=1
=== xy cfg hitrate pes 4 rep 7 ===
Charm++> Running in SMP mode on 1 nodes and 4 PEs
adapt_xy: layer=reconverse pes=4 adaptive=1 m=500 iters=5 phases_per_step=4 steps=9 x0=16 y0=0 dx=-2 dy=2
Format: DATA,xy,{layer},{pes},{adaptive},{step},{x},{y},{m},{mean iter s},{slots}
DATA,xy,reconverse,4,1,0,16,0,500,0.000386,nodeq=53 threadq=9 nodeprio=1 threadprio=1
DATA,xy,reconverse,4,1,0,16,0,500,0.000346,nodeq=52 threadq=10 nodeprio=1 threadprio=1
DATA,xy,reconverse,4,1,0,16,0,500,0.000361,nodeq=55 threadq=7 nodeprio=1 threadprio=1
DATA,xy,reconverse,4,1,0,16,0,500,0.000356,nodeq=56 threadq=6 nodeprio=1 threadprio=1
DATA,xy,reconverse,4,1,1,14,2,500,0.000371,nodeq=31 threadq=31 nodeprio=1 threadprio=1
DATA,xy,reconverse,4,1,1,14,2,500,0.000350,nodeq=31 threadq=31 nodeprio=1 threadprio=1
DATA,xy,reconverse,4,1,1,14,2,500,0.000347,nodeq=31 threadq=31 nodeprio=1 threadprio=1
DATA,xy,reconverse,4,1,1,14,2,500,0.000373,nodeq=30 threadq=32 nodeprio=1 threadprio=1
DATA,xy,reconverse,4,1,2,12,4,500,0.000345,nodeq=31 threadq=31 nodeprio=1 threadprio=1
DATA,xy,reconverse,4,1,2,12,4,500,0.000352,nodeq=31 threadq=31 nodeprio=1 threadprio=1
DATA,xy,reconverse,4,1,2,12,4,500,0.000347,nodeq=31 threadq=31 nodeprio=1 threadprio=1
DATA,xy,reconverse,4,1,2,12,4,500,0.000344,nodeq=31 threadq=31 nodeprio=1 threadprio=1
DATA,xy,reconverse,4,1,3,10,6,500,0.000356,nodeq=30 threadq=32 nodeprio=1 threadprio=1
DATA,xy,reconverse,4,1,3,10,6,500,0.000346,nodeq=32 threadq=30 nodeprio=1 threadprio=1
DATA,xy,reconverse,4,1,3,10,6,500,0.000343,nodeq=30 threadq=32 nodeprio=1 threadprio=1
DATA,xy,reconverse,4,1,3,10,6,500,0.000341,nodeq=32 threadq=30 nodeprio=1 threadprio=1
DATA,xy,reconverse,4,1,4,8,8,500,0.000344,nodeq=31 threadq=31 nodeprio=1 threadprio=1
DATA,xy,reconverse,4,1,4,8,8,500,0.000348,nodeq=30 threadq=32 nodeprio=1 threadprio=1
DATA,xy,reconverse,4,1,4,8,8,500,0.000345,nodeq=32 threadq=30 nodeprio=1 threadprio=1
DATA,xy,reconverse,4,1,4,8,8,500,0.000344,nodeq=31 threadq=31 nodeprio=1 threadprio=1
DATA,xy,reconverse,4,1,5,6,10,500,0.000354,nodeq=33 threadq=29 nodeprio=1 threadprio=1
DATA,xy,reconverse,4,1,5,6,10,500,0.000348,nodeq=30 threadq=32 nodeprio=1 threadprio=1
DATA,xy,reconverse,4,1,5,6,10,500,0.000343,nodeq=32 threadq=30 nodeprio=1 threadprio=1
DATA,xy,reconverse,4,1,5,6,10,500,0.000343,nodeq=30 threadq=32 nodeprio=1 threadprio=1
DATA,xy,reconverse,4,1,6,4,12,500,0.000337,nodeq=31 threadq=31 nodeprio=1 threadprio=1
DATA,xy,reconverse,4,1,6,4,12,500,0.000343,nodeq=30 threadq=32 nodeprio=1 threadprio=1
DATA,xy,reconverse,4,1,6,4,12,500,0.000346,nodeq=32 threadq=30 nodeprio=1 threadprio=1
DATA,xy,reconverse,4,1,6,4,12,500,0.000340,nodeq=30 threadq=32 nodeprio=1 threadprio=1
DATA,xy,reconverse,4,1,7,2,14,500,0.000346,nodeq=31 threadq=31 nodeprio=1 threadprio=1
DATA,xy,reconverse,4,1,7,2,14,500,0.000339,nodeq=30 threadq=32 nodeprio=1 threadprio=1
DATA,xy,reconverse,4,1,7,2,14,500,0.000338,nodeq=31 threadq=31 nodeprio=1 threadprio=1
DATA,xy,reconverse,4,1,7,2,14,500,0.000343,nodeq=30 threadq=32 nodeprio=1 threadprio=1
DATA,xy,reconverse,4,1,8,0,16,500,0.000072,nodeq=1 threadq=61 nodeprio=1 threadprio=1
DATA,xy,reconverse,4,1,8,0,16,500,0.000073,nodeq=1 threadq=61 nodeprio=1 threadprio=1
DATA,xy,reconverse,4,1,8,0,16,500,0.000072,nodeq=1 threadq=61 nodeprio=1 threadprio=1
DATA,xy,reconverse,4,1,8,0,16,500,0.000072,nodeq=1 threadq=61 nodeprio=1 threadprio=1
=== xy cfg static pes 4 rep 7 ===
Charm++> Running in SMP mode on 1 nodes and 4 PEs
adapt_xy: layer=reconverse pes=4 adaptive=0 m=500 iters=5 phases_per_step=4 steps=9 x0=16 y0=0 dx=-2 dy=2
Format: DATA,xy,{layer},{pes},{adaptive},{step},{x},{y},{m},{mean iter s},{slots}
DATA,xy,reconverse,4,0,0,16,0,500,0.000439,nodeq=3 threadq=29 nodeprio=3 threadprio=29
DATA,xy,reconverse,4,0,0,16,0,500,0.000437,nodeq=3 threadq=29 nodeprio=3 threadprio=29
DATA,xy,reconverse,4,0,0,16,0,500,0.000437,nodeq=3 threadq=29 nodeprio=3 threadprio=29
DATA,xy,reconverse,4,0,0,16,0,500,0.000457,nodeq=3 threadq=29 nodeprio=3 threadprio=29
DATA,xy,reconverse,4,0,1,14,2,500,0.000484,nodeq=3 threadq=29 nodeprio=3 threadprio=29
DATA,xy,reconverse,4,0,1,14,2,500,0.000481,nodeq=3 threadq=29 nodeprio=3 threadprio=29
DATA,xy,reconverse,4,0,1,14,2,500,0.000497,nodeq=3 threadq=29 nodeprio=3 threadprio=29
DATA,xy,reconverse,4,0,1,14,2,500,0.000488,nodeq=3 threadq=29 nodeprio=3 threadprio=29
DATA,xy,reconverse,4,0,2,12,4,500,0.000483,nodeq=3 threadq=29 nodeprio=3 threadprio=29
DATA,xy,reconverse,4,0,2,12,4,500,0.000483,nodeq=3 threadq=29 nodeprio=3 threadprio=29
DATA,xy,reconverse,4,0,2,12,4,500,0.000485,nodeq=3 threadq=29 nodeprio=3 threadprio=29
DATA,xy,reconverse,4,0,2,12,4,500,0.000484,nodeq=3 threadq=29 nodeprio=3 threadprio=29
DATA,xy,reconverse,4,0,3,10,6,500,0.000483,nodeq=3 threadq=29 nodeprio=3 threadprio=29
DATA,xy,reconverse,4,0,3,10,6,500,0.000484,nodeq=3 threadq=29 nodeprio=3 threadprio=29
DATA,xy,reconverse,4,0,3,10,6,500,0.000485,nodeq=3 threadq=29 nodeprio=3 threadprio=29
DATA,xy,reconverse,4,0,3,10,6,500,0.000483,nodeq=3 threadq=29 nodeprio=3 threadprio=29
DATA,xy,reconverse,4,0,4,8,8,500,0.000482,nodeq=3 threadq=29 nodeprio=3 threadprio=29
DATA,xy,reconverse,4,0,4,8,8,500,0.000482,nodeq=3 threadq=29 nodeprio=3 threadprio=29
DATA,xy,reconverse,4,0,4,8,8,500,0.000482,nodeq=3 threadq=29 nodeprio=3 threadprio=29
DATA,xy,reconverse,4,0,4,8,8,500,0.000482,nodeq=3 threadq=29 nodeprio=3 threadprio=29
DATA,xy,reconverse,4,0,5,6,10,500,0.000481,nodeq=3 threadq=29 nodeprio=3 threadprio=29
DATA,xy,reconverse,4,0,5,6,10,500,0.000478,nodeq=3 threadq=29 nodeprio=3 threadprio=29
DATA,xy,reconverse,4,0,5,6,10,500,0.000485,nodeq=3 threadq=29 nodeprio=3 threadprio=29
DATA,xy,reconverse,4,0,5,6,10,500,0.000483,nodeq=3 threadq=29 nodeprio=3 threadprio=29
DATA,xy,reconverse,4,0,6,4,12,500,0.000475,nodeq=3 threadq=29 nodeprio=3 threadprio=29
DATA,xy,reconverse,4,0,6,4,12,500,0.000472,nodeq=3 threadq=29 nodeprio=3 threadprio=29
DATA,xy,reconverse,4,0,6,4,12,500,0.000481,nodeq=3 threadq=29 nodeprio=3 threadprio=29
DATA,xy,reconverse,4,0,6,4,12,500,0.000474,nodeq=3 threadq=29 nodeprio=3 threadprio=29
DATA,xy,reconverse,4,0,7,2,14,500,0.000485,nodeq=3 threadq=29 nodeprio=3 threadprio=29
DATA,xy,reconverse,4,0,7,2,14,500,0.000477,nodeq=3 threadq=29 nodeprio=3 threadprio=29
DATA,xy,reconverse,4,0,7,2,14,500,0.000478,nodeq=3 threadq=29 nodeprio=3 threadprio=29
DATA,xy,reconverse,4,0,7,2,14,500,0.000478,nodeq=3 threadq=29 nodeprio=3 threadprio=29
DATA,xy,reconverse,4,0,8,0,16,500,0.000077,nodeq=3 threadq=29 nodeprio=3 threadprio=29
DATA,xy,reconverse,4,0,8,0,16,500,0.000078,nodeq=3 threadq=29 nodeprio=3 threadprio=29
DATA,xy,reconverse,4,0,8,0,16,500,0.000076,nodeq=3 threadq=29 nodeprio=3 threadprio=29
DATA,xy,reconverse,4,0,8,0,16,500,0.000075,nodeq=3 threadq=29 nodeprio=3 threadprio=29
=== xy cfg converse pes 4 rep 7 ===
Charm++> Running on MPI library: MPI VERSION    : CRAY MPICH version 8.1.32.110 (ANL base 3.4a2)
MPI BUILD INFO : Thu Feb 06 22:53 2025 (git hash f9c5634)
 (MPI standard: 3.1)
Charm++> Level of thread support used: MPI_THREAD_FUNNELED (desired: MPI_THREAD_FUNNELED)
Charm++> Running in SMP mode: 1 processes, 4 worker threads (PEs) + 1 comm threads per process, 4 PEs total
Charm++> The comm. thread both sends and receives messages
Converse/Charm++ Commit ID: v8.0.1-devel-36-g3c3086b33
adapt_xy: layer=converse pes=4 adaptive=-1 m=500 iters=5 phases_per_step=4 steps=9 x0=16 y0=0 dx=-2 dy=2
Format: DATA,xy,{layer},{pes},{adaptive},{step},{x},{y},{m},{mean iter s},{slots}
DATA,xy,converse,4,-1,0,16,0,500,0.001257,n/a
DATA,xy,converse,4,-1,0,16,0,500,0.001140,n/a
DATA,xy,converse,4,-1,0,16,0,500,0.001238,n/a
DATA,xy,converse,4,-1,0,16,0,500,0.001134,n/a
DATA,xy,converse,4,-1,1,14,2,500,0.001160,n/a
DATA,xy,converse,4,-1,1,14,2,500,0.001203,n/a
DATA,xy,converse,4,-1,1,14,2,500,0.001220,n/a
DATA,xy,converse,4,-1,1,14,2,500,0.001208,n/a
DATA,xy,converse,4,-1,2,12,4,500,0.001292,n/a
DATA,xy,converse,4,-1,2,12,4,500,0.001189,n/a
DATA,xy,converse,4,-1,2,12,4,500,0.001238,n/a
DATA,xy,converse,4,-1,2,12,4,500,0.001235,n/a
DATA,xy,converse,4,-1,3,10,6,500,0.001196,n/a
DATA,xy,converse,4,-1,3,10,6,500,0.001249,n/a
DATA,xy,converse,4,-1,3,10,6,500,0.001238,n/a
DATA,xy,converse,4,-1,3,10,6,500,0.001250,n/a
DATA,xy,converse,4,-1,4,8,8,500,0.001203,n/a
DATA,xy,converse,4,-1,4,8,8,500,0.001253,n/a
DATA,xy,converse,4,-1,4,8,8,500,0.001264,n/a
DATA,xy,converse,4,-1,4,8,8,500,0.001243,n/a
DATA,xy,converse,4,-1,5,6,10,500,0.001175,n/a
DATA,xy,converse,4,-1,5,6,10,500,0.001225,n/a
DATA,xy,converse,4,-1,5,6,10,500,0.001188,n/a
DATA,xy,converse,4,-1,5,6,10,500,0.001296,n/a
DATA,xy,converse,4,-1,6,4,12,500,0.001197,n/a
DATA,xy,converse,4,-1,6,4,12,500,0.001215,n/a
DATA,xy,converse,4,-1,6,4,12,500,0.001184,n/a
DATA,xy,converse,4,-1,6,4,12,500,0.001262,n/a
DATA,xy,converse,4,-1,7,2,14,500,0.001214,n/a
DATA,xy,converse,4,-1,7,2,14,500,0.001270,n/a
DATA,xy,converse,4,-1,7,2,14,500,0.001279,n/a
DATA,xy,converse,4,-1,7,2,14,500,0.001175,n/a
DATA,xy,converse,4,-1,8,0,16,500,0.000124,n/a
DATA,xy,converse,4,-1,8,0,16,500,0.000128,n/a
DATA,xy,converse,4,-1,8,0,16,500,0.000080,n/a
DATA,xy,converse,4,-1,8,0,16,500,0.000103,n/a
[Partition 0][Node 0] End of program
=== xy cfg adaptive pes 8 rep 7 ===
Charm++> Running in SMP mode on 1 nodes and 8 PEs
adapt_xy: layer=reconverse pes=8 adaptive=1 m=500 iters=5 phases_per_step=4 steps=9 x0=16 y0=0 dx=-2 dy=2
Format: DATA,xy,{layer},{pes},{adaptive},{step},{x},{y},{m},{mean iter s},{slots}
DATA,xy,reconverse,8,1,0,16,0,500,0.002142,nodeq=51 threadq=11 nodeprio=1 threadprio=1
DATA,xy,reconverse,8,1,0,16,0,500,0.001940,nodeq=55 threadq=7 nodeprio=1 threadprio=1
DATA,xy,reconverse,8,1,0,16,0,500,0.001869,nodeq=54 threadq=8 nodeprio=1 threadprio=1
DATA,xy,reconverse,8,1,0,16,0,500,0.001916,nodeq=54 threadq=8 nodeprio=1 threadprio=1
DATA,xy,reconverse,8,1,1,14,2,500,0.001889,nodeq=33 threadq=29 nodeprio=1 threadprio=1
DATA,xy,reconverse,8,1,1,14,2,500,0.001899,nodeq=31 threadq=31 nodeprio=1 threadprio=1
DATA,xy,reconverse,8,1,1,14,2,500,0.001916,nodeq=31 threadq=31 nodeprio=1 threadprio=1
DATA,xy,reconverse,8,1,1,14,2,500,0.001883,nodeq=31 threadq=31 nodeprio=1 threadprio=1
DATA,xy,reconverse,8,1,2,12,4,500,0.001865,nodeq=31 threadq=31 nodeprio=1 threadprio=1
DATA,xy,reconverse,8,1,2,12,4,500,0.001868,nodeq=31 threadq=31 nodeprio=1 threadprio=1
DATA,xy,reconverse,8,1,2,12,4,500,0.001896,nodeq=30 threadq=32 nodeprio=1 threadprio=1
DATA,xy,reconverse,8,1,2,12,4,500,0.001873,nodeq=32 threadq=30 nodeprio=1 threadprio=1
DATA,xy,reconverse,8,1,3,10,6,500,0.001871,nodeq=30 threadq=32 nodeprio=1 threadprio=1
DATA,xy,reconverse,8,1,3,10,6,500,0.001855,nodeq=32 threadq=30 nodeprio=1 threadprio=1
DATA,xy,reconverse,8,1,3,10,6,500,0.001862,nodeq=30 threadq=32 nodeprio=1 threadprio=1
DATA,xy,reconverse,8,1,3,10,6,500,0.001881,nodeq=31 threadq=31 nodeprio=1 threadprio=1
DATA,xy,reconverse,8,1,4,8,8,500,0.001871,nodeq=30 threadq=32 nodeprio=1 threadprio=1
DATA,xy,reconverse,8,1,4,8,8,500,0.001885,nodeq=32 threadq=30 nodeprio=1 threadprio=1
DATA,xy,reconverse,8,1,4,8,8,500,0.001875,nodeq=30 threadq=32 nodeprio=1 threadprio=1
DATA,xy,reconverse,8,1,4,8,8,500,0.001889,nodeq=31 threadq=31 nodeprio=1 threadprio=1
DATA,xy,reconverse,8,1,5,6,10,500,0.001879,nodeq=30 threadq=32 nodeprio=1 threadprio=1
DATA,xy,reconverse,8,1,5,6,10,500,0.001847,nodeq=31 threadq=31 nodeprio=1 threadprio=1
DATA,xy,reconverse,8,1,5,6,10,500,0.001872,nodeq=30 threadq=32 nodeprio=1 threadprio=1
DATA,xy,reconverse,8,1,5,6,10,500,0.001871,nodeq=31 threadq=31 nodeprio=1 threadprio=1
DATA,xy,reconverse,8,1,6,4,12,500,0.001864,nodeq=30 threadq=32 nodeprio=1 threadprio=1
DATA,xy,reconverse,8,1,6,4,12,500,0.001889,nodeq=31 threadq=31 nodeprio=1 threadprio=1
DATA,xy,reconverse,8,1,6,4,12,500,0.001863,nodeq=30 threadq=32 nodeprio=1 threadprio=1
DATA,xy,reconverse,8,1,6,4,12,500,0.001850,nodeq=31 threadq=31 nodeprio=1 threadprio=1
DATA,xy,reconverse,8,1,7,2,14,500,0.001875,nodeq=30 threadq=32 nodeprio=1 threadprio=1
DATA,xy,reconverse,8,1,7,2,14,500,0.001855,nodeq=31 threadq=31 nodeprio=1 threadprio=1
DATA,xy,reconverse,8,1,7,2,14,500,0.001837,nodeq=30 threadq=32 nodeprio=1 threadprio=1
DATA,xy,reconverse,8,1,7,2,14,500,0.001856,nodeq=31 threadq=31 nodeprio=1 threadprio=1
DATA,xy,reconverse,8,1,8,0,16,500,0.000115,nodeq=1 threadq=61 nodeprio=1 threadprio=1
DATA,xy,reconverse,8,1,8,0,16,500,0.000113,nodeq=1 threadq=61 nodeprio=1 threadprio=1
DATA,xy,reconverse,8,1,8,0,16,500,0.000112,nodeq=1 threadq=61 nodeprio=1 threadprio=1
DATA,xy,reconverse,8,1,8,0,16,500,0.000119,nodeq=1 threadq=61 nodeprio=1 threadprio=1
=== xy cfg hitrate pes 8 rep 7 ===
Charm++> Running in SMP mode on 1 nodes and 8 PEs
adapt_xy: layer=reconverse pes=8 adaptive=1 m=500 iters=5 phases_per_step=4 steps=9 x0=16 y0=0 dx=-2 dy=2
Format: DATA,xy,{layer},{pes},{adaptive},{step},{x},{y},{m},{mean iter s},{slots}
DATA,xy,reconverse,8,1,0,16,0,500,0.001819,nodeq=54 threadq=8 nodeprio=1 threadprio=1
DATA,xy,reconverse,8,1,0,16,0,500,0.001750,nodeq=54 threadq=8 nodeprio=1 threadprio=1
DATA,xy,reconverse,8,1,0,16,0,500,0.001730,nodeq=54 threadq=8 nodeprio=1 threadprio=1
DATA,xy,reconverse,8,1,0,16,0,500,0.001725,nodeq=54 threadq=8 nodeprio=1 threadprio=1
DATA,xy,reconverse,8,1,1,14,2,500,0.001688,nodeq=31 threadq=31 nodeprio=1 threadprio=1
DATA,xy,reconverse,8,1,1,14,2,500,0.001664,nodeq=31 threadq=31 nodeprio=1 threadprio=1
DATA,xy,reconverse,8,1,1,14,2,500,0.001640,nodeq=31 threadq=31 nodeprio=1 threadprio=1
DATA,xy,reconverse,8,1,1,14,2,500,0.001672,nodeq=31 threadq=31 nodeprio=1 threadprio=1
DATA,xy,reconverse,8,1,2,12,4,500,0.001662,nodeq=32 threadq=30 nodeprio=1 threadprio=1
DATA,xy,reconverse,8,1,2,12,4,500,0.001665,nodeq=31 threadq=31 nodeprio=1 threadprio=1
DATA,xy,reconverse,8,1,2,12,4,500,0.001656,nodeq=31 threadq=31 nodeprio=1 threadprio=1
DATA,xy,reconverse,8,1,2,12,4,500,0.001640,nodeq=31 threadq=31 nodeprio=1 threadprio=1
DATA,xy,reconverse,8,1,3,10,6,500,0.001666,nodeq=31 threadq=31 nodeprio=1 threadprio=1
DATA,xy,reconverse,8,1,3,10,6,500,0.001659,nodeq=31 threadq=31 nodeprio=1 threadprio=1
DATA,xy,reconverse,8,1,3,10,6,500,0.001653,nodeq=31 threadq=31 nodeprio=1 threadprio=1
DATA,xy,reconverse,8,1,3,10,6,500,0.001648,nodeq=31 threadq=31 nodeprio=1 threadprio=1
DATA,xy,reconverse,8,1,4,8,8,500,0.001663,nodeq=31 threadq=31 nodeprio=1 threadprio=1
DATA,xy,reconverse,8,1,4,8,8,500,0.001692,nodeq=31 threadq=31 nodeprio=1 threadprio=1
DATA,xy,reconverse,8,1,4,8,8,500,0.001664,nodeq=31 threadq=31 nodeprio=1 threadprio=1
DATA,xy,reconverse,8,1,4,8,8,500,0.001667,nodeq=31 threadq=31 nodeprio=1 threadprio=1
DATA,xy,reconverse,8,1,5,6,10,500,0.001664,nodeq=32 threadq=30 nodeprio=1 threadprio=1
DATA,xy,reconverse,8,1,5,6,10,500,0.001672,nodeq=31 threadq=31 nodeprio=1 threadprio=1
DATA,xy,reconverse,8,1,5,6,10,500,0.001676,nodeq=31 threadq=31 nodeprio=1 threadprio=1
DATA,xy,reconverse,8,1,5,6,10,500,0.001666,nodeq=31 threadq=31 nodeprio=1 threadprio=1
DATA,xy,reconverse,8,1,6,4,12,500,0.001707,nodeq=31 threadq=31 nodeprio=1 threadprio=1
DATA,xy,reconverse,8,1,6,4,12,500,0.001627,nodeq=32 threadq=30 nodeprio=1 threadprio=1
DATA,xy,reconverse,8,1,6,4,12,500,0.001673,nodeq=31 threadq=31 nodeprio=1 threadprio=1
DATA,xy,reconverse,8,1,6,4,12,500,0.001664,nodeq=30 threadq=32 nodeprio=1 threadprio=1
DATA,xy,reconverse,8,1,7,2,14,500,0.001658,nodeq=32 threadq=30 nodeprio=1 threadprio=1
DATA,xy,reconverse,8,1,7,2,14,500,0.001682,nodeq=31 threadq=31 nodeprio=1 threadprio=1
DATA,xy,reconverse,8,1,7,2,14,500,0.001668,nodeq=30 threadq=32 nodeprio=1 threadprio=1
DATA,xy,reconverse,8,1,7,2,14,500,0.001684,nodeq=31 threadq=31 nodeprio=1 threadprio=1
DATA,xy,reconverse,8,1,8,0,16,500,0.000132,nodeq=1 threadq=61 nodeprio=1 threadprio=1
DATA,xy,reconverse,8,1,8,0,16,500,0.000127,nodeq=1 threadq=61 nodeprio=1 threadprio=1
DATA,xy,reconverse,8,1,8,0,16,500,0.000132,nodeq=1 threadq=61 nodeprio=1 threadprio=1
DATA,xy,reconverse,8,1,8,0,16,500,0.000123,nodeq=1 threadq=61 nodeprio=1 threadprio=1
=== xy cfg static pes 8 rep 7 ===
Charm++> Running in SMP mode on 1 nodes and 8 PEs
adapt_xy: layer=reconverse pes=8 adaptive=0 m=500 iters=5 phases_per_step=4 steps=9 x0=16 y0=0 dx=-2 dy=2
Format: DATA,xy,{layer},{pes},{adaptive},{step},{x},{y},{m},{mean iter s},{slots}
DATA,xy,reconverse,8,0,0,16,0,500,0.001958,nodeq=3 threadq=29 nodeprio=3 threadprio=29
DATA,xy,reconverse,8,0,0,16,0,500,0.002034,nodeq=3 threadq=29 nodeprio=3 threadprio=29
DATA,xy,reconverse,8,0,0,16,0,500,0.002052,nodeq=3 threadq=29 nodeprio=3 threadprio=29
DATA,xy,reconverse,8,0,0,16,0,500,0.002037,nodeq=3 threadq=29 nodeprio=3 threadprio=29
DATA,xy,reconverse,8,0,1,14,2,500,0.002128,nodeq=3 threadq=29 nodeprio=3 threadprio=29
DATA,xy,reconverse,8,0,1,14,2,500,0.002121,nodeq=3 threadq=29 nodeprio=3 threadprio=29
DATA,xy,reconverse,8,0,1,14,2,500,0.002096,nodeq=3 threadq=29 nodeprio=3 threadprio=29
DATA,xy,reconverse,8,0,1,14,2,500,0.002116,nodeq=3 threadq=29 nodeprio=3 threadprio=29
DATA,xy,reconverse,8,0,2,12,4,500,0.002110,nodeq=3 threadq=29 nodeprio=3 threadprio=29
DATA,xy,reconverse,8,0,2,12,4,500,0.002111,nodeq=3 threadq=29 nodeprio=3 threadprio=29
DATA,xy,reconverse,8,0,2,12,4,500,0.002091,nodeq=3 threadq=29 nodeprio=3 threadprio=29
DATA,xy,reconverse,8,0,2,12,4,500,0.002110,nodeq=3 threadq=29 nodeprio=3 threadprio=29
DATA,xy,reconverse,8,0,3,10,6,500,0.002092,nodeq=3 threadq=29 nodeprio=3 threadprio=29
DATA,xy,reconverse,8,0,3,10,6,500,0.002090,nodeq=3 threadq=29 nodeprio=3 threadprio=29
DATA,xy,reconverse,8,0,3,10,6,500,0.002104,nodeq=3 threadq=29 nodeprio=3 threadprio=29
DATA,xy,reconverse,8,0,3,10,6,500,0.002097,nodeq=3 threadq=29 nodeprio=3 threadprio=29
DATA,xy,reconverse,8,0,4,8,8,500,0.002106,nodeq=3 threadq=29 nodeprio=3 threadprio=29
DATA,xy,reconverse,8,0,4,8,8,500,0.002100,nodeq=3 threadq=29 nodeprio=3 threadprio=29
DATA,xy,reconverse,8,0,4,8,8,500,0.002117,nodeq=3 threadq=29 nodeprio=3 threadprio=29
DATA,xy,reconverse,8,0,4,8,8,500,0.002123,nodeq=3 threadq=29 nodeprio=3 threadprio=29
DATA,xy,reconverse,8,0,5,6,10,500,0.002099,nodeq=3 threadq=29 nodeprio=3 threadprio=29
DATA,xy,reconverse,8,0,5,6,10,500,0.002090,nodeq=3 threadq=29 nodeprio=3 threadprio=29
DATA,xy,reconverse,8,0,5,6,10,500,0.002088,nodeq=3 threadq=29 nodeprio=3 threadprio=29
DATA,xy,reconverse,8,0,5,6,10,500,0.002104,nodeq=3 threadq=29 nodeprio=3 threadprio=29
DATA,xy,reconverse,8,0,6,4,12,500,0.002108,nodeq=3 threadq=29 nodeprio=3 threadprio=29
DATA,xy,reconverse,8,0,6,4,12,500,0.002092,nodeq=3 threadq=29 nodeprio=3 threadprio=29
DATA,xy,reconverse,8,0,6,4,12,500,0.002073,nodeq=3 threadq=29 nodeprio=3 threadprio=29
DATA,xy,reconverse,8,0,6,4,12,500,0.002076,nodeq=3 threadq=29 nodeprio=3 threadprio=29
DATA,xy,reconverse,8,0,7,2,14,500,0.002097,nodeq=3 threadq=29 nodeprio=3 threadprio=29
DATA,xy,reconverse,8,0,7,2,14,500,0.002110,nodeq=3 threadq=29 nodeprio=3 threadprio=29
DATA,xy,reconverse,8,0,7,2,14,500,0.002104,nodeq=3 threadq=29 nodeprio=3 threadprio=29
DATA,xy,reconverse,8,0,7,2,14,500,0.002131,nodeq=3 threadq=29 nodeprio=3 threadprio=29
DATA,xy,reconverse,8,0,8,0,16,500,0.000127,nodeq=3 threadq=29 nodeprio=3 threadprio=29
DATA,xy,reconverse,8,0,8,0,16,500,0.000127,nodeq=3 threadq=29 nodeprio=3 threadprio=29
DATA,xy,reconverse,8,0,8,0,16,500,0.000129,nodeq=3 threadq=29 nodeprio=3 threadprio=29
DATA,xy,reconverse,8,0,8,0,16,500,0.000126,nodeq=3 threadq=29 nodeprio=3 threadprio=29
=== xy cfg converse pes 8 rep 7 ===
Charm++> Running on MPI library: MPI VERSION    : CRAY MPICH version 8.1.32.110 (ANL base 3.4a2)
MPI BUILD INFO : Thu Feb 06 22:53 2025 (git hash f9c5634)
 (MPI standard: 3.1)
Charm++> Level of thread support used: MPI_THREAD_FUNNELED (desired: MPI_THREAD_FUNNELED)
Charm++> Running in SMP mode: 1 processes, 8 worker threads (PEs) + 1 comm threads per process, 8 PEs total
Charm++> The comm. thread both sends and receives messages
Converse/Charm++ Commit ID: v8.0.1-devel-36-g3c3086b33
adapt_xy: layer=converse pes=8 adaptive=-1 m=500 iters=5 phases_per_step=4 steps=9 x0=16 y0=0 dx=-2 dy=2
Format: DATA,xy,{layer},{pes},{adaptive},{step},{x},{y},{m},{mean iter s},{slots}
DATA,xy,converse,8,-1,0,16,0,500,0.010180,n/a
DATA,xy,converse,8,-1,0,16,0,500,0.005432,n/a
DATA,xy,converse,8,-1,0,16,0,500,0.005572,n/a
DATA,xy,converse,8,-1,0,16,0,500,0.005509,n/a
DATA,xy,converse,8,-1,1,14,2,500,0.005733,n/a
DATA,xy,converse,8,-1,1,14,2,500,0.005777,n/a
DATA,xy,converse,8,-1,1,14,2,500,0.005804,n/a
DATA,xy,converse,8,-1,1,14,2,500,0.005697,n/a
DATA,xy,converse,8,-1,2,12,4,500,0.005789,n/a
DATA,xy,converse,8,-1,2,12,4,500,0.005727,n/a
DATA,xy,converse,8,-1,2,12,4,500,0.005854,n/a
DATA,xy,converse,8,-1,2,12,4,500,0.005267,n/a
DATA,xy,converse,8,-1,3,10,6,500,0.005588,n/a
DATA,xy,converse,8,-1,3,10,6,500,0.005368,n/a
DATA,xy,converse,8,-1,3,10,6,500,0.005592,n/a
DATA,xy,converse,8,-1,3,10,6,500,0.005708,n/a
DATA,xy,converse,8,-1,4,8,8,500,0.005488,n/a
DATA,xy,converse,8,-1,4,8,8,500,0.005587,n/a
DATA,xy,converse,8,-1,4,8,8,500,0.005530,n/a
DATA,xy,converse,8,-1,4,8,8,500,0.005416,n/a
DATA,xy,converse,8,-1,5,6,10,500,0.005550,n/a
DATA,xy,converse,8,-1,5,6,10,500,0.005517,n/a
DATA,xy,converse,8,-1,5,6,10,500,0.005490,n/a
DATA,xy,converse,8,-1,5,6,10,500,0.005783,n/a
DATA,xy,converse,8,-1,6,4,12,500,0.006148,n/a
DATA,xy,converse,8,-1,6,4,12,500,0.005740,n/a
DATA,xy,converse,8,-1,6,4,12,500,0.005909,n/a
DATA,xy,converse,8,-1,6,4,12,500,0.005835,n/a
DATA,xy,converse,8,-1,7,2,14,500,0.005809,n/a
DATA,xy,converse,8,-1,7,2,14,500,0.005783,n/a
DATA,xy,converse,8,-1,7,2,14,500,0.005596,n/a
DATA,xy,converse,8,-1,7,2,14,500,0.005590,n/a
DATA,xy,converse,8,-1,8,0,16,500,0.000385,n/a
DATA,xy,converse,8,-1,8,0,16,500,0.000376,n/a
DATA,xy,converse,8,-1,8,0,16,500,0.000386,n/a
DATA,xy,converse,8,-1,8,0,16,500,0.000379,n/a
[Partition 0][Node 0] End of program
=== xy cfg adaptive pes 4 rep 8 ===
Charm++> Running in SMP mode on 1 nodes and 4 PEs
adapt_xy: layer=reconverse pes=4 adaptive=1 m=500 iters=5 phases_per_step=4 steps=9 x0=16 y0=0 dx=-2 dy=2
Format: DATA,xy,{layer},{pes},{adaptive},{step},{x},{y},{m},{mean iter s},{slots}
DATA,xy,reconverse,4,1,0,16,0,500,0.000415,nodeq=52 threadq=10 nodeprio=1 threadprio=1
DATA,xy,reconverse,4,1,0,16,0,500,0.000407,nodeq=56 threadq=6 nodeprio=1 threadprio=1
DATA,xy,reconverse,4,1,0,16,0,500,0.000403,nodeq=55 threadq=7 nodeprio=1 threadprio=1
DATA,xy,reconverse,4,1,0,16,0,500,0.000403,nodeq=53 threadq=9 nodeprio=1 threadprio=1
DATA,xy,reconverse,4,1,1,14,2,500,0.000446,nodeq=31 threadq=31 nodeprio=1 threadprio=1
DATA,xy,reconverse,4,1,1,14,2,500,0.000455,nodeq=31 threadq=31 nodeprio=1 threadprio=1
DATA,xy,reconverse,4,1,1,14,2,500,0.000431,nodeq=31 threadq=31 nodeprio=1 threadprio=1
DATA,xy,reconverse,4,1,1,14,2,500,0.000431,nodeq=31 threadq=31 nodeprio=1 threadprio=1
DATA,xy,reconverse,4,1,2,12,4,500,0.000433,nodeq=31 threadq=31 nodeprio=1 threadprio=1
DATA,xy,reconverse,4,1,2,12,4,500,0.000435,nodeq=31 threadq=31 nodeprio=1 threadprio=1
DATA,xy,reconverse,4,1,2,12,4,500,0.000428,nodeq=31 threadq=31 nodeprio=1 threadprio=1
DATA,xy,reconverse,4,1,2,12,4,500,0.000434,nodeq=31 threadq=31 nodeprio=1 threadprio=1
DATA,xy,reconverse,4,1,3,10,6,500,0.000430,nodeq=31 threadq=31 nodeprio=1 threadprio=1
DATA,xy,reconverse,4,1,3,10,6,500,0.000427,nodeq=31 threadq=31 nodeprio=1 threadprio=1
DATA,xy,reconverse,4,1,3,10,6,500,0.000429,nodeq=31 threadq=31 nodeprio=1 threadprio=1
DATA,xy,reconverse,4,1,3,10,6,500,0.000428,nodeq=31 threadq=31 nodeprio=1 threadprio=1
DATA,xy,reconverse,4,1,4,8,8,500,0.000433,nodeq=31 threadq=31 nodeprio=1 threadprio=1
DATA,xy,reconverse,4,1,4,8,8,500,0.000427,nodeq=31 threadq=31 nodeprio=1 threadprio=1
DATA,xy,reconverse,4,1,4,8,8,500,0.000431,nodeq=30 threadq=32 nodeprio=1 threadprio=1
DATA,xy,reconverse,4,1,4,8,8,500,0.000433,nodeq=31 threadq=31 nodeprio=1 threadprio=1
DATA,xy,reconverse,4,1,5,6,10,500,0.000430,nodeq=30 threadq=32 nodeprio=1 threadprio=1
DATA,xy,reconverse,4,1,5,6,10,500,0.000428,nodeq=30 threadq=32 nodeprio=1 threadprio=1
DATA,xy,reconverse,4,1,5,6,10,500,0.000430,nodeq=31 threadq=31 nodeprio=1 threadprio=1
DATA,xy,reconverse,4,1,5,6,10,500,0.000425,nodeq=30 threadq=32 nodeprio=1 threadprio=1
DATA,xy,reconverse,4,1,6,4,12,500,0.000429,nodeq=32 threadq=30 nodeprio=1 threadprio=1
DATA,xy,reconverse,4,1,6,4,12,500,0.000427,nodeq=30 threadq=32 nodeprio=1 threadprio=1
DATA,xy,reconverse,4,1,6,4,12,500,0.000428,nodeq=32 threadq=30 nodeprio=1 threadprio=1
DATA,xy,reconverse,4,1,6,4,12,500,0.000428,nodeq=30 threadq=32 nodeprio=1 threadprio=1
DATA,xy,reconverse,4,1,7,2,14,500,0.000427,nodeq=31 threadq=31 nodeprio=1 threadprio=1
DATA,xy,reconverse,4,1,7,2,14,500,0.000428,nodeq=30 threadq=32 nodeprio=1 threadprio=1
DATA,xy,reconverse,4,1,7,2,14,500,0.000428,nodeq=31 threadq=31 nodeprio=1 threadprio=1
DATA,xy,reconverse,4,1,7,2,14,500,0.000433,nodeq=30 threadq=32 nodeprio=1 threadprio=1
DATA,xy,reconverse,4,1,8,0,16,500,0.000072,nodeq=1 threadq=61 nodeprio=1 threadprio=1
DATA,xy,reconverse,4,1,8,0,16,500,0.000072,nodeq=1 threadq=61 nodeprio=1 threadprio=1
DATA,xy,reconverse,4,1,8,0,16,500,0.000071,nodeq=1 threadq=61 nodeprio=1 threadprio=1
DATA,xy,reconverse,4,1,8,0,16,500,0.000071,nodeq=1 threadq=61 nodeprio=1 threadprio=1
=== xy cfg hitrate pes 4 rep 8 ===
Charm++> Running in SMP mode on 1 nodes and 4 PEs
adapt_xy: layer=reconverse pes=4 adaptive=1 m=500 iters=5 phases_per_step=4 steps=9 x0=16 y0=0 dx=-2 dy=2
Format: DATA,xy,{layer},{pes},{adaptive},{step},{x},{y},{m},{mean iter s},{slots}
DATA,xy,reconverse,4,1,0,16,0,500,0.000375,nodeq=51 threadq=11 nodeprio=1 threadprio=1
DATA,xy,reconverse,4,1,0,16,0,500,0.000368,nodeq=55 threadq=7 nodeprio=1 threadprio=1
DATA,xy,reconverse,4,1,0,16,0,500,0.000346,nodeq=56 threadq=6 nodeprio=1 threadprio=1
DATA,xy,reconverse,4,1,0,16,0,500,0.000420,nodeq=53 threadq=9 nodeprio=1 threadprio=1
DATA,xy,reconverse,4,1,1,14,2,500,0.000382,nodeq=34 threadq=28 nodeprio=1 threadprio=1
DATA,xy,reconverse,4,1,1,14,2,500,0.000371,nodeq=30 threadq=32 nodeprio=1 threadprio=1
DATA,xy,reconverse,4,1,1,14,2,500,0.000353,nodeq=30 threadq=32 nodeprio=1 threadprio=1
DATA,xy,reconverse,4,1,1,14,2,500,0.000348,nodeq=30 threadq=32 nodeprio=1 threadprio=1
DATA,xy,reconverse,4,1,2,12,4,500,0.000349,nodeq=30 threadq=32 nodeprio=1 threadprio=1
DATA,xy,reconverse,4,1,2,12,4,500,0.000351,nodeq=30 threadq=32 nodeprio=1 threadprio=1
DATA,xy,reconverse,4,1,2,12,4,500,0.000348,nodeq=30 threadq=32 nodeprio=1 threadprio=1
DATA,xy,reconverse,4,1,2,12,4,500,0.000348,nodeq=30 threadq=32 nodeprio=1 threadprio=1
DATA,xy,reconverse,4,1,3,10,6,500,0.000346,nodeq=30 threadq=32 nodeprio=1 threadprio=1
DATA,xy,reconverse,4,1,3,10,6,500,0.000348,nodeq=31 threadq=31 nodeprio=1 threadprio=1
DATA,xy,reconverse,4,1,3,10,6,500,0.000348,nodeq=31 threadq=31 nodeprio=1 threadprio=1
DATA,xy,reconverse,4,1,3,10,6,500,0.000347,nodeq=31 threadq=31 nodeprio=1 threadprio=1
DATA,xy,reconverse,4,1,4,8,8,500,0.000342,nodeq=31 threadq=31 nodeprio=1 threadprio=1
DATA,xy,reconverse,4,1,4,8,8,500,0.000346,nodeq=31 threadq=31 nodeprio=1 threadprio=1
DATA,xy,reconverse,4,1,4,8,8,500,0.000347,nodeq=31 threadq=31 nodeprio=1 threadprio=1
DATA,xy,reconverse,4,1,4,8,8,500,0.000343,nodeq=31 threadq=31 nodeprio=1 threadprio=1
DATA,xy,reconverse,4,1,5,6,10,500,0.000347,nodeq=31 threadq=31 nodeprio=1 threadprio=1
DATA,xy,reconverse,4,1,5,6,10,500,0.000343,nodeq=31 threadq=31 nodeprio=1 threadprio=1
DATA,xy,reconverse,4,1,5,6,10,500,0.000344,nodeq=31 threadq=31 nodeprio=1 threadprio=1
DATA,xy,reconverse,4,1,5,6,10,500,0.000346,nodeq=31 threadq=31 nodeprio=1 threadprio=1
DATA,xy,reconverse,4,1,6,4,12,500,0.000345,nodeq=31 threadq=31 nodeprio=1 threadprio=1
DATA,xy,reconverse,4,1,6,4,12,500,0.000343,nodeq=31 threadq=31 nodeprio=1 threadprio=1
DATA,xy,reconverse,4,1,6,4,12,500,0.000346,nodeq=31 threadq=31 nodeprio=1 threadprio=1
DATA,xy,reconverse,4,1,6,4,12,500,0.000345,nodeq=31 threadq=31 nodeprio=1 threadprio=1
DATA,xy,reconverse,4,1,7,2,14,500,0.000343,nodeq=31 threadq=31 nodeprio=1 threadprio=1
DATA,xy,reconverse,4,1,7,2,14,500,0.000346,nodeq=31 threadq=31 nodeprio=1 threadprio=1
DATA,xy,reconverse,4,1,7,2,14,500,0.000342,nodeq=31 threadq=31 nodeprio=1 threadprio=1
DATA,xy,reconverse,4,1,7,2,14,500,0.000346,nodeq=31 threadq=31 nodeprio=1 threadprio=1
DATA,xy,reconverse,4,1,8,0,16,500,0.000074,nodeq=1 threadq=61 nodeprio=1 threadprio=1
DATA,xy,reconverse,4,1,8,0,16,500,0.000071,nodeq=1 threadq=61 nodeprio=1 threadprio=1
DATA,xy,reconverse,4,1,8,0,16,500,0.000071,nodeq=1 threadq=61 nodeprio=1 threadprio=1
DATA,xy,reconverse,4,1,8,0,16,500,0.000072,nodeq=1 threadq=61 nodeprio=1 threadprio=1
=== xy cfg static pes 4 rep 8 ===
Charm++> Running in SMP mode on 1 nodes and 4 PEs
adapt_xy: layer=reconverse pes=4 adaptive=0 m=500 iters=5 phases_per_step=4 steps=9 x0=16 y0=0 dx=-2 dy=2
Format: DATA,xy,{layer},{pes},{adaptive},{step},{x},{y},{m},{mean iter s},{slots}
DATA,xy,reconverse,4,0,0,16,0,500,0.000461,nodeq=3 threadq=29 nodeprio=3 threadprio=29
DATA,xy,reconverse,4,0,0,16,0,500,0.000492,nodeq=3 threadq=29 nodeprio=3 threadprio=29
DATA,xy,reconverse,4,0,0,16,0,500,0.000458,nodeq=3 threadq=29 nodeprio=3 threadprio=29
DATA,xy,reconverse,4,0,0,16,0,500,0.000460,nodeq=3 threadq=29 nodeprio=3 threadprio=29
DATA,xy,reconverse,4,0,1,14,2,500,0.000513,nodeq=3 threadq=29 nodeprio=3 threadprio=29
DATA,xy,reconverse,4,0,1,14,2,500,0.000510,nodeq=3 threadq=29 nodeprio=3 threadprio=29
DATA,xy,reconverse,4,0,1,14,2,500,0.000510,nodeq=3 threadq=29 nodeprio=3 threadprio=29
DATA,xy,reconverse,4,0,1,14,2,500,0.000507,nodeq=3 threadq=29 nodeprio=3 threadprio=29
DATA,xy,reconverse,4,0,2,12,4,500,0.000502,nodeq=3 threadq=29 nodeprio=3 threadprio=29
DATA,xy,reconverse,4,0,2,12,4,500,0.000510,nodeq=3 threadq=29 nodeprio=3 threadprio=29
DATA,xy,reconverse,4,0,2,12,4,500,0.000505,nodeq=3 threadq=29 nodeprio=3 threadprio=29
DATA,xy,reconverse,4,0,2,12,4,500,0.000509,nodeq=3 threadq=29 nodeprio=3 threadprio=29
DATA,xy,reconverse,4,0,3,10,6,500,0.000509,nodeq=3 threadq=29 nodeprio=3 threadprio=29
DATA,xy,reconverse,4,0,3,10,6,500,0.000505,nodeq=3 threadq=29 nodeprio=3 threadprio=29
DATA,xy,reconverse,4,0,3,10,6,500,0.000505,nodeq=3 threadq=29 nodeprio=3 threadprio=29
DATA,xy,reconverse,4,0,3,10,6,500,0.000509,nodeq=3 threadq=29 nodeprio=3 threadprio=29
DATA,xy,reconverse,4,0,4,8,8,500,0.000500,nodeq=3 threadq=29 nodeprio=3 threadprio=29
DATA,xy,reconverse,4,0,4,8,8,500,0.000498,nodeq=3 threadq=29 nodeprio=3 threadprio=29
DATA,xy,reconverse,4,0,4,8,8,500,0.000503,nodeq=3 threadq=29 nodeprio=3 threadprio=29
DATA,xy,reconverse,4,0,4,8,8,500,0.000504,nodeq=3 threadq=29 nodeprio=3 threadprio=29
DATA,xy,reconverse,4,0,5,6,10,500,0.000498,nodeq=3 threadq=29 nodeprio=3 threadprio=29
DATA,xy,reconverse,4,0,5,6,10,500,0.000501,nodeq=3 threadq=29 nodeprio=3 threadprio=29
DATA,xy,reconverse,4,0,5,6,10,500,0.000508,nodeq=3 threadq=29 nodeprio=3 threadprio=29
DATA,xy,reconverse,4,0,5,6,10,500,0.000508,nodeq=3 threadq=29 nodeprio=3 threadprio=29
DATA,xy,reconverse,4,0,6,4,12,500,0.000508,nodeq=3 threadq=29 nodeprio=3 threadprio=29
DATA,xy,reconverse,4,0,6,4,12,500,0.000504,nodeq=3 threadq=29 nodeprio=3 threadprio=29
DATA,xy,reconverse,4,0,6,4,12,500,0.000502,nodeq=3 threadq=29 nodeprio=3 threadprio=29
DATA,xy,reconverse,4,0,6,4,12,500,0.000504,nodeq=3 threadq=29 nodeprio=3 threadprio=29
DATA,xy,reconverse,4,0,7,2,14,500,0.000503,nodeq=3 threadq=29 nodeprio=3 threadprio=29
DATA,xy,reconverse,4,0,7,2,14,500,0.000501,nodeq=3 threadq=29 nodeprio=3 threadprio=29
DATA,xy,reconverse,4,0,7,2,14,500,0.000505,nodeq=3 threadq=29 nodeprio=3 threadprio=29
DATA,xy,reconverse,4,0,7,2,14,500,0.000507,nodeq=3 threadq=29 nodeprio=3 threadprio=29
DATA,xy,reconverse,4,0,8,0,16,500,0.000079,nodeq=3 threadq=29 nodeprio=3 threadprio=29
DATA,xy,reconverse,4,0,8,0,16,500,0.000077,nodeq=3 threadq=29 nodeprio=3 threadprio=29
DATA,xy,reconverse,4,0,8,0,16,500,0.000077,nodeq=3 threadq=29 nodeprio=3 threadprio=29
DATA,xy,reconverse,4,0,8,0,16,500,0.000077,nodeq=3 threadq=29 nodeprio=3 threadprio=29
=== xy cfg converse pes 4 rep 8 ===
Charm++> Running on MPI library: MPI VERSION    : CRAY MPICH version 8.1.32.110 (ANL base 3.4a2)
MPI BUILD INFO : Thu Feb 06 22:53 2025 (git hash f9c5634)
 (MPI standard: 3.1)
Charm++> Level of thread support used: MPI_THREAD_FUNNELED (desired: MPI_THREAD_FUNNELED)
Charm++> Running in SMP mode: 1 processes, 4 worker threads (PEs) + 1 comm threads per process, 4 PEs total
Charm++> The comm. thread both sends and receives messages
Converse/Charm++ Commit ID: v8.0.1-devel-36-g3c3086b33
adapt_xy: layer=converse pes=4 adaptive=-1 m=500 iters=5 phases_per_step=4 steps=9 x0=16 y0=0 dx=-2 dy=2
Format: DATA,xy,{layer},{pes},{adaptive},{step},{x},{y},{m},{mean iter s},{slots}
DATA,xy,converse,4,-1,0,16,0,500,0.001239,n/a
DATA,xy,converse,4,-1,0,16,0,500,0.001187,n/a
DATA,xy,converse,4,-1,0,16,0,500,0.001185,n/a
DATA,xy,converse,4,-1,0,16,0,500,0.001295,n/a
DATA,xy,converse,4,-1,1,14,2,500,0.001283,n/a
DATA,xy,converse,4,-1,1,14,2,500,0.001298,n/a
DATA,xy,converse,4,-1,1,14,2,500,0.001351,n/a
DATA,xy,converse,4,-1,1,14,2,500,0.001361,n/a
DATA,xy,converse,4,-1,2,12,4,500,0.001236,n/a
DATA,xy,converse,4,-1,2,12,4,500,0.001295,n/a
DATA,xy,converse,4,-1,2,12,4,500,0.001239,n/a
DATA,xy,converse,4,-1,2,12,4,500,0.001336,n/a
DATA,xy,converse,4,-1,3,10,6,500,0.001295,n/a
DATA,xy,converse,4,-1,3,10,6,500,0.001375,n/a
DATA,xy,converse,4,-1,3,10,6,500,0.001229,n/a
DATA,xy,converse,4,-1,3,10,6,500,0.001283,n/a
DATA,xy,converse,4,-1,4,8,8,500,0.001330,n/a
DATA,xy,converse,4,-1,4,8,8,500,0.001230,n/a
DATA,xy,converse,4,-1,4,8,8,500,0.001172,n/a
DATA,xy,converse,4,-1,4,8,8,500,0.001253,n/a
DATA,xy,converse,4,-1,5,6,10,500,0.001214,n/a
DATA,xy,converse,4,-1,5,6,10,500,0.001270,n/a
DATA,xy,converse,4,-1,5,6,10,500,0.001280,n/a
DATA,xy,converse,4,-1,5,6,10,500,0.001278,n/a
DATA,xy,converse,4,-1,6,4,12,500,0.001237,n/a
DATA,xy,converse,4,-1,6,4,12,500,0.001236,n/a
DATA,xy,converse,4,-1,6,4,12,500,0.001211,n/a
DATA,xy,converse,4,-1,6,4,12,500,0.001293,n/a
DATA,xy,converse,4,-1,7,2,14,500,0.001239,n/a
DATA,xy,converse,4,-1,7,2,14,500,0.001301,n/a
DATA,xy,converse,4,-1,7,2,14,500,0.001304,n/a
DATA,xy,converse,4,-1,7,2,14,500,0.001337,n/a
DATA,xy,converse,4,-1,8,0,16,500,0.000096,n/a
DATA,xy,converse,4,-1,8,0,16,500,0.000081,n/a
DATA,xy,converse,4,-1,8,0,16,500,0.000095,n/a
DATA,xy,converse,4,-1,8,0,16,500,0.000094,n/a
[Partition 0][Node 0] End of program
=== xy cfg adaptive pes 8 rep 8 ===
Charm++> Running in SMP mode on 1 nodes and 8 PEs
adapt_xy: layer=reconverse pes=8 adaptive=1 m=500 iters=5 phases_per_step=4 steps=9 x0=16 y0=0 dx=-2 dy=2
Format: DATA,xy,{layer},{pes},{adaptive},{step},{x},{y},{m},{mean iter s},{slots}
DATA,xy,reconverse,8,1,0,16,0,500,0.002232,nodeq=58 threadq=4 nodeprio=1 threadprio=1
DATA,xy,reconverse,8,1,0,16,0,500,0.001819,nodeq=53 threadq=9 nodeprio=1 threadprio=1
DATA,xy,reconverse,8,1,0,16,0,500,0.001821,nodeq=54 threadq=8 nodeprio=1 threadprio=1
DATA,xy,reconverse,8,1,0,16,0,500,0.001791,nodeq=54 threadq=8 nodeprio=1 threadprio=1
DATA,xy,reconverse,8,1,1,14,2,500,0.001882,nodeq=31 threadq=31 nodeprio=1 threadprio=1
DATA,xy,reconverse,8,1,1,14,2,500,0.001899,nodeq=31 threadq=31 nodeprio=1 threadprio=1
DATA,xy,reconverse,8,1,1,14,2,500,0.001863,nodeq=32 threadq=30 nodeprio=1 threadprio=1
DATA,xy,reconverse,8,1,1,14,2,500,0.001858,nodeq=31 threadq=31 nodeprio=1 threadprio=1
DATA,xy,reconverse,8,1,2,12,4,500,0.001879,nodeq=31 threadq=31 nodeprio=1 threadprio=1
DATA,xy,reconverse,8,1,2,12,4,500,0.001864,nodeq=31 threadq=31 nodeprio=1 threadprio=1
DATA,xy,reconverse,8,1,2,12,4,500,0.001876,nodeq=31 threadq=31 nodeprio=1 threadprio=1
DATA,xy,reconverse,8,1,2,12,4,500,0.001877,nodeq=31 threadq=31 nodeprio=1 threadprio=1
DATA,xy,reconverse,8,1,3,10,6,500,0.001893,nodeq=31 threadq=31 nodeprio=1 threadprio=1
DATA,xy,reconverse,8,1,3,10,6,500,0.001897,nodeq=32 threadq=30 nodeprio=1 threadprio=1
DATA,xy,reconverse,8,1,3,10,6,500,0.001857,nodeq=32 threadq=30 nodeprio=1 threadprio=1
DATA,xy,reconverse,8,1,3,10,6,500,0.001864,nodeq=31 threadq=31 nodeprio=1 threadprio=1
DATA,xy,reconverse,8,1,4,8,8,500,0.001881,nodeq=31 threadq=31 nodeprio=1 threadprio=1
DATA,xy,reconverse,8,1,4,8,8,500,0.001860,nodeq=31 threadq=31 nodeprio=1 threadprio=1
DATA,xy,reconverse,8,1,4,8,8,500,0.001871,nodeq=31 threadq=31 nodeprio=1 threadprio=1
DATA,xy,reconverse,8,1,4,8,8,500,0.001868,nodeq=31 threadq=31 nodeprio=1 threadprio=1
DATA,xy,reconverse,8,1,5,6,10,500,0.001869,nodeq=32 threadq=30 nodeprio=1 threadprio=1
DATA,xy,reconverse,8,1,5,6,10,500,0.001866,nodeq=33 threadq=29 nodeprio=1 threadprio=1
DATA,xy,reconverse,8,1,5,6,10,500,0.001838,nodeq=31 threadq=31 nodeprio=1 threadprio=1
DATA,xy,reconverse,8,1,5,6,10,500,0.001857,nodeq=31 threadq=31 nodeprio=1 threadprio=1
DATA,xy,reconverse,8,1,6,4,12,500,0.001857,nodeq=31 threadq=31 nodeprio=1 threadprio=1
DATA,xy,reconverse,8,1,6,4,12,500,0.001879,nodeq=31 threadq=31 nodeprio=1 threadprio=1
DATA,xy,reconverse,8,1,6,4,12,500,0.001873,nodeq=31 threadq=31 nodeprio=1 threadprio=1
DATA,xy,reconverse,8,1,6,4,12,500,0.001869,nodeq=31 threadq=31 nodeprio=1 threadprio=1
DATA,xy,reconverse,8,1,7,2,14,500,0.001884,nodeq=32 threadq=30 nodeprio=1 threadprio=1
DATA,xy,reconverse,8,1,7,2,14,500,0.001843,nodeq=32 threadq=30 nodeprio=1 threadprio=1
DATA,xy,reconverse,8,1,7,2,14,500,0.001854,nodeq=31 threadq=31 nodeprio=1 threadprio=1
DATA,xy,reconverse,8,1,7,2,14,500,0.001869,nodeq=31 threadq=31 nodeprio=1 threadprio=1
DATA,xy,reconverse,8,1,8,0,16,500,0.000094,nodeq=1 threadq=61 nodeprio=1 threadprio=1
DATA,xy,reconverse,8,1,8,0,16,500,0.000093,nodeq=1 threadq=61 nodeprio=1 threadprio=1
DATA,xy,reconverse,8,1,8,0,16,500,0.000092,nodeq=1 threadq=61 nodeprio=1 threadprio=1
DATA,xy,reconverse,8,1,8,0,16,500,0.000092,nodeq=1 threadq=61 nodeprio=1 threadprio=1
=== xy cfg hitrate pes 8 rep 8 ===
Charm++> Running in SMP mode on 1 nodes and 8 PEs
adapt_xy: layer=reconverse pes=8 adaptive=1 m=500 iters=5 phases_per_step=4 steps=9 x0=16 y0=0 dx=-2 dy=2
Format: DATA,xy,{layer},{pes},{adaptive},{step},{x},{y},{m},{mean iter s},{slots}
DATA,xy,reconverse,8,1,0,16,0,500,0.001899,nodeq=51 threadq=11 nodeprio=1 threadprio=1
DATA,xy,reconverse,8,1,0,16,0,500,0.001738,nodeq=55 threadq=7 nodeprio=1 threadprio=1
DATA,xy,reconverse,8,1,0,16,0,500,0.001756,nodeq=56 threadq=6 nodeprio=1 threadprio=1
DATA,xy,reconverse,8,1,0,16,0,500,0.001705,nodeq=54 threadq=8 nodeprio=1 threadprio=1
DATA,xy,reconverse,8,1,1,14,2,500,0.001637,nodeq=34 threadq=28 nodeprio=1 threadprio=1
DATA,xy,reconverse,8,1,1,14,2,500,0.001627,nodeq=31 threadq=31 nodeprio=1 threadprio=1
DATA,xy,reconverse,8,1,1,14,2,500,0.001633,nodeq=31 threadq=31 nodeprio=1 threadprio=1
DATA,xy,reconverse,8,1,1,14,2,500,0.001636,nodeq=31 threadq=31 nodeprio=1 threadprio=1
DATA,xy,reconverse,8,1,2,12,4,500,0.001621,nodeq=31 threadq=31 nodeprio=1 threadprio=1
DATA,xy,reconverse,8,1,2,12,4,500,0.001605,nodeq=31 threadq=31 nodeprio=1 threadprio=1
DATA,xy,reconverse,8,1,2,12,4,500,0.001618,nodeq=31 threadq=31 nodeprio=1 threadprio=1
DATA,xy,reconverse,8,1,2,12,4,500,0.001629,nodeq=31 threadq=31 nodeprio=1 threadprio=1
DATA,xy,reconverse,8,1,3,10,6,500,0.001612,nodeq=30 threadq=32 nodeprio=1 threadprio=1
DATA,xy,reconverse,8,1,3,10,6,500,0.001612,nodeq=31 threadq=31 nodeprio=1 threadprio=1
DATA,xy,reconverse,8,1,3,10,6,500,0.001606,nodeq=30 threadq=32 nodeprio=1 threadprio=1
DATA,xy,reconverse,8,1,3,10,6,500,0.001620,nodeq=31 threadq=31 nodeprio=1 threadprio=1
DATA,xy,reconverse,8,1,4,8,8,500,0.001584,nodeq=30 threadq=32 nodeprio=1 threadprio=1
DATA,xy,reconverse,8,1,4,8,8,500,0.001608,nodeq=32 threadq=30 nodeprio=1 threadprio=1
DATA,xy,reconverse,8,1,4,8,8,500,0.001613,nodeq=30 threadq=32 nodeprio=1 threadprio=1
DATA,xy,reconverse,8,1,4,8,8,500,0.001615,nodeq=31 threadq=31 nodeprio=1 threadprio=1
DATA,xy,reconverse,8,1,5,6,10,500,0.001600,nodeq=30 threadq=32 nodeprio=1 threadprio=1
DATA,xy,reconverse,8,1,5,6,10,500,0.001609,nodeq=31 threadq=31 nodeprio=1 threadprio=1
DATA,xy,reconverse,8,1,5,6,10,500,0.001627,nodeq=30 threadq=32 nodeprio=1 threadprio=1
DATA,xy,reconverse,8,1,5,6,10,500,0.001630,nodeq=31 threadq=31 nodeprio=1 threadprio=1
DATA,xy,reconverse,8,1,6,4,12,500,0.001626,nodeq=30 threadq=32 nodeprio=1 threadprio=1
DATA,xy,reconverse,8,1,6,4,12,500,0.001629,nodeq=31 threadq=31 nodeprio=1 threadprio=1
DATA,xy,reconverse,8,1,6,4,12,500,0.001631,nodeq=30 threadq=32 nodeprio=1 threadprio=1
DATA,xy,reconverse,8,1,6,4,12,500,0.001625,nodeq=31 threadq=31 nodeprio=1 threadprio=1
DATA,xy,reconverse,8,1,7,2,14,500,0.001617,nodeq=30 threadq=32 nodeprio=1 threadprio=1
DATA,xy,reconverse,8,1,7,2,14,500,0.001627,nodeq=31 threadq=31 nodeprio=1 threadprio=1
DATA,xy,reconverse,8,1,7,2,14,500,0.001601,nodeq=30 threadq=32 nodeprio=1 threadprio=1
DATA,xy,reconverse,8,1,7,2,14,500,0.001639,nodeq=31 threadq=31 nodeprio=1 threadprio=1
DATA,xy,reconverse,8,1,8,0,16,500,0.000107,nodeq=1 threadq=61 nodeprio=1 threadprio=1
DATA,xy,reconverse,8,1,8,0,16,500,0.000108,nodeq=1 threadq=61 nodeprio=1 threadprio=1
DATA,xy,reconverse,8,1,8,0,16,500,0.000107,nodeq=1 threadq=61 nodeprio=1 threadprio=1
DATA,xy,reconverse,8,1,8,0,16,500,0.000106,nodeq=1 threadq=61 nodeprio=1 threadprio=1
=== xy cfg static pes 8 rep 8 ===
Charm++> Running in SMP mode on 1 nodes and 8 PEs
adapt_xy: layer=reconverse pes=8 adaptive=0 m=500 iters=5 phases_per_step=4 steps=9 x0=16 y0=0 dx=-2 dy=2
Format: DATA,xy,{layer},{pes},{adaptive},{step},{x},{y},{m},{mean iter s},{slots}
DATA,xy,reconverse,8,0,0,16,0,500,0.001918,nodeq=3 threadq=29 nodeprio=3 threadprio=29
DATA,xy,reconverse,8,0,0,16,0,500,0.001866,nodeq=3 threadq=29 nodeprio=3 threadprio=29
DATA,xy,reconverse,8,0,0,16,0,500,0.001871,nodeq=3 threadq=29 nodeprio=3 threadprio=29
DATA,xy,reconverse,8,0,0,16,0,500,0.001869,nodeq=3 threadq=29 nodeprio=3 threadprio=29
DATA,xy,reconverse,8,0,1,14,2,500,0.001898,nodeq=3 threadq=29 nodeprio=3 threadprio=29
DATA,xy,reconverse,8,0,1,14,2,500,0.001625,nodeq=3 threadq=29 nodeprio=3 threadprio=29
DATA,xy,reconverse,8,0,1,14,2,500,0.001531,nodeq=3 threadq=29 nodeprio=3 threadprio=29
DATA,xy,reconverse,8,0,1,14,2,500,0.001512,nodeq=3 threadq=29 nodeprio=3 threadprio=29
DATA,xy,reconverse,8,0,2,12,4,500,0.001519,nodeq=3 threadq=29 nodeprio=3 threadprio=29
DATA,xy,reconverse,8,0,2,12,4,500,0.001517,nodeq=3 threadq=29 nodeprio=3 threadprio=29
DATA,xy,reconverse,8,0,2,12,4,500,0.001531,nodeq=3 threadq=29 nodeprio=3 threadprio=29
DATA,xy,reconverse,8,0,2,12,4,500,0.001524,nodeq=3 threadq=29 nodeprio=3 threadprio=29
DATA,xy,reconverse,8,0,3,10,6,500,0.001530,nodeq=3 threadq=29 nodeprio=3 threadprio=29
DATA,xy,reconverse,8,0,3,10,6,500,0.001516,nodeq=3 threadq=29 nodeprio=3 threadprio=29
DATA,xy,reconverse,8,0,3,10,6,500,0.001544,nodeq=3 threadq=29 nodeprio=3 threadprio=29
DATA,xy,reconverse,8,0,3,10,6,500,0.001533,nodeq=3 threadq=29 nodeprio=3 threadprio=29
DATA,xy,reconverse,8,0,4,8,8,500,0.001517,nodeq=3 threadq=29 nodeprio=3 threadprio=29
DATA,xy,reconverse,8,0,4,8,8,500,0.001516,nodeq=3 threadq=29 nodeprio=3 threadprio=29
DATA,xy,reconverse,8,0,4,8,8,500,0.001740,nodeq=3 threadq=29 nodeprio=3 threadprio=29
DATA,xy,reconverse,8,0,4,8,8,500,0.001925,nodeq=3 threadq=29 nodeprio=3 threadprio=29
DATA,xy,reconverse,8,0,5,6,10,500,0.001912,nodeq=3 threadq=29 nodeprio=3 threadprio=29
DATA,xy,reconverse,8,0,5,6,10,500,0.001931,nodeq=3 threadq=29 nodeprio=3 threadprio=29
DATA,xy,reconverse,8,0,5,6,10,500,0.001915,nodeq=3 threadq=29 nodeprio=3 threadprio=29
DATA,xy,reconverse,8,0,5,6,10,500,0.001930,nodeq=3 threadq=29 nodeprio=3 threadprio=29
DATA,xy,reconverse,8,0,6,4,12,500,0.001925,nodeq=3 threadq=29 nodeprio=3 threadprio=29
DATA,xy,reconverse,8,0,6,4,12,500,0.001889,nodeq=3 threadq=29 nodeprio=3 threadprio=29
DATA,xy,reconverse,8,0,6,4,12,500,0.001917,nodeq=3 threadq=29 nodeprio=3 threadprio=29
DATA,xy,reconverse,8,0,6,4,12,500,0.001918,nodeq=3 threadq=29 nodeprio=3 threadprio=29
DATA,xy,reconverse,8,0,7,2,14,500,0.001913,nodeq=3 threadq=29 nodeprio=3 threadprio=29
DATA,xy,reconverse,8,0,7,2,14,500,0.001927,nodeq=3 threadq=29 nodeprio=3 threadprio=29
DATA,xy,reconverse,8,0,7,2,14,500,0.001914,nodeq=3 threadq=29 nodeprio=3 threadprio=29
DATA,xy,reconverse,8,0,7,2,14,500,0.001911,nodeq=3 threadq=29 nodeprio=3 threadprio=29
DATA,xy,reconverse,8,0,8,0,16,500,0.000113,nodeq=3 threadq=29 nodeprio=3 threadprio=29
DATA,xy,reconverse,8,0,8,0,16,500,0.000114,nodeq=3 threadq=29 nodeprio=3 threadprio=29
DATA,xy,reconverse,8,0,8,0,16,500,0.000114,nodeq=3 threadq=29 nodeprio=3 threadprio=29
DATA,xy,reconverse,8,0,8,0,16,500,0.000114,nodeq=3 threadq=29 nodeprio=3 threadprio=29
=== xy cfg converse pes 8 rep 8 ===
Charm++> Running on MPI library: MPI VERSION    : CRAY MPICH version 8.1.32.110 (ANL base 3.4a2)
MPI BUILD INFO : Thu Feb 06 22:53 2025 (git hash f9c5634)
 (MPI standard: 3.1)
Charm++> Level of thread support used: MPI_THREAD_FUNNELED (desired: MPI_THREAD_FUNNELED)
Charm++> Running in SMP mode: 1 processes, 8 worker threads (PEs) + 1 comm threads per process, 8 PEs total
Charm++> The comm. thread both sends and receives messages
Converse/Charm++ Commit ID: v8.0.1-devel-36-g3c3086b33
adapt_xy: layer=converse pes=8 adaptive=-1 m=500 iters=5 phases_per_step=4 steps=9 x0=16 y0=0 dx=-2 dy=2
Format: DATA,xy,{layer},{pes},{adaptive},{step},{x},{y},{m},{mean iter s},{slots}
DATA,xy,converse,8,-1,0,16,0,500,0.005209,n/a
DATA,xy,converse,8,-1,0,16,0,500,0.005364,n/a
DATA,xy,converse,8,-1,0,16,0,500,0.005482,n/a
DATA,xy,converse,8,-1,0,16,0,500,0.005506,n/a
DATA,xy,converse,8,-1,1,14,2,500,0.005924,n/a
DATA,xy,converse,8,-1,1,14,2,500,0.005864,n/a
DATA,xy,converse,8,-1,1,14,2,500,0.005713,n/a
DATA,xy,converse,8,-1,1,14,2,500,0.005753,n/a
DATA,xy,converse,8,-1,2,12,4,500,0.005699,n/a
DATA,xy,converse,8,-1,2,12,4,500,0.005878,n/a
DATA,xy,converse,8,-1,2,12,4,500,0.005827,n/a
DATA,xy,converse,8,-1,2,12,4,500,0.005810,n/a
DATA,xy,converse,8,-1,3,10,6,500,0.005667,n/a
DATA,xy,converse,8,-1,3,10,6,500,0.005845,n/a
DATA,xy,converse,8,-1,3,10,6,500,0.005664,n/a
DATA,xy,converse,8,-1,3,10,6,500,0.005762,n/a
DATA,xy,converse,8,-1,4,8,8,500,0.005697,n/a
DATA,xy,converse,8,-1,4,8,8,500,0.005589,n/a
DATA,xy,converse,8,-1,4,8,8,500,0.005705,n/a
DATA,xy,converse,8,-1,4,8,8,500,0.005861,n/a
DATA,xy,converse,8,-1,5,6,10,500,0.005536,n/a
DATA,xy,converse,8,-1,5,6,10,500,0.005624,n/a
DATA,xy,converse,8,-1,5,6,10,500,0.005763,n/a
DATA,xy,converse,8,-1,5,6,10,500,0.005675,n/a
DATA,xy,converse,8,-1,6,4,12,500,0.005766,n/a
DATA,xy,converse,8,-1,6,4,12,500,0.005619,n/a
DATA,xy,converse,8,-1,6,4,12,500,0.005549,n/a
DATA,xy,converse,8,-1,6,4,12,500,0.006254,n/a
DATA,xy,converse,8,-1,7,2,14,500,0.005950,n/a
DATA,xy,converse,8,-1,7,2,14,500,0.006080,n/a
DATA,xy,converse,8,-1,7,2,14,500,0.006011,n/a
DATA,xy,converse,8,-1,7,2,14,500,0.005936,n/a
DATA,xy,converse,8,-1,8,0,16,500,0.000378,n/a
DATA,xy,converse,8,-1,8,0,16,500,0.000374,n/a
DATA,xy,converse,8,-1,8,0,16,500,0.000383,n/a
DATA,xy,converse,8,-1,8,0,16,500,0.000380,n/a
[Partition 0][Node 0] End of program
=== xy cfg adaptive pes 4 rep 9 ===
Charm++> Running in SMP mode on 1 nodes and 4 PEs
adapt_xy: layer=reconverse pes=4 adaptive=1 m=500 iters=5 phases_per_step=4 steps=9 x0=16 y0=0 dx=-2 dy=2
Format: DATA,xy,{layer},{pes},{adaptive},{step},{x},{y},{m},{mean iter s},{slots}
DATA,xy,reconverse,4,1,0,16,0,500,0.000449,nodeq=51 threadq=11 nodeprio=1 threadprio=1
DATA,xy,reconverse,4,1,0,16,0,500,0.000421,nodeq=55 threadq=7 nodeprio=1 threadprio=1
DATA,xy,reconverse,4,1,0,16,0,500,0.000418,nodeq=58 threadq=4 nodeprio=1 threadprio=1
DATA,xy,reconverse,4,1,0,16,0,500,0.000436,nodeq=52 threadq=10 nodeprio=1 threadprio=1
DATA,xy,reconverse,4,1,1,14,2,500,0.000458,nodeq=33 threadq=29 nodeprio=1 threadprio=1
DATA,xy,reconverse,4,1,1,14,2,500,0.000459,nodeq=30 threadq=32 nodeprio=1 threadprio=1
DATA,xy,reconverse,4,1,1,14,2,500,0.000447,nodeq=30 threadq=32 nodeprio=1 threadprio=1
DATA,xy,reconverse,4,1,1,14,2,500,0.000450,nodeq=30 threadq=32 nodeprio=1 threadprio=1
DATA,xy,reconverse,4,1,2,12,4,500,0.000446,nodeq=30 threadq=32 nodeprio=1 threadprio=1
DATA,xy,reconverse,4,1,2,12,4,500,0.000448,nodeq=32 threadq=30 nodeprio=1 threadprio=1
DATA,xy,reconverse,4,1,2,12,4,500,0.000447,nodeq=31 threadq=31 nodeprio=1 threadprio=1
DATA,xy,reconverse,4,1,2,12,4,500,0.000447,nodeq=31 threadq=31 nodeprio=1 threadprio=1
DATA,xy,reconverse,4,1,3,10,6,500,0.000449,nodeq=31 threadq=31 nodeprio=1 threadprio=1
DATA,xy,reconverse,4,1,3,10,6,500,0.000443,nodeq=31 threadq=31 nodeprio=1 threadprio=1
DATA,xy,reconverse,4,1,3,10,6,500,0.000447,nodeq=31 threadq=31 nodeprio=1 threadprio=1
DATA,xy,reconverse,4,1,3,10,6,500,0.000448,nodeq=31 threadq=31 nodeprio=1 threadprio=1
DATA,xy,reconverse,4,1,4,8,8,500,0.000447,nodeq=31 threadq=31 nodeprio=1 threadprio=1
DATA,xy,reconverse,4,1,4,8,8,500,0.000448,nodeq=31 threadq=31 nodeprio=1 threadprio=1
DATA,xy,reconverse,4,1,4,8,8,500,0.000448,nodeq=31 threadq=31 nodeprio=1 threadprio=1
DATA,xy,reconverse,4,1,4,8,8,500,0.000440,nodeq=31 threadq=31 nodeprio=1 threadprio=1
DATA,xy,reconverse,4,1,5,6,10,500,0.000435,nodeq=31 threadq=31 nodeprio=1 threadprio=1
DATA,xy,reconverse,4,1,5,6,10,500,0.000441,nodeq=31 threadq=31 nodeprio=1 threadprio=1
DATA,xy,reconverse,4,1,5,6,10,500,0.000438,nodeq=31 threadq=31 nodeprio=1 threadprio=1
DATA,xy,reconverse,4,1,5,6,10,500,0.000438,nodeq=31 threadq=31 nodeprio=1 threadprio=1
DATA,xy,reconverse,4,1,6,4,12,500,0.000436,nodeq=31 threadq=31 nodeprio=1 threadprio=1
DATA,xy,reconverse,4,1,6,4,12,500,0.000437,nodeq=31 threadq=31 nodeprio=1 threadprio=1
DATA,xy,reconverse,4,1,6,4,12,500,0.000444,nodeq=31 threadq=31 nodeprio=1 threadprio=1
DATA,xy,reconverse,4,1,6,4,12,500,0.000435,nodeq=31 threadq=31 nodeprio=1 threadprio=1
DATA,xy,reconverse,4,1,7,2,14,500,0.000444,nodeq=31 threadq=31 nodeprio=1 threadprio=1
DATA,xy,reconverse,4,1,7,2,14,500,0.000440,nodeq=31 threadq=31 nodeprio=1 threadprio=1
DATA,xy,reconverse,4,1,7,2,14,500,0.000436,nodeq=31 threadq=31 nodeprio=1 threadprio=1
DATA,xy,reconverse,4,1,7,2,14,500,0.000437,nodeq=31 threadq=31 nodeprio=1 threadprio=1
DATA,xy,reconverse,4,1,8,0,16,500,0.000075,nodeq=1 threadq=61 nodeprio=1 threadprio=1
DATA,xy,reconverse,4,1,8,0,16,500,0.000076,nodeq=1 threadq=61 nodeprio=1 threadprio=1
DATA,xy,reconverse,4,1,8,0,16,500,0.000074,nodeq=1 threadq=61 nodeprio=1 threadprio=1
DATA,xy,reconverse,4,1,8,0,16,500,0.000074,nodeq=1 threadq=61 nodeprio=1 threadprio=1
=== xy cfg hitrate pes 4 rep 9 ===
Charm++> Running in SMP mode on 1 nodes and 4 PEs
adapt_xy: layer=reconverse pes=4 adaptive=1 m=500 iters=5 phases_per_step=4 steps=9 x0=16 y0=0 dx=-2 dy=2
Format: DATA,xy,{layer},{pes},{adaptive},{step},{x},{y},{m},{mean iter s},{slots}
DATA,xy,reconverse,4,1,0,16,0,500,0.000434,nodeq=53 threadq=9 nodeprio=1 threadprio=1
DATA,xy,reconverse,4,1,0,16,0,500,0.000433,nodeq=56 threadq=6 nodeprio=1 threadprio=1
DATA,xy,reconverse,4,1,0,16,0,500,0.000431,nodeq=55 threadq=7 nodeprio=1 threadprio=1
DATA,xy,reconverse,4,1,0,16,0,500,0.000403,nodeq=56 threadq=6 nodeprio=1 threadprio=1
DATA,xy,reconverse,4,1,1,14,2,500,0.000405,nodeq=31 threadq=31 nodeprio=1 threadprio=1
DATA,xy,reconverse,4,1,1,14,2,500,0.000389,nodeq=31 threadq=31 nodeprio=1 threadprio=1
DATA,xy,reconverse,4,1,1,14,2,500,0.000390,nodeq=31 threadq=31 nodeprio=1 threadprio=1
DATA,xy,reconverse,4,1,1,14,2,500,0.000391,nodeq=31 threadq=31 nodeprio=1 threadprio=1
DATA,xy,reconverse,4,1,2,12,4,500,0.000383,nodeq=31 threadq=31 nodeprio=1 threadprio=1
DATA,xy,reconverse,4,1,2,12,4,500,0.000386,nodeq=31 threadq=31 nodeprio=1 threadprio=1
DATA,xy,reconverse,4,1,2,12,4,500,0.000385,nodeq=31 threadq=31 nodeprio=1 threadprio=1
DATA,xy,reconverse,4,1,2,12,4,500,0.000388,nodeq=31 threadq=31 nodeprio=1 threadprio=1
DATA,xy,reconverse,4,1,3,10,6,500,0.000385,nodeq=31 threadq=31 nodeprio=1 threadprio=1
DATA,xy,reconverse,4,1,3,10,6,500,0.000385,nodeq=31 threadq=31 nodeprio=1 threadprio=1
DATA,xy,reconverse,4,1,3,10,6,500,0.000385,nodeq=31 threadq=31 nodeprio=1 threadprio=1
DATA,xy,reconverse,4,1,3,10,6,500,0.000382,nodeq=31 threadq=31 nodeprio=1 threadprio=1
DATA,xy,reconverse,4,1,4,8,8,500,0.000386,nodeq=31 threadq=31 nodeprio=1 threadprio=1
DATA,xy,reconverse,4,1,4,8,8,500,0.000384,nodeq=31 threadq=31 nodeprio=1 threadprio=1
DATA,xy,reconverse,4,1,4,8,8,500,0.000386,nodeq=31 threadq=31 nodeprio=1 threadprio=1
DATA,xy,reconverse,4,1,4,8,8,500,0.000391,nodeq=31 threadq=31 nodeprio=1 threadprio=1
DATA,xy,reconverse,4,1,5,6,10,500,0.000388,nodeq=31 threadq=31 nodeprio=1 threadprio=1
DATA,xy,reconverse,4,1,5,6,10,500,0.000383,nodeq=31 threadq=31 nodeprio=1 threadprio=1
DATA,xy,reconverse,4,1,5,6,10,500,0.000384,nodeq=31 threadq=31 nodeprio=1 threadprio=1
DATA,xy,reconverse,4,1,5,6,10,500,0.000380,nodeq=31 threadq=31 nodeprio=1 threadprio=1
DATA,xy,reconverse,4,1,6,4,12,500,0.000382,nodeq=31 threadq=31 nodeprio=1 threadprio=1
DATA,xy,reconverse,4,1,6,4,12,500,0.000385,nodeq=31 threadq=31 nodeprio=1 threadprio=1
DATA,xy,reconverse,4,1,6,4,12,500,0.000384,nodeq=31 threadq=31 nodeprio=1 threadprio=1
DATA,xy,reconverse,4,1,6,4,12,500,0.000384,nodeq=31 threadq=31 nodeprio=1 threadprio=1
DATA,xy,reconverse,4,1,7,2,14,500,0.000387,nodeq=31 threadq=31 nodeprio=1 threadprio=1
DATA,xy,reconverse,4,1,7,2,14,500,0.000381,nodeq=31 threadq=31 nodeprio=1 threadprio=1
DATA,xy,reconverse,4,1,7,2,14,500,0.000381,nodeq=31 threadq=31 nodeprio=1 threadprio=1
DATA,xy,reconverse,4,1,7,2,14,500,0.000384,nodeq=31 threadq=31 nodeprio=1 threadprio=1
DATA,xy,reconverse,4,1,8,0,16,500,0.000073,nodeq=1 threadq=61 nodeprio=1 threadprio=1
DATA,xy,reconverse,4,1,8,0,16,500,0.000073,nodeq=1 threadq=61 nodeprio=1 threadprio=1
DATA,xy,reconverse,4,1,8,0,16,500,0.000071,nodeq=1 threadq=61 nodeprio=1 threadprio=1
DATA,xy,reconverse,4,1,8,0,16,500,0.000071,nodeq=1 threadq=61 nodeprio=1 threadprio=1
=== xy cfg static pes 4 rep 9 ===
Charm++> Running in SMP mode on 1 nodes and 4 PEs
adapt_xy: layer=reconverse pes=4 adaptive=0 m=500 iters=5 phases_per_step=4 steps=9 x0=16 y0=0 dx=-2 dy=2
Format: DATA,xy,{layer},{pes},{adaptive},{step},{x},{y},{m},{mean iter s},{slots}
DATA,xy,reconverse,4,0,0,16,0,500,0.000513,nodeq=3 threadq=29 nodeprio=3 threadprio=29
DATA,xy,reconverse,4,0,0,16,0,500,0.000513,nodeq=3 threadq=29 nodeprio=3 threadprio=29
DATA,xy,reconverse,4,0,0,16,0,500,0.000525,nodeq=3 threadq=29 nodeprio=3 threadprio=29
DATA,xy,reconverse,4,0,0,16,0,500,0.000511,nodeq=3 threadq=29 nodeprio=3 threadprio=29
DATA,xy,reconverse,4,0,1,14,2,500,0.000564,nodeq=3 threadq=29 nodeprio=3 threadprio=29
DATA,xy,reconverse,4,0,1,14,2,500,0.000573,nodeq=3 threadq=29 nodeprio=3 threadprio=29
DATA,xy,reconverse,4,0,1,14,2,500,0.000561,nodeq=3 threadq=29 nodeprio=3 threadprio=29
DATA,xy,reconverse,4,0,1,14,2,500,0.000558,nodeq=3 threadq=29 nodeprio=3 threadprio=29
DATA,xy,reconverse,4,0,2,12,4,500,0.000571,nodeq=3 threadq=29 nodeprio=3 threadprio=29
DATA,xy,reconverse,4,0,2,12,4,500,0.000564,nodeq=3 threadq=29 nodeprio=3 threadprio=29
DATA,xy,reconverse,4,0,2,12,4,500,0.000569,nodeq=3 threadq=29 nodeprio=3 threadprio=29
DATA,xy,reconverse,4,0,2,12,4,500,0.000567,nodeq=3 threadq=29 nodeprio=3 threadprio=29
DATA,xy,reconverse,4,0,3,10,6,500,0.000559,nodeq=3 threadq=29 nodeprio=3 threadprio=29
DATA,xy,reconverse,4,0,3,10,6,500,0.000552,nodeq=3 threadq=29 nodeprio=3 threadprio=29
DATA,xy,reconverse,4,0,3,10,6,500,0.000558,nodeq=3 threadq=29 nodeprio=3 threadprio=29
DATA,xy,reconverse,4,0,3,10,6,500,0.000562,nodeq=3 threadq=29 nodeprio=3 threadprio=29
DATA,xy,reconverse,4,0,4,8,8,500,0.000557,nodeq=3 threadq=29 nodeprio=3 threadprio=29
DATA,xy,reconverse,4,0,4,8,8,500,0.000559,nodeq=3 threadq=29 nodeprio=3 threadprio=29
DATA,xy,reconverse,4,0,4,8,8,500,0.000564,nodeq=3 threadq=29 nodeprio=3 threadprio=29
DATA,xy,reconverse,4,0,4,8,8,500,0.000559,nodeq=3 threadq=29 nodeprio=3 threadprio=29
DATA,xy,reconverse,4,0,5,6,10,500,0.000559,nodeq=3 threadq=29 nodeprio=3 threadprio=29
DATA,xy,reconverse,4,0,5,6,10,500,0.000558,nodeq=3 threadq=29 nodeprio=3 threadprio=29
DATA,xy,reconverse,4,0,5,6,10,500,0.000553,nodeq=3 threadq=29 nodeprio=3 threadprio=29
DATA,xy,reconverse,4,0,5,6,10,500,0.000557,nodeq=3 threadq=29 nodeprio=3 threadprio=29
DATA,xy,reconverse,4,0,6,4,12,500,0.000559,nodeq=3 threadq=29 nodeprio=3 threadprio=29
DATA,xy,reconverse,4,0,6,4,12,500,0.000563,nodeq=3 threadq=29 nodeprio=3 threadprio=29
DATA,xy,reconverse,4,0,6,4,12,500,0.000554,nodeq=3 threadq=29 nodeprio=3 threadprio=29
DATA,xy,reconverse,4,0,6,4,12,500,0.000551,nodeq=3 threadq=29 nodeprio=3 threadprio=29
DATA,xy,reconverse,4,0,7,2,14,500,0.000555,nodeq=3 threadq=29 nodeprio=3 threadprio=29
DATA,xy,reconverse,4,0,7,2,14,500,0.000560,nodeq=3 threadq=29 nodeprio=3 threadprio=29
DATA,xy,reconverse,4,0,7,2,14,500,0.000562,nodeq=3 threadq=29 nodeprio=3 threadprio=29
DATA,xy,reconverse,4,0,7,2,14,500,0.000561,nodeq=3 threadq=29 nodeprio=3 threadprio=29
DATA,xy,reconverse,4,0,8,0,16,500,0.000086,nodeq=3 threadq=29 nodeprio=3 threadprio=29
DATA,xy,reconverse,4,0,8,0,16,500,0.000085,nodeq=3 threadq=29 nodeprio=3 threadprio=29
DATA,xy,reconverse,4,0,8,0,16,500,0.000086,nodeq=3 threadq=29 nodeprio=3 threadprio=29
DATA,xy,reconverse,4,0,8,0,16,500,0.000085,nodeq=3 threadq=29 nodeprio=3 threadprio=29
=== xy cfg converse pes 4 rep 9 ===
Charm++> Running on MPI library: MPI VERSION    : CRAY MPICH version 8.1.32.110 (ANL base 3.4a2)
MPI BUILD INFO : Thu Feb 06 22:53 2025 (git hash f9c5634)
 (MPI standard: 3.1)
Charm++> Level of thread support used: MPI_THREAD_FUNNELED (desired: MPI_THREAD_FUNNELED)
Charm++> Running in SMP mode: 1 processes, 4 worker threads (PEs) + 1 comm threads per process, 4 PEs total
Charm++> The comm. thread both sends and receives messages
Converse/Charm++ Commit ID: v8.0.1-devel-36-g3c3086b33
adapt_xy: layer=converse pes=4 adaptive=-1 m=500 iters=5 phases_per_step=4 steps=9 x0=16 y0=0 dx=-2 dy=2
Format: DATA,xy,{layer},{pes},{adaptive},{step},{x},{y},{m},{mean iter s},{slots}
DATA,xy,converse,4,-1,0,16,0,500,0.001173,n/a
DATA,xy,converse,4,-1,0,16,0,500,0.001236,n/a
DATA,xy,converse,4,-1,0,16,0,500,0.001345,n/a
DATA,xy,converse,4,-1,0,16,0,500,0.001227,n/a
DATA,xy,converse,4,-1,1,14,2,500,0.001320,n/a
DATA,xy,converse,4,-1,1,14,2,500,0.001283,n/a
DATA,xy,converse,4,-1,1,14,2,500,0.001132,n/a
DATA,xy,converse,4,-1,1,14,2,500,0.001259,n/a
DATA,xy,converse,4,-1,2,12,4,500,0.001288,n/a
DATA,xy,converse,4,-1,2,12,4,500,0.001245,n/a
DATA,xy,converse,4,-1,2,12,4,500,0.001341,n/a
DATA,xy,converse,4,-1,2,12,4,500,0.001148,n/a
DATA,xy,converse,4,-1,3,10,6,500,0.001325,n/a
DATA,xy,converse,4,-1,3,10,6,500,0.001382,n/a
DATA,xy,converse,4,-1,3,10,6,500,0.001198,n/a
DATA,xy,converse,4,-1,3,10,6,500,0.001206,n/a
DATA,xy,converse,4,-1,4,8,8,500,0.001215,n/a
DATA,xy,converse,4,-1,4,8,8,500,0.001305,n/a
DATA,xy,converse,4,-1,4,8,8,500,0.001367,n/a
DATA,xy,converse,4,-1,4,8,8,500,0.001268,n/a
DATA,xy,converse,4,-1,5,6,10,500,0.001274,n/a
DATA,xy,converse,4,-1,5,6,10,500,0.001236,n/a
DATA,xy,converse,4,-1,5,6,10,500,0.001209,n/a
DATA,xy,converse,4,-1,5,6,10,500,0.001269,n/a
DATA,xy,converse,4,-1,6,4,12,500,0.001233,n/a
DATA,xy,converse,4,-1,6,4,12,500,0.001222,n/a
DATA,xy,converse,4,-1,6,4,12,500,0.001152,n/a
DATA,xy,converse,4,-1,6,4,12,500,0.001081,n/a
DATA,xy,converse,4,-1,7,2,14,500,0.001157,n/a
DATA,xy,converse,4,-1,7,2,14,500,0.001216,n/a
DATA,xy,converse,4,-1,7,2,14,500,0.001195,n/a
DATA,xy,converse,4,-1,7,2,14,500,0.001230,n/a
DATA,xy,converse,4,-1,8,0,16,500,0.000081,n/a
DATA,xy,converse,4,-1,8,0,16,500,0.000078,n/a
DATA,xy,converse,4,-1,8,0,16,500,0.000080,n/a
DATA,xy,converse,4,-1,8,0,16,500,0.000078,n/a
[Partition 0][Node 0] End of program
=== xy cfg adaptive pes 8 rep 9 ===
Charm++> Running in SMP mode on 1 nodes and 8 PEs
adapt_xy: layer=reconverse pes=8 adaptive=1 m=500 iters=5 phases_per_step=4 steps=9 x0=16 y0=0 dx=-2 dy=2
Format: DATA,xy,{layer},{pes},{adaptive},{step},{x},{y},{m},{mean iter s},{slots}
DATA,xy,reconverse,8,1,0,16,0,500,0.002172,nodeq=56 threadq=6 nodeprio=1 threadprio=1
DATA,xy,reconverse,8,1,0,16,0,500,0.001896,nodeq=54 threadq=8 nodeprio=1 threadprio=1
DATA,xy,reconverse,8,1,0,16,0,500,0.001867,nodeq=58 threadq=4 nodeprio=1 threadprio=1
DATA,xy,reconverse,8,1,0,16,0,500,0.001868,nodeq=53 threadq=9 nodeprio=1 threadprio=1
DATA,xy,reconverse,8,1,1,14,2,500,0.001882,nodeq=31 threadq=31 nodeprio=1 threadprio=1
DATA,xy,reconverse,8,1,1,14,2,500,0.001884,nodeq=31 threadq=31 nodeprio=1 threadprio=1
DATA,xy,reconverse,8,1,1,14,2,500,0.001879,nodeq=32 threadq=30 nodeprio=1 threadprio=1
DATA,xy,reconverse,8,1,1,14,2,500,0.001889,nodeq=31 threadq=31 nodeprio=1 threadprio=1
DATA,xy,reconverse,8,1,2,12,4,500,0.001897,nodeq=32 threadq=30 nodeprio=1 threadprio=1
DATA,xy,reconverse,8,1,2,12,4,500,0.001903,nodeq=31 threadq=31 nodeprio=1 threadprio=1
DATA,xy,reconverse,8,1,2,12,4,500,0.001888,nodeq=33 threadq=29 nodeprio=1 threadprio=1
DATA,xy,reconverse,8,1,2,12,4,500,0.001869,nodeq=31 threadq=31 nodeprio=1 threadprio=1
DATA,xy,reconverse,8,1,3,10,6,500,0.001885,nodeq=32 threadq=30 nodeprio=1 threadprio=1
DATA,xy,reconverse,8,1,3,10,6,500,0.001880,nodeq=31 threadq=31 nodeprio=1 threadprio=1
DATA,xy,reconverse,8,1,3,10,6,500,0.001891,nodeq=31 threadq=31 nodeprio=1 threadprio=1
DATA,xy,reconverse,8,1,3,10,6,500,0.001911,nodeq=31 threadq=31 nodeprio=1 threadprio=1
DATA,xy,reconverse,8,1,4,8,8,500,0.001900,nodeq=31 threadq=31 nodeprio=1 threadprio=1
DATA,xy,reconverse,8,1,4,8,8,500,0.001851,nodeq=31 threadq=31 nodeprio=1 threadprio=1
DATA,xy,reconverse,8,1,4,8,8,500,0.001902,nodeq=31 threadq=31 nodeprio=1 threadprio=1
DATA,xy,reconverse,8,1,4,8,8,500,0.001861,nodeq=31 threadq=31 nodeprio=1 threadprio=1
DATA,xy,reconverse,8,1,5,6,10,500,0.001907,nodeq=31 threadq=31 nodeprio=1 threadprio=1
DATA,xy,reconverse,8,1,5,6,10,500,0.001891,nodeq=31 threadq=31 nodeprio=1 threadprio=1
DATA,xy,reconverse,8,1,5,6,10,500,0.001892,nodeq=31 threadq=31 nodeprio=1 threadprio=1
DATA,xy,reconverse,8,1,5,6,10,500,0.001875,nodeq=32 threadq=30 nodeprio=1 threadprio=1
DATA,xy,reconverse,8,1,6,4,12,500,0.001871,nodeq=31 threadq=31 nodeprio=1 threadprio=1
DATA,xy,reconverse,8,1,6,4,12,500,0.001889,nodeq=34 threadq=28 nodeprio=1 threadprio=1
DATA,xy,reconverse,8,1,6,4,12,500,0.001899,nodeq=31 threadq=31 nodeprio=1 threadprio=1
DATA,xy,reconverse,8,1,6,4,12,500,0.001878,nodeq=31 threadq=31 nodeprio=1 threadprio=1
DATA,xy,reconverse,8,1,7,2,14,500,0.001883,nodeq=31 threadq=31 nodeprio=1 threadprio=1
DATA,xy,reconverse,8,1,7,2,14,500,0.001879,nodeq=31 threadq=31 nodeprio=1 threadprio=1
DATA,xy,reconverse,8,1,7,2,14,500,0.001871,nodeq=31 threadq=31 nodeprio=1 threadprio=1
DATA,xy,reconverse,8,1,7,2,14,500,0.001878,nodeq=31 threadq=31 nodeprio=1 threadprio=1
DATA,xy,reconverse,8,1,8,0,16,500,0.000077,nodeq=1 threadq=61 nodeprio=1 threadprio=1
DATA,xy,reconverse,8,1,8,0,16,500,0.000075,nodeq=1 threadq=61 nodeprio=1 threadprio=1
DATA,xy,reconverse,8,1,8,0,16,500,0.000076,nodeq=1 threadq=61 nodeprio=1 threadprio=1
DATA,xy,reconverse,8,1,8,0,16,500,0.000074,nodeq=1 threadq=61 nodeprio=1 threadprio=1
=== xy cfg hitrate pes 8 rep 9 ===
Charm++> Running in SMP mode on 1 nodes and 8 PEs
adapt_xy: layer=reconverse pes=8 adaptive=1 m=500 iters=5 phases_per_step=4 steps=9 x0=16 y0=0 dx=-2 dy=2
Format: DATA,xy,{layer},{pes},{adaptive},{step},{x},{y},{m},{mean iter s},{slots}
DATA,xy,reconverse,8,1,0,16,0,500,0.001868,nodeq=53 threadq=9 nodeprio=1 threadprio=1
DATA,xy,reconverse,8,1,0,16,0,500,0.001667,nodeq=54 threadq=8 nodeprio=1 threadprio=1
DATA,xy,reconverse,8,1,0,16,0,500,0.001689,nodeq=56 threadq=6 nodeprio=1 threadprio=1
DATA,xy,reconverse,8,1,0,16,0,500,0.001662,nodeq=54 threadq=8 nodeprio=1 threadprio=1
DATA,xy,reconverse,8,1,1,14,2,500,0.001620,nodeq=30 threadq=32 nodeprio=1 threadprio=1
DATA,xy,reconverse,8,1,1,14,2,500,0.001608,nodeq=31 threadq=31 nodeprio=1 threadprio=1
DATA,xy,reconverse,8,1,1,14,2,500,0.001600,nodeq=31 threadq=31 nodeprio=1 threadprio=1
DATA,xy,reconverse,8,1,1,14,2,500,0.001614,nodeq=31 threadq=31 nodeprio=1 threadprio=1
DATA,xy,reconverse,8,1,2,12,4,500,0.001611,nodeq=31 threadq=31 nodeprio=1 threadprio=1
DATA,xy,reconverse,8,1,2,12,4,500,0.001594,nodeq=31 threadq=31 nodeprio=1 threadprio=1
DATA,xy,reconverse,8,1,2,12,4,500,0.001595,nodeq=31 threadq=31 nodeprio=1 threadprio=1
DATA,xy,reconverse,8,1,2,12,4,500,0.001592,nodeq=31 threadq=31 nodeprio=1 threadprio=1
DATA,xy,reconverse,8,1,3,10,6,500,0.001596,nodeq=31 threadq=31 nodeprio=1 threadprio=1
DATA,xy,reconverse,8,1,3,10,6,500,0.001593,nodeq=31 threadq=31 nodeprio=1 threadprio=1
DATA,xy,reconverse,8,1,3,10,6,500,0.001608,nodeq=31 threadq=31 nodeprio=1 threadprio=1
DATA,xy,reconverse,8,1,3,10,6,500,0.001591,nodeq=31 threadq=31 nodeprio=1 threadprio=1
DATA,xy,reconverse,8,1,4,8,8,500,0.001582,nodeq=31 threadq=31 nodeprio=1 threadprio=1
DATA,xy,reconverse,8,1,4,8,8,500,0.001613,nodeq=31 threadq=31 nodeprio=1 threadprio=1
DATA,xy,reconverse,8,1,4,8,8,500,0.001613,nodeq=31 threadq=31 nodeprio=1 threadprio=1
DATA,xy,reconverse,8,1,4,8,8,500,0.001630,nodeq=31 threadq=31 nodeprio=1 threadprio=1
DATA,xy,reconverse,8,1,5,6,10,500,0.001613,nodeq=30 threadq=32 nodeprio=1 threadprio=1
DATA,xy,reconverse,8,1,5,6,10,500,0.001616,nodeq=32 threadq=30 nodeprio=1 threadprio=1
DATA,xy,reconverse,8,1,5,6,10,500,0.001611,nodeq=29 threadq=33 nodeprio=1 threadprio=1
DATA,xy,reconverse,8,1,5,6,10,500,0.001615,nodeq=32 threadq=30 nodeprio=1 threadprio=1
DATA,xy,reconverse,8,1,6,4,12,500,0.001616,nodeq=30 threadq=32 nodeprio=1 threadprio=1
DATA,xy,reconverse,8,1,6,4,12,500,0.001639,nodeq=31 threadq=31 nodeprio=1 threadprio=1
DATA,xy,reconverse,8,1,6,4,12,500,0.001619,nodeq=31 threadq=31 nodeprio=1 threadprio=1
DATA,xy,reconverse,8,1,6,4,12,500,0.001606,nodeq=30 threadq=32 nodeprio=1 threadprio=1
DATA,xy,reconverse,8,1,7,2,14,500,0.001632,nodeq=32 threadq=30 nodeprio=1 threadprio=1
DATA,xy,reconverse,8,1,7,2,14,500,0.001637,nodeq=31 threadq=31 nodeprio=1 threadprio=1
DATA,xy,reconverse,8,1,7,2,14,500,0.001632,nodeq=31 threadq=31 nodeprio=1 threadprio=1
DATA,xy,reconverse,8,1,7,2,14,500,0.001625,nodeq=31 threadq=31 nodeprio=1 threadprio=1
DATA,xy,reconverse,8,1,8,0,16,500,0.000107,nodeq=1 threadq=61 nodeprio=1 threadprio=1
DATA,xy,reconverse,8,1,8,0,16,500,0.000104,nodeq=1 threadq=61 nodeprio=1 threadprio=1
DATA,xy,reconverse,8,1,8,0,16,500,0.000105,nodeq=1 threadq=61 nodeprio=1 threadprio=1
DATA,xy,reconverse,8,1,8,0,16,500,0.000104,nodeq=1 threadq=61 nodeprio=1 threadprio=1
=== xy cfg static pes 8 rep 9 ===
Charm++> Running in SMP mode on 1 nodes and 8 PEs
adapt_xy: layer=reconverse pes=8 adaptive=0 m=500 iters=5 phases_per_step=4 steps=9 x0=16 y0=0 dx=-2 dy=2
Format: DATA,xy,{layer},{pes},{adaptive},{step},{x},{y},{m},{mean iter s},{slots}
DATA,xy,reconverse,8,0,0,16,0,500,0.001941,nodeq=3 threadq=29 nodeprio=3 threadprio=29
DATA,xy,reconverse,8,0,0,16,0,500,0.001878,nodeq=3 threadq=29 nodeprio=3 threadprio=29
DATA,xy,reconverse,8,0,0,16,0,500,0.001894,nodeq=3 threadq=29 nodeprio=3 threadprio=29
DATA,xy,reconverse,8,0,0,16,0,500,0.001894,nodeq=3 threadq=29 nodeprio=3 threadprio=29
DATA,xy,reconverse,8,0,1,14,2,500,0.001922,nodeq=3 threadq=29 nodeprio=3 threadprio=29
DATA,xy,reconverse,8,0,1,14,2,500,0.001917,nodeq=3 threadq=29 nodeprio=3 threadprio=29
DATA,xy,reconverse,8,0,1,14,2,500,0.001903,nodeq=3 threadq=29 nodeprio=3 threadprio=29
DATA,xy,reconverse,8,0,1,14,2,500,0.001900,nodeq=3 threadq=29 nodeprio=3 threadprio=29
DATA,xy,reconverse,8,0,2,12,4,500,0.001895,nodeq=3 threadq=29 nodeprio=3 threadprio=29
DATA,xy,reconverse,8,0,2,12,4,500,0.001900,nodeq=3 threadq=29 nodeprio=3 threadprio=29
DATA,xy,reconverse,8,0,2,12,4,500,0.001914,nodeq=3 threadq=29 nodeprio=3 threadprio=29
DATA,xy,reconverse,8,0,2,12,4,500,0.001939,nodeq=3 threadq=29 nodeprio=3 threadprio=29
DATA,xy,reconverse,8,0,3,10,6,500,0.001889,nodeq=3 threadq=29 nodeprio=3 threadprio=29
DATA,xy,reconverse,8,0,3,10,6,500,0.001881,nodeq=3 threadq=29 nodeprio=3 threadprio=29
DATA,xy,reconverse,8,0,3,10,6,500,0.001906,nodeq=3 threadq=29 nodeprio=3 threadprio=29
DATA,xy,reconverse,8,0,3,10,6,500,0.001913,nodeq=3 threadq=29 nodeprio=3 threadprio=29
DATA,xy,reconverse,8,0,4,8,8,500,0.001932,nodeq=3 threadq=29 nodeprio=3 threadprio=29
DATA,xy,reconverse,8,0,4,8,8,500,0.001918,nodeq=3 threadq=29 nodeprio=3 threadprio=29
DATA,xy,reconverse,8,0,4,8,8,500,0.001915,nodeq=3 threadq=29 nodeprio=3 threadprio=29
DATA,xy,reconverse,8,0,4,8,8,500,0.001923,nodeq=3 threadq=29 nodeprio=3 threadprio=29
DATA,xy,reconverse,8,0,5,6,10,500,0.001912,nodeq=3 threadq=29 nodeprio=3 threadprio=29
DATA,xy,reconverse,8,0,5,6,10,500,0.001911,nodeq=3 threadq=29 nodeprio=3 threadprio=29
DATA,xy,reconverse,8,0,5,6,10,500,0.001911,nodeq=3 threadq=29 nodeprio=3 threadprio=29
DATA,xy,reconverse,8,0,5,6,10,500,0.001914,nodeq=3 threadq=29 nodeprio=3 threadprio=29
DATA,xy,reconverse,8,0,6,4,12,500,0.001909,nodeq=3 threadq=29 nodeprio=3 threadprio=29
DATA,xy,reconverse,8,0,6,4,12,500,0.001904,nodeq=3 threadq=29 nodeprio=3 threadprio=29
DATA,xy,reconverse,8,0,6,4,12,500,0.001910,nodeq=3 threadq=29 nodeprio=3 threadprio=29
DATA,xy,reconverse,8,0,6,4,12,500,0.001895,nodeq=3 threadq=29 nodeprio=3 threadprio=29
DATA,xy,reconverse,8,0,7,2,14,500,0.001907,nodeq=3 threadq=29 nodeprio=3 threadprio=29
DATA,xy,reconverse,8,0,7,2,14,500,0.001924,nodeq=3 threadq=29 nodeprio=3 threadprio=29
DATA,xy,reconverse,8,0,7,2,14,500,0.001911,nodeq=3 threadq=29 nodeprio=3 threadprio=29
DATA,xy,reconverse,8,0,7,2,14,500,0.001894,nodeq=3 threadq=29 nodeprio=3 threadprio=29
DATA,xy,reconverse,8,0,8,0,16,500,0.000116,nodeq=3 threadq=29 nodeprio=3 threadprio=29
DATA,xy,reconverse,8,0,8,0,16,500,0.000114,nodeq=3 threadq=29 nodeprio=3 threadprio=29
DATA,xy,reconverse,8,0,8,0,16,500,0.000114,nodeq=3 threadq=29 nodeprio=3 threadprio=29
DATA,xy,reconverse,8,0,8,0,16,500,0.000114,nodeq=3 threadq=29 nodeprio=3 threadprio=29
=== xy cfg converse pes 8 rep 9 ===
Charm++> Running on MPI library: MPI VERSION    : CRAY MPICH version 8.1.32.110 (ANL base 3.4a2)
MPI BUILD INFO : Thu Feb 06 22:53 2025 (git hash f9c5634)
 (MPI standard: 3.1)
Charm++> Level of thread support used: MPI_THREAD_FUNNELED (desired: MPI_THREAD_FUNNELED)
Charm++> Running in SMP mode: 1 processes, 8 worker threads (PEs) + 1 comm threads per process, 8 PEs total
Charm++> The comm. thread both sends and receives messages
Converse/Charm++ Commit ID: v8.0.1-devel-36-g3c3086b33
adapt_xy: layer=converse pes=8 adaptive=-1 m=500 iters=5 phases_per_step=4 steps=9 x0=16 y0=0 dx=-2 dy=2
Format: DATA,xy,{layer},{pes},{adaptive},{step},{x},{y},{m},{mean iter s},{slots}
DATA,xy,converse,8,-1,0,16,0,500,0.006004,n/a
DATA,xy,converse,8,-1,0,16,0,500,0.005774,n/a
DATA,xy,converse,8,-1,0,16,0,500,0.005845,n/a
DATA,xy,converse,8,-1,0,16,0,500,0.005817,n/a
DATA,xy,converse,8,-1,1,14,2,500,0.006260,n/a
DATA,xy,converse,8,-1,1,14,2,500,0.006117,n/a
DATA,xy,converse,8,-1,1,14,2,500,0.006202,n/a
DATA,xy,converse,8,-1,1,14,2,500,0.006122,n/a
DATA,xy,converse,8,-1,2,12,4,500,0.006091,n/a
DATA,xy,converse,8,-1,2,12,4,500,0.006179,n/a
DATA,xy,converse,8,-1,2,12,4,500,0.006131,n/a
DATA,xy,converse,8,-1,2,12,4,500,0.006075,n/a
DATA,xy,converse,8,-1,3,10,6,500,0.006218,n/a
DATA,xy,converse,8,-1,3,10,6,500,0.005948,n/a
DATA,xy,converse,8,-1,3,10,6,500,0.005957,n/a
DATA,xy,converse,8,-1,3,10,6,500,0.006208,n/a
DATA,xy,converse,8,-1,4,8,8,500,0.005948,n/a
DATA,xy,converse,8,-1,4,8,8,500,0.006015,n/a
DATA,xy,converse,8,-1,4,8,8,500,0.006026,n/a
DATA,xy,converse,8,-1,4,8,8,500,0.006094,n/a
DATA,xy,converse,8,-1,5,6,10,500,0.006034,n/a
DATA,xy,converse,8,-1,5,6,10,500,0.006032,n/a
DATA,xy,converse,8,-1,5,6,10,500,0.006085,n/a
DATA,xy,converse,8,-1,5,6,10,500,0.006156,n/a
DATA,xy,converse,8,-1,6,4,12,500,0.006367,n/a
DATA,xy,converse,8,-1,6,4,12,500,0.006375,n/a
DATA,xy,converse,8,-1,6,4,12,500,0.006381,n/a
DATA,xy,converse,8,-1,6,4,12,500,0.006340,n/a
DATA,xy,converse,8,-1,7,2,14,500,0.006300,n/a
DATA,xy,converse,8,-1,7,2,14,500,0.006484,n/a
DATA,xy,converse,8,-1,7,2,14,500,0.006224,n/a
DATA,xy,converse,8,-1,7,2,14,500,0.006111,n/a
DATA,xy,converse,8,-1,8,0,16,500,0.000356,n/a
DATA,xy,converse,8,-1,8,0,16,500,0.000356,n/a
DATA,xy,converse,8,-1,8,0,16,500,0.000349,n/a
DATA,xy,converse,8,-1,8,0,16,500,0.000351,n/a
[Partition 0][Node 0] End of program
