=== system charm_old pes 4 iter 16384 rep 1 ===
Charm++> Running on MPI library: MPI VERSION    : CRAY MPICH version 8.1.32.110 (ANL base 3.4a2)
MPI BUILD INFO : Thu Feb 06 22:53 2025 (git hash f9c5634)
 (MPI standard: 3.1)
Charm++> Level of thread support used: MPI_THREAD_FUNNELED (desired: MPI_THREAD_FUNNELED)
Charm++> Running in SMP mode: 1 processes, 4 worker threads (PEs) + 1 comm threads per process, 4 PEs total
Charm++> The comm. thread both sends and receives messages
Converse/Charm++ Commit ID: v8.0.1-devel-36-g3c3086b33
CharmLB> Load balancer assumes all CPUs are same.
Charm++> cpu affinity enabled. 
Charm++> Running on 1 hosts (2 sockets x 2 cores x 1 PUs = 5-way SMP)
Charm++> cpu topology info is gathered in 0.001 seconds.
CharmLB> Load balancing instrumentation for communication is off.
Running Task Benchmark
  Configuration:
    Task Graph 1:
      Time Steps: 1000
      Max Width: 4
      Dependence Type: stencil_1d
      Radix: 3
      Period: 0
      Fraction Connected: 0.250000
      Kernel:
        Type: compute_bound
        Iterations: 16384
        Samples: 16
        Imbalance: 0.000000
      Output Bytes: 16
      Scratch Bytes: 0
Time for last run: 7.129502e-02
Time for last run: 7.129502e-02
Total Tasks 4000
Total Dependencies 9990
  Unable to estimate local/nonlocal dependencies
Total FLOPs 8388864000
Total Bytes 0
Elapsed Time 7.129502e-02 seconds
FLOP/s 1.176641e+11
B/s 0.000000e+00
Transfer (estimated):
  Unable to estimate local/nonlocal transfer
[Partition 0][Node 0] End of program
=== system charm_old pes 4 iter 8192 rep 1 ===
Charm++> Running on MPI library: MPI VERSION    : CRAY MPICH version 8.1.32.110 (ANL base 3.4a2)
MPI BUILD INFO : Thu Feb 06 22:53 2025 (git hash f9c5634)
 (MPI standard: 3.1)
Charm++> Level of thread support used: MPI_THREAD_FUNNELED (desired: MPI_THREAD_FUNNELED)
Charm++> Running in SMP mode: 1 processes, 4 worker threads (PEs) + 1 comm threads per process, 4 PEs total
Charm++> The comm. thread both sends and receives messages
Converse/Charm++ Commit ID: v8.0.1-devel-36-g3c3086b33
CharmLB> Load balancer assumes all CPUs are same.
Charm++> cpu affinity enabled. 
Charm++> Running on 1 hosts (2 sockets x 2 cores x 1 PUs = 5-way SMP)
Charm++> cpu topology info is gathered in 0.001 seconds.
CharmLB> Load balancing instrumentation for communication is off.
Running Task Benchmark
  Configuration:
    Task Graph 1:
      Time Steps: 1000
      Max Width: 4
      Dependence Type: stencil_1d
      Radix: 3
      Period: 0
      Fraction Connected: 0.250000
      Kernel:
        Type: compute_bound
        Iterations: 8192
        Samples: 16
        Imbalance: 0.000000
      Output Bytes: 16
      Scratch Bytes: 0
Time for last run: 3.689599e-02
Time for last run: 3.667712e-02
Total Tasks 4000
Total Dependencies 9990
  Unable to estimate local/nonlocal dependencies
Total FLOPs 4194560000
Total Bytes 0
Elapsed Time 3.667712e-02 seconds
FLOP/s 1.143645e+11
B/s 0.000000e+00
Transfer (estimated):
  Unable to estimate local/nonlocal transfer
[Partition 0][Node 0] End of program
=== system charm_old pes 4 iter 4096 rep 1 ===
Charm++> Running on MPI library: MPI VERSION    : CRAY MPICH version 8.1.32.110 (ANL base 3.4a2)
MPI BUILD INFO : Thu Feb 06 22:53 2025 (git hash f9c5634)
 (MPI standard: 3.1)
Charm++> Level of thread support used: MPI_THREAD_FUNNELED (desired: MPI_THREAD_FUNNELED)
Charm++> Running in SMP mode: 1 processes, 4 worker threads (PEs) + 1 comm threads per process, 4 PEs total
Charm++> The comm. thread both sends and receives messages
Converse/Charm++ Commit ID: v8.0.1-devel-36-g3c3086b33
CharmLB> Load balancer assumes all CPUs are same.
Charm++> cpu affinity enabled. 
Charm++> Running on 1 hosts (2 sockets x 2 cores x 1 PUs = 5-way SMP)
Charm++> cpu topology info is gathered in 0.001 seconds.
CharmLB> Load balancing instrumentation for communication is off.
Running Task Benchmark
  Configuration:
    Task Graph 1:
      Time Steps: 1000
      Max Width: 4
      Dependence Type: stencil_1d
      Radix: 3
      Period: 0
      Fraction Connected: 0.250000
      Kernel:
        Type: compute_bound
        Iterations: 4096
        Samples: 16
        Imbalance: 0.000000
      Output Bytes: 16
      Scratch Bytes: 0
Time for last run: 1.949692e-02
Time for last run: 1.939106e-02
Total Tasks 4000
Total Dependencies 9990
  Unable to estimate local/nonlocal dependencies
Total FLOPs 2097408000
Total Bytes 0
Elapsed Time 1.939106e-02 seconds
FLOP/s 1.081637e+11
B/s 0.000000e+00
Transfer (estimated):
  Unable to estimate local/nonlocal transfer
[Partition 0][Node 0] End of program
=== system charm_old pes 4 iter 2048 rep 1 ===
Charm++> Running on MPI library: MPI VERSION    : CRAY MPICH version 8.1.32.110 (ANL base 3.4a2)
MPI BUILD INFO : Thu Feb 06 22:53 2025 (git hash f9c5634)
 (MPI standard: 3.1)
Charm++> Level of thread support used: MPI_THREAD_FUNNELED (desired: MPI_THREAD_FUNNELED)
Charm++> Running in SMP mode: 1 processes, 4 worker threads (PEs) + 1 comm threads per process, 4 PEs total
Charm++> The comm. thread both sends and receives messages
Converse/Charm++ Commit ID: v8.0.1-devel-36-g3c3086b33
CharmLB> Load balancer assumes all CPUs are same.
Charm++> cpu affinity enabled. 
Charm++> Running on 1 hosts (2 sockets x 2 cores x 1 PUs = 5-way SMP)
Charm++> cpu topology info is gathered in 0.001 seconds.
CharmLB> Load balancing instrumentation for communication is off.
Running Task Benchmark
  Configuration:
    Task Graph 1:
      Time Steps: 1000
      Max Width: 4
      Dependence Type: stencil_1d
      Radix: 3
      Period: 0
      Fraction Connected: 0.250000
      Kernel:
        Type: compute_bound
        Iterations: 2048
        Samples: 16
        Imbalance: 0.000000
      Output Bytes: 16
      Scratch Bytes: 0
Time for last run: 1.091290e-02
Time for last run: 1.081896e-02
Total Tasks 4000
Total Dependencies 9990
  Unable to estimate local/nonlocal dependencies
Total FLOPs 1048832000
Total Bytes 0
Elapsed Time 1.081896e-02 seconds
FLOP/s 9.694390e+10
B/s 0.000000e+00
Transfer (estimated):
  Unable to estimate local/nonlocal transfer
[Partition 0][Node 0] End of program
=== system charm_old pes 4 iter 1024 rep 1 ===
Charm++> Running on MPI library: MPI VERSION    : CRAY MPICH version 8.1.32.110 (ANL base 3.4a2)
MPI BUILD INFO : Thu Feb 06 22:53 2025 (git hash f9c5634)
 (MPI standard: 3.1)
Charm++> Level of thread support used: MPI_THREAD_FUNNELED (desired: MPI_THREAD_FUNNELED)
Charm++> Running in SMP mode: 1 processes, 4 worker threads (PEs) + 1 comm threads per process, 4 PEs total
Charm++> The comm. thread both sends and receives messages
Converse/Charm++ Commit ID: v8.0.1-devel-36-g3c3086b33
CharmLB> Load balancer assumes all CPUs are same.
Charm++> cpu affinity enabled. 
Charm++> Running on 1 hosts (2 sockets x 2 cores x 1 PUs = 5-way SMP)
Charm++> cpu topology info is gathered in 0.001 seconds.
CharmLB> Load balancing instrumentation for communication is off.
Running Task Benchmark
  Configuration:
    Task Graph 1:
      Time Steps: 1000
      Max Width: 4
      Dependence Type: stencil_1d
      Radix: 3
      Period: 0
      Fraction Connected: 0.250000
      Kernel:
        Type: compute_bound
        Iterations: 1024
        Samples: 16
        Imbalance: 0.000000
      Output Bytes: 16
      Scratch Bytes: 0
Time for last run: 6.628990e-03
Time for last run: 6.555796e-03
Total Tasks 4000
Total Dependencies 9990
  Unable to estimate local/nonlocal dependencies
Total FLOPs 524544000
Total Bytes 0
Elapsed Time 6.555796e-03 seconds
FLOP/s 8.001226e+10
B/s 0.000000e+00
Transfer (estimated):
  Unable to estimate local/nonlocal transfer
[Partition 0][Node 0] End of program
=== system charm_old pes 4 iter 512 rep 1 ===
Charm++> Running on MPI library: MPI VERSION    : CRAY MPICH version 8.1.32.110 (ANL base 3.4a2)
MPI BUILD INFO : Thu Feb 06 22:53 2025 (git hash f9c5634)
 (MPI standard: 3.1)
Charm++> Level of thread support used: MPI_THREAD_FUNNELED (desired: MPI_THREAD_FUNNELED)
Charm++> Running in SMP mode: 1 processes, 4 worker threads (PEs) + 1 comm threads per process, 4 PEs total
Charm++> The comm. thread both sends and receives messages
Converse/Charm++ Commit ID: v8.0.1-devel-36-g3c3086b33
CharmLB> Load balancer assumes all CPUs are same.
Charm++> cpu affinity enabled. 
Charm++> Running on 1 hosts (2 sockets x 2 cores x 1 PUs = 5-way SMP)
Charm++> cpu topology info is gathered in 0.001 seconds.
CharmLB> Load balancing instrumentation for communication is off.
Running Task Benchmark
  Configuration:
    Task Graph 1:
      Time Steps: 1000
      Max Width: 4
      Dependence Type: stencil_1d
      Radix: 3
      Period: 0
      Fraction Connected: 0.250000
      Kernel:
        Type: compute_bound
        Iterations: 512
        Samples: 16
        Imbalance: 0.000000
      Output Bytes: 16
      Scratch Bytes: 0
Time for last run: 4.649878e-03
Time for last run: 4.572868e-03
Total Tasks 4000
Total Dependencies 9990
  Unable to estimate local/nonlocal dependencies
Total FLOPs 262400000
Total Bytes 0
Elapsed Time 4.572868e-03 seconds
FLOP/s 5.738193e+10
B/s 0.000000e+00
Transfer (estimated):
  Unable to estimate local/nonlocal transfer
[Partition 0][Node 0] End of program
=== system charm_old pes 4 iter 256 rep 1 ===
Charm++> Running on MPI library: MPI VERSION    : CRAY MPICH version 8.1.32.110 (ANL base 3.4a2)
MPI BUILD INFO : Thu Feb 06 22:53 2025 (git hash f9c5634)
 (MPI standard: 3.1)
Charm++> Level of thread support used: MPI_THREAD_FUNNELED (desired: MPI_THREAD_FUNNELED)
Charm++> Running in SMP mode: 1 processes, 4 worker threads (PEs) + 1 comm threads per process, 4 PEs total
Charm++> The comm. thread both sends and receives messages
Converse/Charm++ Commit ID: v8.0.1-devel-36-g3c3086b33
CharmLB> Load balancer assumes all CPUs are same.
Charm++> cpu affinity enabled. 
Charm++> Running on 1 hosts (2 sockets x 2 cores x 1 PUs = 5-way SMP)
Charm++> cpu topology info is gathered in 0.001 seconds.
CharmLB> Load balancing instrumentation for communication is off.
Running Task Benchmark
  Configuration:
    Task Graph 1:
      Time Steps: 1000
      Max Width: 4
      Dependence Type: stencil_1d
      Radix: 3
      Period: 0
      Fraction Connected: 0.250000
      Kernel:
        Type: compute_bound
        Iterations: 256
        Samples: 16
        Imbalance: 0.000000
      Output Bytes: 16
      Scratch Bytes: 0
Time for last run: 3.704071e-03
Time for last run: 3.813982e-03
Total Tasks 4000
Total Dependencies 9990
  Unable to estimate local/nonlocal dependencies
Total FLOPs 131328000
Total Bytes 0
Elapsed Time 3.813982e-03 seconds
FLOP/s 3.443330e+10
B/s 0.000000e+00
Transfer (estimated):
  Unable to estimate local/nonlocal transfer
[Partition 0][Node 0] End of program
=== system charm_old pes 4 iter 128 rep 1 ===
Charm++> Running on MPI library: MPI VERSION    : CRAY MPICH version 8.1.32.110 (ANL base 3.4a2)
MPI BUILD INFO : Thu Feb 06 22:53 2025 (git hash f9c5634)
 (MPI standard: 3.1)
Charm++> Level of thread support used: MPI_THREAD_FUNNELED (desired: MPI_THREAD_FUNNELED)
Charm++> Running in SMP mode: 1 processes, 4 worker threads (PEs) + 1 comm threads per process, 4 PEs total
Charm++> The comm. thread both sends and receives messages
Converse/Charm++ Commit ID: v8.0.1-devel-36-g3c3086b33
CharmLB> Load balancer assumes all CPUs are same.
Charm++> cpu affinity enabled. 
Charm++> Running on 1 hosts (2 sockets x 2 cores x 1 PUs = 5-way SMP)
Charm++> cpu topology info is gathered in 0.001 seconds.
CharmLB> Load balancing instrumentation for communication is off.
Running Task Benchmark
  Configuration:
    Task Graph 1:
      Time Steps: 1000
      Max Width: 4
      Dependence Type: stencil_1d
      Radix: 3
      Period: 0
      Fraction Connected: 0.250000
      Kernel:
        Type: compute_bound
        Iterations: 128
        Samples: 16
        Imbalance: 0.000000
      Output Bytes: 16
      Scratch Bytes: 0
Time for last run: 3.420830e-03
Time for last run: 3.493071e-03
Total Tasks 4000
Total Dependencies 9990
  Unable to estimate local/nonlocal dependencies
Total FLOPs 65792000
Total Bytes 0
Elapsed Time 3.493071e-03 seconds
FLOP/s 1.883500e+10
B/s 0.000000e+00
Transfer (estimated):
  Unable to estimate local/nonlocal transfer
[Partition 0][Node 0] End of program
=== system charm_old pes 4 iter 64 rep 1 ===
Charm++> Running on MPI library: MPI VERSION    : CRAY MPICH version 8.1.32.110 (ANL base 3.4a2)
MPI BUILD INFO : Thu Feb 06 22:53 2025 (git hash f9c5634)
 (MPI standard: 3.1)
Charm++> Level of thread support used: MPI_THREAD_FUNNELED (desired: MPI_THREAD_FUNNELED)
Charm++> Running in SMP mode: 1 processes, 4 worker threads (PEs) + 1 comm threads per process, 4 PEs total
Charm++> The comm. thread both sends and receives messages
Converse/Charm++ Commit ID: v8.0.1-devel-36-g3c3086b33
CharmLB> Load balancer assumes all CPUs are same.
Charm++> cpu affinity enabled. 
Charm++> Running on 1 hosts (2 sockets x 2 cores x 1 PUs = 5-way SMP)
Charm++> cpu topology info is gathered in 0.001 seconds.
CharmLB> Load balancing instrumentation for communication is off.
Running Task Benchmark
  Configuration:
    Task Graph 1:
      Time Steps: 1000
      Max Width: 4
      Dependence Type: stencil_1d
      Radix: 3
      Period: 0
      Fraction Connected: 0.250000
      Kernel:
        Type: compute_bound
        Iterations: 64
        Samples: 16
        Imbalance: 0.000000
      Output Bytes: 16
      Scratch Bytes: 0
Time for last run: 3.283978e-03
Time for last run: 3.246069e-03
Total Tasks 4000
Total Dependencies 9990
  Unable to estimate local/nonlocal dependencies
Total FLOPs 33024000
Total Bytes 0
Elapsed Time 3.246069e-03 seconds
FLOP/s 1.017354e+10
B/s 0.000000e+00
Transfer (estimated):
  Unable to estimate local/nonlocal transfer
[Partition 0][Node 0] End of program
=== system charm_old pes 4 iter 32 rep 1 ===
Charm++> Running on MPI library: MPI VERSION    : CRAY MPICH version 8.1.32.110 (ANL base 3.4a2)
MPI BUILD INFO : Thu Feb 06 22:53 2025 (git hash f9c5634)
 (MPI standard: 3.1)
Charm++> Level of thread support used: MPI_THREAD_FUNNELED (desired: MPI_THREAD_FUNNELED)
Charm++> Running in SMP mode: 1 processes, 4 worker threads (PEs) + 1 comm threads per process, 4 PEs total
Charm++> The comm. thread both sends and receives messages
Converse/Charm++ Commit ID: v8.0.1-devel-36-g3c3086b33
CharmLB> Load balancer assumes all CPUs are same.
Charm++> cpu affinity enabled. 
Charm++> Running on 1 hosts (2 sockets x 2 cores x 1 PUs = 5-way SMP)
Charm++> cpu topology info is gathered in 0.001 seconds.
CharmLB> Load balancing instrumentation for communication is off.
Running Task Benchmark
  Configuration:
    Task Graph 1:
      Time Steps: 1000
      Max Width: 4
      Dependence Type: stencil_1d
      Radix: 3
      Period: 0
      Fraction Connected: 0.250000
      Kernel:
        Type: compute_bound
        Iterations: 32
        Samples: 16
        Imbalance: 0.000000
      Output Bytes: 16
      Scratch Bytes: 0
Time for last run: 3.131866e-03
Time for last run: 3.210068e-03
Total Tasks 4000
Total Dependencies 9990
  Unable to estimate local/nonlocal dependencies
Total FLOPs 16640000
Total Bytes 0
Elapsed Time 3.210068e-03 seconds
FLOP/s 5.183691e+09
B/s 0.000000e+00
Transfer (estimated):
  Unable to estimate local/nonlocal transfer
[Partition 0][Node 0] End of program
=== system charm_old pes 4 iter 16 rep 1 ===
Charm++> Running on MPI library: MPI VERSION    : CRAY MPICH version 8.1.32.110 (ANL base 3.4a2)
MPI BUILD INFO : Thu Feb 06 22:53 2025 (git hash f9c5634)
 (MPI standard: 3.1)
Charm++> Level of thread support used: MPI_THREAD_FUNNELED (desired: MPI_THREAD_FUNNELED)
Charm++> Running in SMP mode: 1 processes, 4 worker threads (PEs) + 1 comm threads per process, 4 PEs total
Charm++> The comm. thread both sends and receives messages
Converse/Charm++ Commit ID: v8.0.1-devel-36-g3c3086b33
CharmLB> Load balancer assumes all CPUs are same.
Charm++> cpu affinity enabled. 
Charm++> Running on 1 hosts (2 sockets x 2 cores x 1 PUs = 5-way SMP)
Charm++> cpu topology info is gathered in 0.001 seconds.
CharmLB> Load balancing instrumentation for communication is off.
Running Task Benchmark
  Configuration:
    Task Graph 1:
      Time Steps: 1000
      Max Width: 4
      Dependence Type: stencil_1d
      Radix: 3
      Period: 0
      Fraction Connected: 0.250000
      Kernel:
        Type: compute_bound
        Iterations: 16
        Samples: 16
        Imbalance: 0.000000
      Output Bytes: 16
      Scratch Bytes: 0
Time for last run: 3.024101e-03
Time for last run: 3.074884e-03
Total Tasks 4000
Total Dependencies 9990
  Unable to estimate local/nonlocal dependencies
Total FLOPs 8448000
Total Bytes 0
Elapsed Time 3.074884e-03 seconds
FLOP/s 2.747420e+09
B/s 0.000000e+00
Transfer (estimated):
  Unable to estimate local/nonlocal transfer
[Partition 0][Node 0] End of program
=== system charm_old pes 4 iter 8 rep 1 ===
Charm++> Running on MPI library: MPI VERSION    : CRAY MPICH version 8.1.32.110 (ANL base 3.4a2)
MPI BUILD INFO : Thu Feb 06 22:53 2025 (git hash f9c5634)
 (MPI standard: 3.1)
Charm++> Level of thread support used: MPI_THREAD_FUNNELED (desired: MPI_THREAD_FUNNELED)
Charm++> Running in SMP mode: 1 processes, 4 worker threads (PEs) + 1 comm threads per process, 4 PEs total
Charm++> The comm. thread both sends and receives messages
Converse/Charm++ Commit ID: v8.0.1-devel-36-g3c3086b33
CharmLB> Load balancer assumes all CPUs are same.
Charm++> cpu affinity enabled. 
Charm++> Running on 1 hosts (2 sockets x 2 cores x 1 PUs = 5-way SMP)
Charm++> cpu topology info is gathered in 0.001 seconds.
CharmLB> Load balancing instrumentation for communication is off.
Running Task Benchmark
  Configuration:
    Task Graph 1:
      Time Steps: 1000
      Max Width: 4
      Dependence Type: stencil_1d
      Radix: 3
      Period: 0
      Fraction Connected: 0.250000
      Kernel:
        Type: compute_bound
        Iterations: 8
        Samples: 16
        Imbalance: 0.000000
      Output Bytes: 16
      Scratch Bytes: 0
Time for last run: 3.120899e-03
Time for last run: 3.108978e-03
Total Tasks 4000
Total Dependencies 9990
  Unable to estimate local/nonlocal dependencies
Total FLOPs 4352000
Total Bytes 0
Elapsed Time 3.108978e-03 seconds
FLOP/s 1.399817e+09
B/s 0.000000e+00
Transfer (estimated):
  Unable to estimate local/nonlocal transfer
[Partition 0][Node 0] End of program
=== system charm_old pes 4 iter 4 rep 1 ===
Charm++> Running on MPI library: MPI VERSION    : CRAY MPICH version 8.1.32.110 (ANL base 3.4a2)
MPI BUILD INFO : Thu Feb 06 22:53 2025 (git hash f9c5634)
 (MPI standard: 3.1)
Charm++> Level of thread support used: MPI_THREAD_FUNNELED (desired: MPI_THREAD_FUNNELED)
Charm++> Running in SMP mode: 1 processes, 4 worker threads (PEs) + 1 comm threads per process, 4 PEs total
Charm++> The comm. thread both sends and receives messages
Converse/Charm++ Commit ID: v8.0.1-devel-36-g3c3086b33
CharmLB> Load balancer assumes all CPUs are same.
Charm++> cpu affinity enabled. 
Charm++> Running on 1 hosts (2 sockets x 2 cores x 1 PUs = 5-way SMP)
Charm++> cpu topology info is gathered in 0.001 seconds.
CharmLB> Load balancing instrumentation for communication is off.
Running Task Benchmark
  Configuration:
    Task Graph 1:
      Time Steps: 1000
      Max Width: 4
      Dependence Type: stencil_1d
      Radix: 3
      Period: 0
      Fraction Connected: 0.250000
      Kernel:
        Type: compute_bound
        Iterations: 4
        Samples: 16
        Imbalance: 0.000000
      Output Bytes: 16
      Scratch Bytes: 0
Time for last run: 3.118992e-03
Time for last run: 3.190994e-03
Total Tasks 4000
Total Dependencies 9990
  Unable to estimate local/nonlocal dependencies
Total FLOPs 2304000
Total Bytes 0
Elapsed Time 3.190994e-03 seconds
FLOP/s 7.220320e+08
B/s 0.000000e+00
Transfer (estimated):
  Unable to estimate local/nonlocal transfer
[Partition 0][Node 0] End of program
=== system charm_old pes 4 iter 2 rep 1 ===
Charm++> Running on MPI library: MPI VERSION    : CRAY MPICH version 8.1.32.110 (ANL base 3.4a2)
MPI BUILD INFO : Thu Feb 06 22:53 2025 (git hash f9c5634)
 (MPI standard: 3.1)
Charm++> Level of thread support used: MPI_THREAD_FUNNELED (desired: MPI_THREAD_FUNNELED)
Charm++> Running in SMP mode: 1 processes, 4 worker threads (PEs) + 1 comm threads per process, 4 PEs total
Charm++> The comm. thread both sends and receives messages
Converse/Charm++ Commit ID: v8.0.1-devel-36-g3c3086b33
CharmLB> Load balancer assumes all CPUs are same.
Charm++> cpu affinity enabled. 
Charm++> Running on 1 hosts (2 sockets x 2 cores x 1 PUs = 5-way SMP)
Charm++> cpu topology info is gathered in 0.001 seconds.
CharmLB> Load balancing instrumentation for communication is off.
Running Task Benchmark
  Configuration:
    Task Graph 1:
      Time Steps: 1000
      Max Width: 4
      Dependence Type: stencil_1d
      Radix: 3
      Period: 0
      Fraction Connected: 0.250000
      Kernel:
        Type: compute_bound
        Iterations: 2
        Samples: 16
        Imbalance: 0.000000
      Output Bytes: 16
      Scratch Bytes: 0
Time for last run: 3.126144e-03
Time for last run: 3.108025e-03
Total Tasks 4000
Total Dependencies 9990
  Unable to estimate local/nonlocal dependencies
Total FLOPs 1280000
Total Bytes 0
Elapsed Time 3.108025e-03 seconds
FLOP/s 4.118372e+08
B/s 0.000000e+00
Transfer (estimated):
  Unable to estimate local/nonlocal transfer
[Partition 0][Node 0] End of program
=== system charm_old pes 4 iter 16384 rep 2 ===
Charm++> Running on MPI library: MPI VERSION    : CRAY MPICH version 8.1.32.110 (ANL base 3.4a2)
MPI BUILD INFO : Thu Feb 06 22:53 2025 (git hash f9c5634)
 (MPI standard: 3.1)
Charm++> Level of thread support used: MPI_THREAD_FUNNELED (desired: MPI_THREAD_FUNNELED)
Charm++> Running in SMP mode: 1 processes, 4 worker threads (PEs) + 1 comm threads per process, 4 PEs total
Charm++> The comm. thread both sends and receives messages
Converse/Charm++ Commit ID: v8.0.1-devel-36-g3c3086b33
CharmLB> Load balancer assumes all CPUs are same.
Charm++> cpu affinity enabled. 
Charm++> Running on 1 hosts (2 sockets x 2 cores x 1 PUs = 5-way SMP)
Charm++> cpu topology info is gathered in 0.001 seconds.
CharmLB> Load balancing instrumentation for communication is off.
Running Task Benchmark
  Configuration:
    Task Graph 1:
      Time Steps: 1000
      Max Width: 4
      Dependence Type: stencil_1d
      Radix: 3
      Period: 0
      Fraction Connected: 0.250000
      Kernel:
        Type: compute_bound
        Iterations: 16384
        Samples: 16
        Imbalance: 0.000000
      Output Bytes: 16
      Scratch Bytes: 0
Time for last run: 5.912995e-02
Time for last run: 5.856681e-02
Total Tasks 4000
Total Dependencies 9990
  Unable to estimate local/nonlocal dependencies
Total FLOPs 8388864000
Total Bytes 0
Elapsed Time 5.856681e-02 seconds
FLOP/s 1.432358e+11
B/s 0.000000e+00
Transfer (estimated):
  Unable to estimate local/nonlocal transfer
[Partition 0][Node 0] End of program
=== system charm_old pes 4 iter 8192 rep 2 ===
Charm++> Running on MPI library: MPI VERSION    : CRAY MPICH version 8.1.32.110 (ANL base 3.4a2)
MPI BUILD INFO : Thu Feb 06 22:53 2025 (git hash f9c5634)
 (MPI standard: 3.1)
Charm++> Level of thread support used: MPI_THREAD_FUNNELED (desired: MPI_THREAD_FUNNELED)
Charm++> Running in SMP mode: 1 processes, 4 worker threads (PEs) + 1 comm threads per process, 4 PEs total
Charm++> The comm. thread both sends and receives messages
Converse/Charm++ Commit ID: v8.0.1-devel-36-g3c3086b33
CharmLB> Load balancer assumes all CPUs are same.
Charm++> cpu affinity enabled. 
Charm++> Running on 1 hosts (2 sockets x 2 cores x 1 PUs = 5-way SMP)
Charm++> cpu topology info is gathered in 0.001 seconds.
CharmLB> Load balancing instrumentation for communication is off.
Running Task Benchmark
  Configuration:
    Task Graph 1:
      Time Steps: 1000
      Max Width: 4
      Dependence Type: stencil_1d
      Radix: 3
      Period: 0
      Fraction Connected: 0.250000
      Kernel:
        Type: compute_bound
        Iterations: 8192
        Samples: 16
        Imbalance: 0.000000
      Output Bytes: 16
      Scratch Bytes: 0
Time for last run: 3.786683e-02
Time for last run: 3.781891e-02
Total Tasks 4000
Total Dependencies 9990
  Unable to estimate local/nonlocal dependencies
Total FLOPs 4194560000
Total Bytes 0
Elapsed Time 3.781891e-02 seconds
FLOP/s 1.109117e+11
B/s 0.000000e+00
Transfer (estimated):
  Unable to estimate local/nonlocal transfer
[Partition 0][Node 0] End of program
=== system charm_old pes 4 iter 4096 rep 2 ===
Charm++> Running on MPI library: MPI VERSION    : CRAY MPICH version 8.1.32.110 (ANL base 3.4a2)
MPI BUILD INFO : Thu Feb 06 22:53 2025 (git hash f9c5634)
 (MPI standard: 3.1)
Charm++> Level of thread support used: MPI_THREAD_FUNNELED (desired: MPI_THREAD_FUNNELED)
Charm++> Running in SMP mode: 1 processes, 4 worker threads (PEs) + 1 comm threads per process, 4 PEs total
Charm++> The comm. thread both sends and receives messages
Converse/Charm++ Commit ID: v8.0.1-devel-36-g3c3086b33
CharmLB> Load balancer assumes all CPUs are same.
Charm++> cpu affinity enabled. 
Charm++> Running on 1 hosts (2 sockets x 2 cores x 1 PUs = 5-way SMP)
Charm++> cpu topology info is gathered in 0.001 seconds.
CharmLB> Load balancing instrumentation for communication is off.
Running Task Benchmark
  Configuration:
    Task Graph 1:
      Time Steps: 1000
      Max Width: 4
      Dependence Type: stencil_1d
      Radix: 3
      Period: 0
      Fraction Connected: 0.250000
      Kernel:
        Type: compute_bound
        Iterations: 4096
        Samples: 16
        Imbalance: 0.000000
      Output Bytes: 16
      Scratch Bytes: 0
Time for last run: 1.681900e-02
Time for last run: 1.675200e-02
Total Tasks 4000
Total Dependencies 9990
  Unable to estimate local/nonlocal dependencies
Total FLOPs 2097408000
Total Bytes 0
Elapsed Time 1.675200e-02 seconds
FLOP/s 1.252034e+11
B/s 0.000000e+00
Transfer (estimated):
  Unable to estimate local/nonlocal transfer
[Partition 0][Node 0] End of program
=== system charm_old pes 4 iter 2048 rep 2 ===
Charm++> Running on MPI library: MPI VERSION    : CRAY MPICH version 8.1.32.110 (ANL base 3.4a2)
MPI BUILD INFO : Thu Feb 06 22:53 2025 (git hash f9c5634)
 (MPI standard: 3.1)
Charm++> Level of thread support used: MPI_THREAD_FUNNELED (desired: MPI_THREAD_FUNNELED)
Charm++> Running in SMP mode: 1 processes, 4 worker threads (PEs) + 1 comm threads per process, 4 PEs total
Charm++> The comm. thread both sends and receives messages
Converse/Charm++ Commit ID: v8.0.1-devel-36-g3c3086b33
CharmLB> Load balancer assumes all CPUs are same.
Charm++> cpu affinity enabled. 
Charm++> Running on 1 hosts (2 sockets x 2 cores x 1 PUs = 5-way SMP)
Charm++> cpu topology info is gathered in 0.001 seconds.
CharmLB> Load balancing instrumentation for communication is off.
Running Task Benchmark
  Configuration:
    Task Graph 1:
      Time Steps: 1000
      Max Width: 4
      Dependence Type: stencil_1d
      Radix: 3
      Period: 0
      Fraction Connected: 0.250000
      Kernel:
        Type: compute_bound
        Iterations: 2048
        Samples: 16
        Imbalance: 0.000000
      Output Bytes: 16
      Scratch Bytes: 0
Time for last run: 1.086283e-02
Time for last run: 1.078391e-02
Total Tasks 4000
Total Dependencies 9990
  Unable to estimate local/nonlocal dependencies
Total FLOPs 1048832000
Total Bytes 0
Elapsed Time 1.078391e-02 seconds
FLOP/s 9.725897e+10
B/s 0.000000e+00
Transfer (estimated):
  Unable to estimate local/nonlocal transfer
[Partition 0][Node 0] End of program
=== system charm_old pes 4 iter 1024 rep 2 ===
Charm++> Running on MPI library: MPI VERSION    : CRAY MPICH version 8.1.32.110 (ANL base 3.4a2)
MPI BUILD INFO : Thu Feb 06 22:53 2025 (git hash f9c5634)
 (MPI standard: 3.1)
Charm++> Level of thread support used: MPI_THREAD_FUNNELED (desired: MPI_THREAD_FUNNELED)
Charm++> Running in SMP mode: 1 processes, 4 worker threads (PEs) + 1 comm threads per process, 4 PEs total
Charm++> The comm. thread both sends and receives messages
Converse/Charm++ Commit ID: v8.0.1-devel-36-g3c3086b33
CharmLB> Load balancer assumes all CPUs are same.
Charm++> cpu affinity enabled. 
Charm++> Running on 1 hosts (2 sockets x 2 cores x 1 PUs = 5-way SMP)
Charm++> cpu topology info is gathered in 0.001 seconds.
CharmLB> Load balancing instrumentation for communication is off.
Running Task Benchmark
  Configuration:
    Task Graph 1:
      Time Steps: 1000
      Max Width: 4
      Dependence Type: stencil_1d
      Radix: 3
      Period: 0
      Fraction Connected: 0.250000
      Kernel:
        Type: compute_bound
        Iterations: 1024
        Samples: 16
        Imbalance: 0.000000
      Output Bytes: 16
      Scratch Bytes: 0
Time for last run: 6.494045e-03
Time for last run: 6.525993e-03
Total Tasks 4000
Total Dependencies 9990
  Unable to estimate local/nonlocal dependencies
Total FLOPs 524544000
Total Bytes 0
Elapsed Time 6.525993e-03 seconds
FLOP/s 8.037765e+10
B/s 0.000000e+00
Transfer (estimated):
  Unable to estimate local/nonlocal transfer
[Partition 0][Node 0] End of program
=== system charm_old pes 4 iter 512 rep 2 ===
Charm++> Running on MPI library: MPI VERSION    : CRAY MPICH version 8.1.32.110 (ANL base 3.4a2)
MPI BUILD INFO : Thu Feb 06 22:53 2025 (git hash f9c5634)
 (MPI standard: 3.1)
Charm++> Level of thread support used: MPI_THREAD_FUNNELED (desired: MPI_THREAD_FUNNELED)
Charm++> Running in SMP mode: 1 processes, 4 worker threads (PEs) + 1 comm threads per process, 4 PEs total
Charm++> The comm. thread both sends and receives messages
Converse/Charm++ Commit ID: v8.0.1-devel-36-g3c3086b33
CharmLB> Load balancer assumes all CPUs are same.
Charm++> cpu affinity enabled. 
Charm++> Running on 1 hosts (2 sockets x 2 cores x 1 PUs = 5-way SMP)
Charm++> cpu topology info is gathered in 0.001 seconds.
CharmLB> Load balancing instrumentation for communication is off.
Running Task Benchmark
  Configuration:
    Task Graph 1:
      Time Steps: 1000
      Max Width: 4
      Dependence Type: stencil_1d
      Radix: 3
      Period: 0
      Fraction Connected: 0.250000
      Kernel:
        Type: compute_bound
        Iterations: 512
        Samples: 16
        Imbalance: 0.000000
      Output Bytes: 16
      Scratch Bytes: 0
Time for last run: 5.559921e-03
Time for last run: 5.553007e-03
Total Tasks 4000
Total Dependencies 9990
  Unable to estimate local/nonlocal dependencies
Total FLOPs 262400000
Total Bytes 0
Elapsed Time 5.553007e-03 seconds
FLOP/s 4.725368e+10
B/s 0.000000e+00
Transfer (estimated):
  Unable to estimate local/nonlocal transfer
[Partition 0][Node 0] End of program
=== system charm_old pes 4 iter 256 rep 2 ===
Charm++> Running on MPI library: MPI VERSION    : CRAY MPICH version 8.1.32.110 (ANL base 3.4a2)
MPI BUILD INFO : Thu Feb 06 22:53 2025 (git hash f9c5634)
 (MPI standard: 3.1)
Charm++> Level of thread support used: MPI_THREAD_FUNNELED (desired: MPI_THREAD_FUNNELED)
Charm++> Running in SMP mode: 1 processes, 4 worker threads (PEs) + 1 comm threads per process, 4 PEs total
Charm++> The comm. thread both sends and receives messages
Converse/Charm++ Commit ID: v8.0.1-devel-36-g3c3086b33
CharmLB> Load balancer assumes all CPUs are same.
Charm++> cpu affinity enabled. 
Charm++> Running on 1 hosts (2 sockets x 2 cores x 1 PUs = 5-way SMP)
Charm++> cpu topology info is gathered in 0.001 seconds.
CharmLB> Load balancing instrumentation for communication is off.
Running Task Benchmark
  Configuration:
    Task Graph 1:
      Time Steps: 1000
      Max Width: 4
      Dependence Type: stencil_1d
      Radix: 3
      Period: 0
      Fraction Connected: 0.250000
      Kernel:
        Type: compute_bound
        Iterations: 256
        Samples: 16
        Imbalance: 0.000000
      Output Bytes: 16
      Scratch Bytes: 0
Time for last run: 3.618956e-03
Time for last run: 3.703117e-03
Total Tasks 4000
Total Dependencies 9990
  Unable to estimate local/nonlocal dependencies
Total FLOPs 131328000
Total Bytes 0
Elapsed Time 3.703117e-03 seconds
FLOP/s 3.546417e+10
B/s 0.000000e+00
Transfer (estimated):
  Unable to estimate local/nonlocal transfer
[Partition 0][Node 0] End of program
=== system charm_old pes 4 iter 128 rep 2 ===
Charm++> Running on MPI library: MPI VERSION    : CRAY MPICH version 8.1.32.110 (ANL base 3.4a2)
MPI BUILD INFO : Thu Feb 06 22:53 2025 (git hash f9c5634)
 (MPI standard: 3.1)
Charm++> Level of thread support used: MPI_THREAD_FUNNELED (desired: MPI_THREAD_FUNNELED)
Charm++> Running in SMP mode: 1 processes, 4 worker threads (PEs) + 1 comm threads per process, 4 PEs total
Charm++> The comm. thread both sends and receives messages
Converse/Charm++ Commit ID: v8.0.1-devel-36-g3c3086b33
CharmLB> Load balancer assumes all CPUs are same.
Charm++> cpu affinity enabled. 
Charm++> Running on 1 hosts (2 sockets x 2 cores x 1 PUs = 5-way SMP)
Charm++> cpu topology info is gathered in 0.001 seconds.
CharmLB> Load balancing instrumentation for communication is off.
Running Task Benchmark
  Configuration:
    Task Graph 1:
      Time Steps: 1000
      Max Width: 4
      Dependence Type: stencil_1d
      Radix: 3
      Period: 0
      Fraction Connected: 0.250000
      Kernel:
        Type: compute_bound
        Iterations: 128
        Samples: 16
        Imbalance: 0.000000
      Output Bytes: 16
      Scratch Bytes: 0
Time for last run: 3.634214e-03
Time for last run: 3.381014e-03
Total Tasks 4000
Total Dependencies 9990
  Unable to estimate local/nonlocal dependencies
Total FLOPs 65792000
Total Bytes 0
Elapsed Time 3.381014e-03 seconds
FLOP/s 1.945925e+10
B/s 0.000000e+00
Transfer (estimated):
  Unable to estimate local/nonlocal transfer
[Partition 0][Node 0] End of program
=== system charm_old pes 4 iter 64 rep 2 ===
Charm++> Running on MPI library: MPI VERSION    : CRAY MPICH version 8.1.32.110 (ANL base 3.4a2)
MPI BUILD INFO : Thu Feb 06 22:53 2025 (git hash f9c5634)
 (MPI standard: 3.1)
Charm++> Level of thread support used: MPI_THREAD_FUNNELED (desired: MPI_THREAD_FUNNELED)
Charm++> Running in SMP mode: 1 processes, 4 worker threads (PEs) + 1 comm threads per process, 4 PEs total
Charm++> The comm. thread both sends and receives messages
Converse/Charm++ Commit ID: v8.0.1-devel-36-g3c3086b33
CharmLB> Load balancer assumes all CPUs are same.
Charm++> cpu affinity enabled. 
Charm++> Running on 1 hosts (2 sockets x 2 cores x 1 PUs = 5-way SMP)
Charm++> cpu topology info is gathered in 0.001 seconds.
CharmLB> Load balancing instrumentation for communication is off.
Running Task Benchmark
  Configuration:
    Task Graph 1:
      Time Steps: 1000
      Max Width: 4
      Dependence Type: stencil_1d
      Radix: 3
      Period: 0
      Fraction Connected: 0.250000
      Kernel:
        Type: compute_bound
        Iterations: 64
        Samples: 16
        Imbalance: 0.000000
      Output Bytes: 16
      Scratch Bytes: 0
Time for last run: 3.391027e-03
Time for last run: 3.353119e-03
Total Tasks 4000
Total Dependencies 9990
  Unable to estimate local/nonlocal dependencies
Total FLOPs 33024000
Total Bytes 0
Elapsed Time 3.353119e-03 seconds
FLOP/s 9.848741e+09
B/s 0.000000e+00
Transfer (estimated):
  Unable to estimate local/nonlocal transfer
[Partition 0][Node 0] End of program
=== system charm_old pes 4 iter 32 rep 2 ===
Charm++> Running on MPI library: MPI VERSION    : CRAY MPICH version 8.1.32.110 (ANL base 3.4a2)
MPI BUILD INFO : Thu Feb 06 22:53 2025 (git hash f9c5634)
 (MPI standard: 3.1)
Charm++> Level of thread support used: MPI_THREAD_FUNNELED (desired: MPI_THREAD_FUNNELED)
Charm++> Running in SMP mode: 1 processes, 4 worker threads (PEs) + 1 comm threads per process, 4 PEs total
Charm++> The comm. thread both sends and receives messages
Converse/Charm++ Commit ID: v8.0.1-devel-36-g3c3086b33
CharmLB> Load balancer assumes all CPUs are same.
Charm++> cpu affinity enabled. 
Charm++> Running on 1 hosts (2 sockets x 2 cores x 1 PUs = 5-way SMP)
Charm++> cpu topology info is gathered in 0.001 seconds.
CharmLB> Load balancing instrumentation for communication is off.
Running Task Benchmark
  Configuration:
    Task Graph 1:
      Time Steps: 1000
      Max Width: 4
      Dependence Type: stencil_1d
      Radix: 3
      Period: 0
      Fraction Connected: 0.250000
      Kernel:
        Type: compute_bound
        Iterations: 32
        Samples: 16
        Imbalance: 0.000000
      Output Bytes: 16
      Scratch Bytes: 0
Time for last run: 2.975941e-03
Time for last run: 3.118038e-03
Total Tasks 4000
Total Dependencies 9990
  Unable to estimate local/nonlocal dependencies
Total FLOPs 16640000
Total Bytes 0
Elapsed Time 3.118038e-03 seconds
FLOP/s 5.336689e+09
B/s 0.000000e+00
Transfer (estimated):
  Unable to estimate local/nonlocal transfer
[Partition 0][Node 0] End of program
=== system charm_old pes 4 iter 16 rep 2 ===
Charm++> Running on MPI library: MPI VERSION    : CRAY MPICH version 8.1.32.110 (ANL base 3.4a2)
MPI BUILD INFO : Thu Feb 06 22:53 2025 (git hash f9c5634)
 (MPI standard: 3.1)
Charm++> Level of thread support used: MPI_THREAD_FUNNELED (desired: MPI_THREAD_FUNNELED)
Charm++> Running in SMP mode: 1 processes, 4 worker threads (PEs) + 1 comm threads per process, 4 PEs total
Charm++> The comm. thread both sends and receives messages
Converse/Charm++ Commit ID: v8.0.1-devel-36-g3c3086b33
CharmLB> Load balancer assumes all CPUs are same.
Charm++> cpu affinity enabled. 
Charm++> Running on 1 hosts (2 sockets x 2 cores x 1 PUs = 5-way SMP)
Charm++> cpu topology info is gathered in 0.001 seconds.
CharmLB> Load balancing instrumentation for communication is off.
Running Task Benchmark
  Configuration:
    Task Graph 1:
      Time Steps: 1000
      Max Width: 4
      Dependence Type: stencil_1d
      Radix: 3
      Period: 0
      Fraction Connected: 0.250000
      Kernel:
        Type: compute_bound
        Iterations: 16
        Samples: 16
        Imbalance: 0.000000
      Output Bytes: 16
      Scratch Bytes: 0
Time for last run: 3.113985e-03
Time for last run: 3.279924e-03
Total Tasks 4000
Total Dependencies 9990
  Unable to estimate local/nonlocal dependencies
Total FLOPs 8448000
Total Bytes 0
Elapsed Time 3.279924e-03 seconds
FLOP/s 2.575669e+09
B/s 0.000000e+00
Transfer (estimated):
  Unable to estimate local/nonlocal transfer
[Partition 0][Node 0] End of program
=== system charm_old pes 4 iter 8 rep 2 ===
Charm++> Running on MPI library: MPI VERSION    : CRAY MPICH version 8.1.32.110 (ANL base 3.4a2)
MPI BUILD INFO : Thu Feb 06 22:53 2025 (git hash f9c5634)
 (MPI standard: 3.1)
Charm++> Level of thread support used: MPI_THREAD_FUNNELED (desired: MPI_THREAD_FUNNELED)
Charm++> Running in SMP mode: 1 processes, 4 worker threads (PEs) + 1 comm threads per process, 4 PEs total
Charm++> The comm. thread both sends and receives messages
Converse/Charm++ Commit ID: v8.0.1-devel-36-g3c3086b33
CharmLB> Load balancer assumes all CPUs are same.
Charm++> cpu affinity enabled. 
Charm++> Running on 1 hosts (2 sockets x 2 cores x 1 PUs = 5-way SMP)
Charm++> cpu topology info is gathered in 0.001 seconds.
CharmLB> Load balancing instrumentation for communication is off.
Running Task Benchmark
  Configuration:
    Task Graph 1:
      Time Steps: 1000
      Max Width: 4
      Dependence Type: stencil_1d
      Radix: 3
      Period: 0
      Fraction Connected: 0.250000
      Kernel:
        Type: compute_bound
        Iterations: 8
        Samples: 16
        Imbalance: 0.000000
      Output Bytes: 16
      Scratch Bytes: 0
Time for last run: 3.069162e-03
Time for last run: 3.175020e-03
Total Tasks 4000
Total Dependencies 9990
  Unable to estimate local/nonlocal dependencies
Total FLOPs 4352000
Total Bytes 0
Elapsed Time 3.175020e-03 seconds
FLOP/s 1.370700e+09
B/s 0.000000e+00
Transfer (estimated):
  Unable to estimate local/nonlocal transfer
[Partition 0][Node 0] End of program
=== system charm_old pes 4 iter 4 rep 2 ===
Charm++> Running on MPI library: MPI VERSION    : CRAY MPICH version 8.1.32.110 (ANL base 3.4a2)
MPI BUILD INFO : Thu Feb 06 22:53 2025 (git hash f9c5634)
 (MPI standard: 3.1)
Charm++> Level of thread support used: MPI_THREAD_FUNNELED (desired: MPI_THREAD_FUNNELED)
Charm++> Running in SMP mode: 1 processes, 4 worker threads (PEs) + 1 comm threads per process, 4 PEs total
Charm++> The comm. thread both sends and receives messages
Converse/Charm++ Commit ID: v8.0.1-devel-36-g3c3086b33
CharmLB> Load balancer assumes all CPUs are same.
Charm++> cpu affinity enabled. 
Charm++> Running on 1 hosts (2 sockets x 2 cores x 1 PUs = 5-way SMP)
Charm++> cpu topology info is gathered in 0.001 seconds.
CharmLB> Load balancing instrumentation for communication is off.
Running Task Benchmark
  Configuration:
    Task Graph 1:
      Time Steps: 1000
      Max Width: 4
      Dependence Type: stencil_1d
      Radix: 3
      Period: 0
      Fraction Connected: 0.250000
      Kernel:
        Type: compute_bound
        Iterations: 4
        Samples: 16
        Imbalance: 0.000000
      Output Bytes: 16
      Scratch Bytes: 0
Time for last run: 3.063202e-03
Time for last run: 3.065825e-03
Total Tasks 4000
Total Dependencies 9990
  Unable to estimate local/nonlocal dependencies
Total FLOPs 2304000
Total Bytes 0
Elapsed Time 3.065825e-03 seconds
FLOP/s 7.515107e+08
B/s 0.000000e+00
Transfer (estimated):
  Unable to estimate local/nonlocal transfer
[Partition 0][Node 0] End of program
=== system charm_old pes 4 iter 2 rep 2 ===
Charm++> Running on MPI library: MPI VERSION    : CRAY MPICH version 8.1.32.110 (ANL base 3.4a2)
MPI BUILD INFO : Thu Feb 06 22:53 2025 (git hash f9c5634)
 (MPI standard: 3.1)
Charm++> Level of thread support used: MPI_THREAD_FUNNELED (desired: MPI_THREAD_FUNNELED)
Charm++> Running in SMP mode: 1 processes, 4 worker threads (PEs) + 1 comm threads per process, 4 PEs total
Charm++> The comm. thread both sends and receives messages
Converse/Charm++ Commit ID: v8.0.1-devel-36-g3c3086b33
CharmLB> Load balancer assumes all CPUs are same.
Charm++> cpu affinity enabled. 
Charm++> Running on 1 hosts (2 sockets x 2 cores x 1 PUs = 5-way SMP)
Charm++> cpu topology info is gathered in 0.001 seconds.
CharmLB> Load balancing instrumentation for communication is off.
Running Task Benchmark
  Configuration:
    Task Graph 1:
      Time Steps: 1000
      Max Width: 4
      Dependence Type: stencil_1d
      Radix: 3
      Period: 0
      Fraction Connected: 0.250000
      Kernel:
        Type: compute_bound
        Iterations: 2
        Samples: 16
        Imbalance: 0.000000
      Output Bytes: 16
      Scratch Bytes: 0
Time for last run: 3.024817e-03
Time for last run: 3.043890e-03
Total Tasks 4000
Total Dependencies 9990
  Unable to estimate local/nonlocal dependencies
Total FLOPs 1280000
Total Bytes 0
Elapsed Time 3.043890e-03 seconds
FLOP/s 4.205145e+08
B/s 0.000000e+00
Transfer (estimated):
  Unable to estimate local/nonlocal transfer
[Partition 0][Node 0] End of program
=== system charm_old pes 4 iter 16384 rep 3 ===
Charm++> Running on MPI library: MPI VERSION    : CRAY MPICH version 8.1.32.110 (ANL base 3.4a2)
MPI BUILD INFO : Thu Feb 06 22:53 2025 (git hash f9c5634)
 (MPI standard: 3.1)
Charm++> Level of thread support used: MPI_THREAD_FUNNELED (desired: MPI_THREAD_FUNNELED)
Charm++> Running in SMP mode: 1 processes, 4 worker threads (PEs) + 1 comm threads per process, 4 PEs total
Charm++> The comm. thread both sends and receives messages
Converse/Charm++ Commit ID: v8.0.1-devel-36-g3c3086b33
CharmLB> Load balancer assumes all CPUs are same.
Charm++> cpu affinity enabled. 
Charm++> Running on 1 hosts (2 sockets x 2 cores x 1 PUs = 5-way SMP)
Charm++> cpu topology info is gathered in 0.001 seconds.
CharmLB> Load balancing instrumentation for communication is off.
Running Task Benchmark
  Configuration:
    Task Graph 1:
      Time Steps: 1000
      Max Width: 4
      Dependence Type: stencil_1d
      Radix: 3
      Period: 0
      Fraction Connected: 0.250000
      Kernel:
        Type: compute_bound
        Iterations: 16384
        Samples: 16
        Imbalance: 0.000000
      Output Bytes: 16
      Scratch Bytes: 0
Time for last run: 7.268095e-02
Time for last run: 7.275891e-02
Total Tasks 4000
Total Dependencies 9990
  Unable to estimate local/nonlocal dependencies
Total FLOPs 8388864000
Total Bytes 0
Elapsed Time 7.275891e-02 seconds
FLOP/s 1.152967e+11
B/s 0.000000e+00
Transfer (estimated):
  Unable to estimate local/nonlocal transfer
[Partition 0][Node 0] End of program
=== system charm_old pes 4 iter 8192 rep 3 ===
Charm++> Running on MPI library: MPI VERSION    : CRAY MPICH version 8.1.32.110 (ANL base 3.4a2)
MPI BUILD INFO : Thu Feb 06 22:53 2025 (git hash f9c5634)
 (MPI standard: 3.1)
Charm++> Level of thread support used: MPI_THREAD_FUNNELED (desired: MPI_THREAD_FUNNELED)
Charm++> Running in SMP mode: 1 processes, 4 worker threads (PEs) + 1 comm threads per process, 4 PEs total
Charm++> The comm. thread both sends and receives messages
Converse/Charm++ Commit ID: v8.0.1-devel-36-g3c3086b33
CharmLB> Load balancer assumes all CPUs are same.
Charm++> cpu affinity enabled. 
Charm++> Running on 1 hosts (2 sockets x 2 cores x 1 PUs = 5-way SMP)
Charm++> cpu topology info is gathered in 0.001 seconds.
CharmLB> Load balancing instrumentation for communication is off.
Running Task Benchmark
  Configuration:
    Task Graph 1:
      Time Steps: 1000
      Max Width: 4
      Dependence Type: stencil_1d
      Radix: 3
      Period: 0
      Fraction Connected: 0.250000
      Kernel:
        Type: compute_bound
        Iterations: 8192
        Samples: 16
        Imbalance: 0.000000
      Output Bytes: 16
      Scratch Bytes: 0
Time for last run: 3.676414e-02
Time for last run: 3.667784e-02
Total Tasks 4000
Total Dependencies 9990
  Unable to estimate local/nonlocal dependencies
Total FLOPs 4194560000
Total Bytes 0
Elapsed Time 3.667784e-02 seconds
FLOP/s 1.143622e+11
B/s 0.000000e+00
Transfer (estimated):
  Unable to estimate local/nonlocal transfer
[Partition 0][Node 0] End of program
=== system charm_old pes 4 iter 4096 rep 3 ===
Charm++> Running on MPI library: MPI VERSION    : CRAY MPICH version 8.1.32.110 (ANL base 3.4a2)
MPI BUILD INFO : Thu Feb 06 22:53 2025 (git hash f9c5634)
 (MPI standard: 3.1)
Charm++> Level of thread support used: MPI_THREAD_FUNNELED (desired: MPI_THREAD_FUNNELED)
Charm++> Running in SMP mode: 1 processes, 4 worker threads (PEs) + 1 comm threads per process, 4 PEs total
Charm++> The comm. thread both sends and receives messages
Converse/Charm++ Commit ID: v8.0.1-devel-36-g3c3086b33
CharmLB> Load balancer assumes all CPUs are same.
Charm++> cpu affinity enabled. 
Charm++> Running on 1 hosts (2 sockets x 2 cores x 1 PUs = 5-way SMP)
Charm++> cpu topology info is gathered in 0.001 seconds.
CharmLB> Load balancing instrumentation for communication is off.
Running Task Benchmark
  Configuration:
    Task Graph 1:
      Time Steps: 1000
      Max Width: 4
      Dependence Type: stencil_1d
      Radix: 3
      Period: 0
      Fraction Connected: 0.250000
      Kernel:
        Type: compute_bound
        Iterations: 4096
        Samples: 16
        Imbalance: 0.000000
      Output Bytes: 16
      Scratch Bytes: 0
Time for last run: 2.061105e-02
Time for last run: 2.060390e-02
Total Tasks 4000
Total Dependencies 9990
  Unable to estimate local/nonlocal dependencies
Total FLOPs 2097408000
Total Bytes 0
Elapsed Time 2.060390e-02 seconds
FLOP/s 1.017967e+11
B/s 0.000000e+00
Transfer (estimated):
  Unable to estimate local/nonlocal transfer
[Partition 0][Node 0] End of program
=== system charm_old pes 4 iter 2048 rep 3 ===
Charm++> Running on MPI library: MPI VERSION    : CRAY MPICH version 8.1.32.110 (ANL base 3.4a2)
MPI BUILD INFO : Thu Feb 06 22:53 2025 (git hash f9c5634)
 (MPI standard: 3.1)
Charm++> Level of thread support used: MPI_THREAD_FUNNELED (desired: MPI_THREAD_FUNNELED)
Charm++> Running in SMP mode: 1 processes, 4 worker threads (PEs) + 1 comm threads per process, 4 PEs total
Charm++> The comm. thread both sends and receives messages
Converse/Charm++ Commit ID: v8.0.1-devel-36-g3c3086b33
CharmLB> Load balancer assumes all CPUs are same.
Charm++> cpu affinity enabled. 
Charm++> Running on 1 hosts (2 sockets x 2 cores x 1 PUs = 5-way SMP)
Charm++> cpu topology info is gathered in 0.001 seconds.
CharmLB> Load balancing instrumentation for communication is off.
Running Task Benchmark
  Configuration:
    Task Graph 1:
      Time Steps: 1000
      Max Width: 4
      Dependence Type: stencil_1d
      Radix: 3
      Period: 0
      Fraction Connected: 0.250000
      Kernel:
        Type: compute_bound
        Iterations: 2048
        Samples: 16
        Imbalance: 0.000000
      Output Bytes: 16
      Scratch Bytes: 0
Time for last run: 1.089406e-02
Time for last run: 1.089001e-02
Total Tasks 4000
Total Dependencies 9990
  Unable to estimate local/nonlocal dependencies
Total FLOPs 1048832000
Total Bytes 0
Elapsed Time 1.089001e-02 seconds
FLOP/s 9.631142e+10
B/s 0.000000e+00
Transfer (estimated):
  Unable to estimate local/nonlocal transfer
[Partition 0][Node 0] End of program
=== system charm_old pes 4 iter 1024 rep 3 ===
Charm++> Running on MPI library: MPI VERSION    : CRAY MPICH version 8.1.32.110 (ANL base 3.4a2)
MPI BUILD INFO : Thu Feb 06 22:53 2025 (git hash f9c5634)
 (MPI standard: 3.1)
Charm++> Level of thread support used: MPI_THREAD_FUNNELED (desired: MPI_THREAD_FUNNELED)
Charm++> Running in SMP mode: 1 processes, 4 worker threads (PEs) + 1 comm threads per process, 4 PEs total
Charm++> The comm. thread both sends and receives messages
Converse/Charm++ Commit ID: v8.0.1-devel-36-g3c3086b33
CharmLB> Load balancer assumes all CPUs are same.
Charm++> cpu affinity enabled. 
Charm++> Running on 1 hosts (2 sockets x 2 cores x 1 PUs = 5-way SMP)
Charm++> cpu topology info is gathered in 0.001 seconds.
CharmLB> Load balancing instrumentation for communication is off.
Running Task Benchmark
  Configuration:
    Task Graph 1:
      Time Steps: 1000
      Max Width: 4
      Dependence Type: stencil_1d
      Radix: 3
      Period: 0
      Fraction Connected: 0.250000
      Kernel:
        Type: compute_bound
        Iterations: 1024
        Samples: 16
        Imbalance: 0.000000
      Output Bytes: 16
      Scratch Bytes: 0
Time for last run: 6.587982e-03
Time for last run: 6.582975e-03
Total Tasks 4000
Total Dependencies 9990
  Unable to estimate local/nonlocal dependencies
Total FLOPs 524544000
Total Bytes 0
Elapsed Time 6.582975e-03 seconds
FLOP/s 7.968190e+10
B/s 0.000000e+00
Transfer (estimated):
  Unable to estimate local/nonlocal transfer
[Partition 0][Node 0] End of program
=== system charm_old pes 4 iter 512 rep 3 ===
Charm++> Running on MPI library: MPI VERSION    : CRAY MPICH version 8.1.32.110 (ANL base 3.4a2)
MPI BUILD INFO : Thu Feb 06 22:53 2025 (git hash f9c5634)
 (MPI standard: 3.1)
Charm++> Level of thread support used: MPI_THREAD_FUNNELED (desired: MPI_THREAD_FUNNELED)
Charm++> Running in SMP mode: 1 processes, 4 worker threads (PEs) + 1 comm threads per process, 4 PEs total
Charm++> The comm. thread both sends and receives messages
Converse/Charm++ Commit ID: v8.0.1-devel-36-g3c3086b33
CharmLB> Load balancer assumes all CPUs are same.
Charm++> cpu affinity enabled. 
Charm++> Running on 1 hosts (2 sockets x 2 cores x 1 PUs = 5-way SMP)
Charm++> cpu topology info is gathered in 0.001 seconds.
CharmLB> Load balancing instrumentation for communication is off.
Running Task Benchmark
  Configuration:
    Task Graph 1:
      Time Steps: 1000
      Max Width: 4
      Dependence Type: stencil_1d
      Radix: 3
      Period: 0
      Fraction Connected: 0.250000
      Kernel:
        Type: compute_bound
        Iterations: 512
        Samples: 16
        Imbalance: 0.000000
      Output Bytes: 16
      Scratch Bytes: 0
Time for last run: 4.634142e-03
Time for last run: 4.909039e-03
Total Tasks 4000
Total Dependencies 9990
  Unable to estimate local/nonlocal dependencies
Total FLOPs 262400000
Total Bytes 0
Elapsed Time 4.909039e-03 seconds
FLOP/s 5.345242e+10
B/s 0.000000e+00
Transfer (estimated):
  Unable to estimate local/nonlocal transfer
[Partition 0][Node 0] End of program
=== system charm_old pes 4 iter 256 rep 3 ===
Charm++> Running on MPI library: MPI VERSION    : CRAY MPICH version 8.1.32.110 (ANL base 3.4a2)
MPI BUILD INFO : Thu Feb 06 22:53 2025 (git hash f9c5634)
 (MPI standard: 3.1)
Charm++> Level of thread support used: MPI_THREAD_FUNNELED (desired: MPI_THREAD_FUNNELED)
Charm++> Running in SMP mode: 1 processes, 4 worker threads (PEs) + 1 comm threads per process, 4 PEs total
Charm++> The comm. thread both sends and receives messages
Converse/Charm++ Commit ID: v8.0.1-devel-36-g3c3086b33
CharmLB> Load balancer assumes all CPUs are same.
Charm++> cpu affinity enabled. 
Charm++> Running on 1 hosts (2 sockets x 2 cores x 1 PUs = 5-way SMP)
Charm++> cpu topology info is gathered in 0.001 seconds.
CharmLB> Load balancing instrumentation for communication is off.
Running Task Benchmark
  Configuration:
    Task Graph 1:
      Time Steps: 1000
      Max Width: 4
      Dependence Type: stencil_1d
      Radix: 3
      Period: 0
      Fraction Connected: 0.250000
      Kernel:
        Type: compute_bound
        Iterations: 256
        Samples: 16
        Imbalance: 0.000000
      Output Bytes: 16
      Scratch Bytes: 0
Time for last run: 3.546000e-03
Time for last run: 3.725052e-03
Total Tasks 4000
Total Dependencies 9990
  Unable to estimate local/nonlocal dependencies
Total FLOPs 131328000
Total Bytes 0
Elapsed Time 3.725052e-03 seconds
FLOP/s 3.525535e+10
B/s 0.000000e+00
Transfer (estimated):
  Unable to estimate local/nonlocal transfer
[Partition 0][Node 0] End of program
=== system charm_old pes 4 iter 128 rep 3 ===
Charm++> Running on MPI library: MPI VERSION    : CRAY MPICH version 8.1.32.110 (ANL base 3.4a2)
MPI BUILD INFO : Thu Feb 06 22:53 2025 (git hash f9c5634)
 (MPI standard: 3.1)
Charm++> Level of thread support used: MPI_THREAD_FUNNELED (desired: MPI_THREAD_FUNNELED)
Charm++> Running in SMP mode: 1 processes, 4 worker threads (PEs) + 1 comm threads per process, 4 PEs total
Charm++> The comm. thread both sends and receives messages
Converse/Charm++ Commit ID: v8.0.1-devel-36-g3c3086b33
CharmLB> Load balancer assumes all CPUs are same.
Charm++> cpu affinity enabled. 
Charm++> Running on 1 hosts (2 sockets x 2 cores x 1 PUs = 5-way SMP)
Charm++> cpu topology info is gathered in 0.001 seconds.
CharmLB> Load balancing instrumentation for communication is off.
Running Task Benchmark
  Configuration:
    Task Graph 1:
      Time Steps: 1000
      Max Width: 4
      Dependence Type: stencil_1d
      Radix: 3
      Period: 0
      Fraction Connected: 0.250000
      Kernel:
        Type: compute_bound
        Iterations: 128
        Samples: 16
        Imbalance: 0.000000
      Output Bytes: 16
      Scratch Bytes: 0
Time for last run: 3.341913e-03
Time for last run: 3.336906e-03
Total Tasks 4000
Total Dependencies 9990
  Unable to estimate local/nonlocal dependencies
Total FLOPs 65792000
Total Bytes 0
Elapsed Time 3.336906e-03 seconds
FLOP/s 1.971647e+10
B/s 0.000000e+00
Transfer (estimated):
  Unable to estimate local/nonlocal transfer
[Partition 0][Node 0] End of program
=== system charm_old pes 4 iter 64 rep 3 ===
Charm++> Running on MPI library: MPI VERSION    : CRAY MPICH version 8.1.32.110 (ANL base 3.4a2)
MPI BUILD INFO : Thu Feb 06 22:53 2025 (git hash f9c5634)
 (MPI standard: 3.1)
Charm++> Level of thread support used: MPI_THREAD_FUNNELED (desired: MPI_THREAD_FUNNELED)
Charm++> Running in SMP mode: 1 processes, 4 worker threads (PEs) + 1 comm threads per process, 4 PEs total
Charm++> The comm. thread both sends and receives messages
Converse/Charm++ Commit ID: v8.0.1-devel-36-g3c3086b33
CharmLB> Load balancer assumes all CPUs are same.
Charm++> cpu affinity enabled. 
Charm++> Running on 1 hosts (2 sockets x 2 cores x 1 PUs = 5-way SMP)
Charm++> cpu topology info is gathered in 0.001 seconds.
CharmLB> Load balancing instrumentation for communication is off.
Running Task Benchmark
  Configuration:
    Task Graph 1:
      Time Steps: 1000
      Max Width: 4
      Dependence Type: stencil_1d
      Radix: 3
      Period: 0
      Fraction Connected: 0.250000
      Kernel:
        Type: compute_bound
        Iterations: 64
        Samples: 16
        Imbalance: 0.000000
      Output Bytes: 16
      Scratch Bytes: 0
Time for last run: 3.257036e-03
Time for last run: 3.194094e-03
Total Tasks 4000
Total Dependencies 9990
  Unable to estimate local/nonlocal dependencies
Total FLOPs 33024000
Total Bytes 0
Elapsed Time 3.194094e-03 seconds
FLOP/s 1.033908e+10
B/s 0.000000e+00
Transfer (estimated):
  Unable to estimate local/nonlocal transfer
[Partition 0][Node 0] End of program
=== system charm_old pes 4 iter 32 rep 3 ===
Charm++> Running on MPI library: MPI VERSION    : CRAY MPICH version 8.1.32.110 (ANL base 3.4a2)
MPI BUILD INFO : Thu Feb 06 22:53 2025 (git hash f9c5634)
 (MPI standard: 3.1)
Charm++> Level of thread support used: MPI_THREAD_FUNNELED (desired: MPI_THREAD_FUNNELED)
Charm++> Running in SMP mode: 1 processes, 4 worker threads (PEs) + 1 comm threads per process, 4 PEs total
Charm++> The comm. thread both sends and receives messages
Converse/Charm++ Commit ID: v8.0.1-devel-36-g3c3086b33
CharmLB> Load balancer assumes all CPUs are same.
Charm++> cpu affinity enabled. 
Charm++> Running on 1 hosts (2 sockets x 2 cores x 1 PUs = 5-way SMP)
Charm++> cpu topology info is gathered in 0.001 seconds.
CharmLB> Load balancing instrumentation for communication is off.
Running Task Benchmark
  Configuration:
    Task Graph 1:
      Time Steps: 1000
      Max Width: 4
      Dependence Type: stencil_1d
      Radix: 3
      Period: 0
      Fraction Connected: 0.250000
      Kernel:
        Type: compute_bound
        Iterations: 32
        Samples: 16
        Imbalance: 0.000000
      Output Bytes: 16
      Scratch Bytes: 0
Time for last run: 3.190994e-03
Time for last run: 3.234863e-03
Total Tasks 4000
Total Dependencies 9990
  Unable to estimate local/nonlocal dependencies
Total FLOPs 16640000
Total Bytes 0
Elapsed Time 3.234863e-03 seconds
FLOP/s 5.143958e+09
B/s 0.000000e+00
Transfer (estimated):
  Unable to estimate local/nonlocal transfer
[Partition 0][Node 0] End of program
=== system charm_old pes 4 iter 16 rep 3 ===
Charm++> Running on MPI library: MPI VERSION    : CRAY MPICH version 8.1.32.110 (ANL base 3.4a2)
MPI BUILD INFO : Thu Feb 06 22:53 2025 (git hash f9c5634)
 (MPI standard: 3.1)
Charm++> Level of thread support used: MPI_THREAD_FUNNELED (desired: MPI_THREAD_FUNNELED)
Charm++> Running in SMP mode: 1 processes, 4 worker threads (PEs) + 1 comm threads per process, 4 PEs total
Charm++> The comm. thread both sends and receives messages
Converse/Charm++ Commit ID: v8.0.1-devel-36-g3c3086b33
CharmLB> Load balancer assumes all CPUs are same.
Charm++> cpu affinity enabled. 
Charm++> Running on 1 hosts (2 sockets x 2 cores x 1 PUs = 5-way SMP)
Charm++> cpu topology info is gathered in 0.001 seconds.
CharmLB> Load balancing instrumentation for communication is off.
Running Task Benchmark
  Configuration:
    Task Graph 1:
      Time Steps: 1000
      Max Width: 4
      Dependence Type: stencil_1d
      Radix: 3
      Period: 0
      Fraction Connected: 0.250000
      Kernel:
        Type: compute_bound
        Iterations: 16
        Samples: 16
        Imbalance: 0.000000
      Output Bytes: 16
      Scratch Bytes: 0
Time for last run: 3.063202e-03
Time for last run: 3.072023e-03
Total Tasks 4000
Total Dependencies 9990
  Unable to estimate local/nonlocal dependencies
Total FLOPs 8448000
Total Bytes 0
Elapsed Time 3.072023e-03 seconds
FLOP/s 2.749979e+09
B/s 0.000000e+00
Transfer (estimated):
  Unable to estimate local/nonlocal transfer
[Partition 0][Node 0] End of program
=== system charm_old pes 4 iter 8 rep 3 ===
Charm++> Running on MPI library: MPI VERSION    : CRAY MPICH version 8.1.32.110 (ANL base 3.4a2)
MPI BUILD INFO : Thu Feb 06 22:53 2025 (git hash f9c5634)
 (MPI standard: 3.1)
Charm++> Level of thread support used: MPI_THREAD_FUNNELED (desired: MPI_THREAD_FUNNELED)
Charm++> Running in SMP mode: 1 processes, 4 worker threads (PEs) + 1 comm threads per process, 4 PEs total
Charm++> The comm. thread both sends and receives messages
Converse/Charm++ Commit ID: v8.0.1-devel-36-g3c3086b33
CharmLB> Load balancer assumes all CPUs are same.
Charm++> cpu affinity enabled. 
Charm++> Running on 1 hosts (2 sockets x 2 cores x 1 PUs = 5-way SMP)
Charm++> cpu topology info is gathered in 0.001 seconds.
CharmLB> Load balancing instrumentation for communication is off.
Running Task Benchmark
  Configuration:
    Task Graph 1:
      Time Steps: 1000
      Max Width: 4
      Dependence Type: stencil_1d
      Radix: 3
      Period: 0
      Fraction Connected: 0.250000
      Kernel:
        Type: compute_bound
        Iterations: 8
        Samples: 16
        Imbalance: 0.000000
      Output Bytes: 16
      Scratch Bytes: 0
Time for last run: 3.473043e-03
Time for last run: 3.091812e-03
Total Tasks 4000
Total Dependencies 9990
  Unable to estimate local/nonlocal dependencies
Total FLOPs 4352000
Total Bytes 0
Elapsed Time 3.091812e-03 seconds
FLOP/s 1.407589e+09
B/s 0.000000e+00
Transfer (estimated):
  Unable to estimate local/nonlocal transfer
[Partition 0][Node 0] End of program
=== system charm_old pes 4 iter 4 rep 3 ===
Charm++> Running on MPI library: MPI VERSION    : CRAY MPICH version 8.1.32.110 (ANL base 3.4a2)
MPI BUILD INFO : Thu Feb 06 22:53 2025 (git hash f9c5634)
 (MPI standard: 3.1)
Charm++> Level of thread support used: MPI_THREAD_FUNNELED (desired: MPI_THREAD_FUNNELED)
Charm++> Running in SMP mode: 1 processes, 4 worker threads (PEs) + 1 comm threads per process, 4 PEs total
Charm++> The comm. thread both sends and receives messages
Converse/Charm++ Commit ID: v8.0.1-devel-36-g3c3086b33
CharmLB> Load balancer assumes all CPUs are same.
Charm++> cpu affinity enabled. 
Charm++> Running on 1 hosts (2 sockets x 2 cores x 1 PUs = 5-way SMP)
Charm++> cpu topology info is gathered in 0.001 seconds.
CharmLB> Load balancing instrumentation for communication is off.
Running Task Benchmark
  Configuration:
    Task Graph 1:
      Time Steps: 1000
      Max Width: 4
      Dependence Type: stencil_1d
      Radix: 3
      Period: 0
      Fraction Connected: 0.250000
      Kernel:
        Type: compute_bound
        Iterations: 4
        Samples: 16
        Imbalance: 0.000000
      Output Bytes: 16
      Scratch Bytes: 0
Time for last run: 3.028870e-03
Time for last run: 3.075123e-03
Total Tasks 4000
Total Dependencies 9990
  Unable to estimate local/nonlocal dependencies
Total FLOPs 2304000
Total Bytes 0
Elapsed Time 3.075123e-03 seconds
FLOP/s 7.492384e+08
B/s 0.000000e+00
Transfer (estimated):
  Unable to estimate local/nonlocal transfer
[Partition 0][Node 0] End of program
=== system charm_old pes 4 iter 2 rep 3 ===
Charm++> Running on MPI library: MPI VERSION    : CRAY MPICH version 8.1.32.110 (ANL base 3.4a2)
MPI BUILD INFO : Thu Feb 06 22:53 2025 (git hash f9c5634)
 (MPI standard: 3.1)
Charm++> Level of thread support used: MPI_THREAD_FUNNELED (desired: MPI_THREAD_FUNNELED)
Charm++> Running in SMP mode: 1 processes, 4 worker threads (PEs) + 1 comm threads per process, 4 PEs total
Charm++> The comm. thread both sends and receives messages
Converse/Charm++ Commit ID: v8.0.1-devel-36-g3c3086b33
CharmLB> Load balancer assumes all CPUs are same.
Charm++> cpu affinity enabled. 
Charm++> Running on 1 hosts (2 sockets x 2 cores x 1 PUs = 5-way SMP)
Charm++> cpu topology info is gathered in 0.001 seconds.
CharmLB> Load balancing instrumentation for communication is off.
Running Task Benchmark
  Configuration:
    Task Graph 1:
      Time Steps: 1000
      Max Width: 4
      Dependence Type: stencil_1d
      Radix: 3
      Period: 0
      Fraction Connected: 0.250000
      Kernel:
        Type: compute_bound
        Iterations: 2
        Samples: 16
        Imbalance: 0.000000
      Output Bytes: 16
      Scratch Bytes: 0
Time for last run: 3.047228e-03
Time for last run: 3.098011e-03
Total Tasks 4000
Total Dependencies 9990
  Unable to estimate local/nonlocal dependencies
Total FLOPs 1280000
Total Bytes 0
Elapsed Time 3.098011e-03 seconds
FLOP/s 4.131683e+08
B/s 0.000000e+00
Transfer (estimated):
  Unable to estimate local/nonlocal transfer
[Partition 0][Node 0] End of program
=== system charm_old pes 4 iter 16384 rep 4 ===
Charm++> Running on MPI library: MPI VERSION    : CRAY MPICH version 8.1.32.110 (ANL base 3.4a2)
MPI BUILD INFO : Thu Feb 06 22:53 2025 (git hash f9c5634)
 (MPI standard: 3.1)
Charm++> Level of thread support used: MPI_THREAD_FUNNELED (desired: MPI_THREAD_FUNNELED)
Charm++> Running in SMP mode: 1 processes, 4 worker threads (PEs) + 1 comm threads per process, 4 PEs total
Charm++> The comm. thread both sends and receives messages
Converse/Charm++ Commit ID: v8.0.1-devel-36-g3c3086b33
CharmLB> Load balancer assumes all CPUs are same.
Charm++> cpu affinity enabled. 
Charm++> Running on 1 hosts (2 sockets x 2 cores x 1 PUs = 5-way SMP)
Charm++> cpu topology info is gathered in 0.001 seconds.
CharmLB> Load balancing instrumentation for communication is off.
Running Task Benchmark
  Configuration:
    Task Graph 1:
      Time Steps: 1000
      Max Width: 4
      Dependence Type: stencil_1d
      Radix: 3
      Period: 0
      Fraction Connected: 0.250000
      Kernel:
        Type: compute_bound
        Iterations: 16384
        Samples: 16
        Imbalance: 0.000000
      Output Bytes: 16
      Scratch Bytes: 0
Time for last run: 7.265306e-02
Time for last run: 7.259202e-02
Total Tasks 4000
Total Dependencies 9990
  Unable to estimate local/nonlocal dependencies
Total FLOPs 8388864000
Total Bytes 0
Elapsed Time 7.259202e-02 seconds
FLOP/s 1.155618e+11
B/s 0.000000e+00
Transfer (estimated):
  Unable to estimate local/nonlocal transfer
[Partition 0][Node 0] End of program
=== system charm_old pes 4 iter 8192 rep 4 ===
Charm++> Running on MPI library: MPI VERSION    : CRAY MPICH version 8.1.32.110 (ANL base 3.4a2)
MPI BUILD INFO : Thu Feb 06 22:53 2025 (git hash f9c5634)
 (MPI standard: 3.1)
Charm++> Level of thread support used: MPI_THREAD_FUNNELED (desired: MPI_THREAD_FUNNELED)
Charm++> Running in SMP mode: 1 processes, 4 worker threads (PEs) + 1 comm threads per process, 4 PEs total
Charm++> The comm. thread both sends and receives messages
Converse/Charm++ Commit ID: v8.0.1-devel-36-g3c3086b33
CharmLB> Load balancer assumes all CPUs are same.
Charm++> cpu affinity enabled. 
Charm++> Running on 1 hosts (2 sockets x 2 cores x 1 PUs = 5-way SMP)
Charm++> cpu topology info is gathered in 0.001 seconds.
CharmLB> Load balancing instrumentation for communication is off.
Running Task Benchmark
  Configuration:
    Task Graph 1:
      Time Steps: 1000
      Max Width: 4
      Dependence Type: stencil_1d
      Radix: 3
      Period: 0
      Fraction Connected: 0.250000
      Kernel:
        Type: compute_bound
        Iterations: 8192
        Samples: 16
        Imbalance: 0.000000
      Output Bytes: 16
      Scratch Bytes: 0
Time for last run: 3.679013e-02
Time for last run: 3.673387e-02
Total Tasks 4000
Total Dependencies 9990
  Unable to estimate local/nonlocal dependencies
Total FLOPs 4194560000
Total Bytes 0
Elapsed Time 3.673387e-02 seconds
FLOP/s 1.141878e+11
B/s 0.000000e+00
Transfer (estimated):
  Unable to estimate local/nonlocal transfer
[Partition 0][Node 0] End of program
=== system charm_old pes 4 iter 4096 rep 4 ===
Charm++> Running on MPI library: MPI VERSION    : CRAY MPICH version 8.1.32.110 (ANL base 3.4a2)
MPI BUILD INFO : Thu Feb 06 22:53 2025 (git hash f9c5634)
 (MPI standard: 3.1)
Charm++> Level of thread support used: MPI_THREAD_FUNNELED (desired: MPI_THREAD_FUNNELED)
Charm++> Running in SMP mode: 1 processes, 4 worker threads (PEs) + 1 comm threads per process, 4 PEs total
Charm++> The comm. thread both sends and receives messages
Converse/Charm++ Commit ID: v8.0.1-devel-36-g3c3086b33
CharmLB> Load balancer assumes all CPUs are same.
Charm++> cpu affinity enabled. 
Charm++> Running on 1 hosts (2 sockets x 2 cores x 1 PUs = 5-way SMP)
Charm++> cpu topology info is gathered in 0.001 seconds.
CharmLB> Load balancing instrumentation for communication is off.
Running Task Benchmark
  Configuration:
    Task Graph 1:
      Time Steps: 1000
      Max Width: 4
      Dependence Type: stencil_1d
      Radix: 3
      Period: 0
      Fraction Connected: 0.250000
      Kernel:
        Type: compute_bound
        Iterations: 4096
        Samples: 16
        Imbalance: 0.000000
      Output Bytes: 16
      Scratch Bytes: 0
Time for last run: 1.951098e-02
Time for last run: 1.942801e-02
Total Tasks 4000
Total Dependencies 9990
  Unable to estimate local/nonlocal dependencies
Total FLOPs 2097408000
Total Bytes 0
Elapsed Time 1.942801e-02 seconds
FLOP/s 1.079579e+11
B/s 0.000000e+00
Transfer (estimated):
  Unable to estimate local/nonlocal transfer
[Partition 0][Node 0] End of program
=== system charm_old pes 4 iter 2048 rep 4 ===
Charm++> Running on MPI library: MPI VERSION    : CRAY MPICH version 8.1.32.110 (ANL base 3.4a2)
MPI BUILD INFO : Thu Feb 06 22:53 2025 (git hash f9c5634)
 (MPI standard: 3.1)
Charm++> Level of thread support used: MPI_THREAD_FUNNELED (desired: MPI_THREAD_FUNNELED)
Charm++> Running in SMP mode: 1 processes, 4 worker threads (PEs) + 1 comm threads per process, 4 PEs total
Charm++> The comm. thread both sends and receives messages
Converse/Charm++ Commit ID: v8.0.1-devel-36-g3c3086b33
CharmLB> Load balancer assumes all CPUs are same.
Charm++> cpu affinity enabled. 
Charm++> Running on 1 hosts (2 sockets x 2 cores x 1 PUs = 5-way SMP)
Charm++> cpu topology info is gathered in 0.001 seconds.
CharmLB> Load balancing instrumentation for communication is off.
Running Task Benchmark
  Configuration:
    Task Graph 1:
      Time Steps: 1000
      Max Width: 4
      Dependence Type: stencil_1d
      Radix: 3
      Period: 0
      Fraction Connected: 0.250000
      Kernel:
        Type: compute_bound
        Iterations: 2048
        Samples: 16
        Imbalance: 0.000000
      Output Bytes: 16
      Scratch Bytes: 0
Time for last run: 9.853840e-03
Time for last run: 9.819031e-03
Total Tasks 4000
Total Dependencies 9990
  Unable to estimate local/nonlocal dependencies
Total FLOPs 1048832000
Total Bytes 0
Elapsed Time 9.819031e-03 seconds
FLOP/s 1.068162e+11
B/s 0.000000e+00
Transfer (estimated):
  Unable to estimate local/nonlocal transfer
[Partition 0][Node 0] End of program
=== system charm_old pes 4 iter 1024 rep 4 ===
Charm++> Running on MPI library: MPI VERSION    : CRAY MPICH version 8.1.32.110 (ANL base 3.4a2)
MPI BUILD INFO : Thu Feb 06 22:53 2025 (git hash f9c5634)
 (MPI standard: 3.1)
Charm++> Level of thread support used: MPI_THREAD_FUNNELED (desired: MPI_THREAD_FUNNELED)
Charm++> Running in SMP mode: 1 processes, 4 worker threads (PEs) + 1 comm threads per process, 4 PEs total
Charm++> The comm. thread both sends and receives messages
Converse/Charm++ Commit ID: v8.0.1-devel-36-g3c3086b33
CharmLB> Load balancer assumes all CPUs are same.
Charm++> cpu affinity enabled. 
Charm++> Running on 1 hosts (2 sockets x 2 cores x 1 PUs = 5-way SMP)
Charm++> cpu topology info is gathered in 0.001 seconds.
CharmLB> Load balancing instrumentation for communication is off.
Running Task Benchmark
  Configuration:
    Task Graph 1:
      Time Steps: 1000
      Max Width: 4
      Dependence Type: stencil_1d
      Radix: 3
      Period: 0
      Fraction Connected: 0.250000
      Kernel:
        Type: compute_bound
        Iterations: 1024
        Samples: 16
        Imbalance: 0.000000
      Output Bytes: 16
      Scratch Bytes: 0
Time for last run: 6.656885e-03
Time for last run: 6.587029e-03
Total Tasks 4000
Total Dependencies 9990
  Unable to estimate local/nonlocal dependencies
Total FLOPs 524544000
Total Bytes 0
Elapsed Time 6.587029e-03 seconds
FLOP/s 7.963287e+10
B/s 0.000000e+00
Transfer (estimated):
  Unable to estimate local/nonlocal transfer
[Partition 0][Node 0] End of program
=== system charm_old pes 4 iter 512 rep 4 ===
Charm++> Running on MPI library: MPI VERSION    : CRAY MPICH version 8.1.32.110 (ANL base 3.4a2)
MPI BUILD INFO : Thu Feb 06 22:53 2025 (git hash f9c5634)
 (MPI standard: 3.1)
Charm++> Level of thread support used: MPI_THREAD_FUNNELED (desired: MPI_THREAD_FUNNELED)
Charm++> Running in SMP mode: 1 processes, 4 worker threads (PEs) + 1 comm threads per process, 4 PEs total
Charm++> The comm. thread both sends and receives messages
Converse/Charm++ Commit ID: v8.0.1-devel-36-g3c3086b33
CharmLB> Load balancer assumes all CPUs are same.
Charm++> cpu affinity enabled. 
Charm++> Running on 1 hosts (2 sockets x 2 cores x 1 PUs = 5-way SMP)
Charm++> cpu topology info is gathered in 0.001 seconds.
CharmLB> Load balancing instrumentation for communication is off.
Running Task Benchmark
  Configuration:
    Task Graph 1:
      Time Steps: 1000
      Max Width: 4
      Dependence Type: stencil_1d
      Radix: 3
      Period: 0
      Fraction Connected: 0.250000
      Kernel:
        Type: compute_bound
        Iterations: 512
        Samples: 16
        Imbalance: 0.000000
      Output Bytes: 16
      Scratch Bytes: 0
Time for last run: 4.628181e-03
Time for last run: 4.537106e-03
Total Tasks 4000
Total Dependencies 9990
  Unable to estimate local/nonlocal dependencies
Total FLOPs 262400000
Total Bytes 0
Elapsed Time 4.537106e-03 seconds
FLOP/s 5.783423e+10
B/s 0.000000e+00
Transfer (estimated):
  Unable to estimate local/nonlocal transfer
[Partition 0][Node 0] End of program
=== system charm_old pes 4 iter 256 rep 4 ===
Charm++> Running on MPI library: MPI VERSION    : CRAY MPICH version 8.1.32.110 (ANL base 3.4a2)
MPI BUILD INFO : Thu Feb 06 22:53 2025 (git hash f9c5634)
 (MPI standard: 3.1)
Charm++> Level of thread support used: MPI_THREAD_FUNNELED (desired: MPI_THREAD_FUNNELED)
Charm++> Running in SMP mode: 1 processes, 4 worker threads (PEs) + 1 comm threads per process, 4 PEs total
Charm++> The comm. thread both sends and receives messages
Converse/Charm++ Commit ID: v8.0.1-devel-36-g3c3086b33
CharmLB> Load balancer assumes all CPUs are same.
Charm++> cpu affinity enabled. 
Charm++> Running on 1 hosts (2 sockets x 2 cores x 1 PUs = 5-way SMP)
Charm++> cpu topology info is gathered in 0.001 seconds.
CharmLB> Load balancing instrumentation for communication is off.
Running Task Benchmark
  Configuration:
    Task Graph 1:
      Time Steps: 1000
      Max Width: 4
      Dependence Type: stencil_1d
      Radix: 3
      Period: 0
      Fraction Connected: 0.250000
      Kernel:
        Type: compute_bound
        Iterations: 256
        Samples: 16
        Imbalance: 0.000000
      Output Bytes: 16
      Scratch Bytes: 0
Time for last run: 4.194975e-03
Time for last run: 4.281998e-03
Total Tasks 4000
Total Dependencies 9990
  Unable to estimate local/nonlocal dependencies
Total FLOPs 131328000
Total Bytes 0
Elapsed Time 4.281998e-03 seconds
FLOP/s 3.066980e+10
B/s 0.000000e+00
Transfer (estimated):
  Unable to estimate local/nonlocal transfer
[Partition 0][Node 0] End of program
=== system charm_old pes 4 iter 128 rep 4 ===
Charm++> Running on MPI library: MPI VERSION    : CRAY MPICH version 8.1.32.110 (ANL base 3.4a2)
MPI BUILD INFO : Thu Feb 06 22:53 2025 (git hash f9c5634)
 (MPI standard: 3.1)
Charm++> Level of thread support used: MPI_THREAD_FUNNELED (desired: MPI_THREAD_FUNNELED)
Charm++> Running in SMP mode: 1 processes, 4 worker threads (PEs) + 1 comm threads per process, 4 PEs total
Charm++> The comm. thread both sends and receives messages
Converse/Charm++ Commit ID: v8.0.1-devel-36-g3c3086b33
CharmLB> Load balancer assumes all CPUs are same.
Charm++> cpu affinity enabled. 
Charm++> Running on 1 hosts (2 sockets x 2 cores x 1 PUs = 5-way SMP)
Charm++> cpu topology info is gathered in 0.001 seconds.
CharmLB> Load balancing instrumentation for communication is off.
Running Task Benchmark
  Configuration:
    Task Graph 1:
      Time Steps: 1000
      Max Width: 4
      Dependence Type: stencil_1d
      Radix: 3
      Period: 0
      Fraction Connected: 0.250000
      Kernel:
        Type: compute_bound
        Iterations: 128
        Samples: 16
        Imbalance: 0.000000
      Output Bytes: 16
      Scratch Bytes: 0
Time for last run: 3.909111e-03
Time for last run: 3.916979e-03
Total Tasks 4000
Total Dependencies 9990
  Unable to estimate local/nonlocal dependencies
Total FLOPs 65792000
Total Bytes 0
Elapsed Time 3.916979e-03 seconds
FLOP/s 1.679662e+10
B/s 0.000000e+00
Transfer (estimated):
  Unable to estimate local/nonlocal transfer
[Partition 0][Node 0] End of program
=== system charm_old pes 4 iter 64 rep 4 ===
Charm++> Running on MPI library: MPI VERSION    : CRAY MPICH version 8.1.32.110 (ANL base 3.4a2)
MPI BUILD INFO : Thu Feb 06 22:53 2025 (git hash f9c5634)
 (MPI standard: 3.1)
Charm++> Level of thread support used: MPI_THREAD_FUNNELED (desired: MPI_THREAD_FUNNELED)
Charm++> Running in SMP mode: 1 processes, 4 worker threads (PEs) + 1 comm threads per process, 4 PEs total
Charm++> The comm. thread both sends and receives messages
Converse/Charm++ Commit ID: v8.0.1-devel-36-g3c3086b33
CharmLB> Load balancer assumes all CPUs are same.
Charm++> cpu affinity enabled. 
Charm++> Running on 1 hosts (2 sockets x 2 cores x 1 PUs = 5-way SMP)
Charm++> cpu topology info is gathered in 0.001 seconds.
CharmLB> Load balancing instrumentation for communication is off.
Running Task Benchmark
  Configuration:
    Task Graph 1:
      Time Steps: 1000
      Max Width: 4
      Dependence Type: stencil_1d
      Radix: 3
      Period: 0
      Fraction Connected: 0.250000
      Kernel:
        Type: compute_bound
        Iterations: 64
        Samples: 16
        Imbalance: 0.000000
      Output Bytes: 16
      Scratch Bytes: 0
Time for last run: 3.769875e-03
Time for last run: 3.768921e-03
Total Tasks 4000
Total Dependencies 9990
  Unable to estimate local/nonlocal dependencies
Total FLOPs 33024000
Total Bytes 0
Elapsed Time 3.768921e-03 seconds
FLOP/s 8.762190e+09
B/s 0.000000e+00
Transfer (estimated):
  Unable to estimate local/nonlocal transfer
[Partition 0][Node 0] End of program
=== system charm_old pes 4 iter 32 rep 4 ===
Charm++> Running on MPI library: MPI VERSION    : CRAY MPICH version 8.1.32.110 (ANL base 3.4a2)
MPI BUILD INFO : Thu Feb 06 22:53 2025 (git hash f9c5634)
 (MPI standard: 3.1)
Charm++> Level of thread support used: MPI_THREAD_FUNNELED (desired: MPI_THREAD_FUNNELED)
Charm++> Running in SMP mode: 1 processes, 4 worker threads (PEs) + 1 comm threads per process, 4 PEs total
Charm++> The comm. thread both sends and receives messages
Converse/Charm++ Commit ID: v8.0.1-devel-36-g3c3086b33
CharmLB> Load balancer assumes all CPUs are same.
Charm++> cpu affinity enabled. 
Charm++> Running on 1 hosts (2 sockets x 2 cores x 1 PUs = 5-way SMP)
Charm++> cpu topology info is gathered in 0.001 seconds.
CharmLB> Load balancing instrumentation for communication is off.
Running Task Benchmark
  Configuration:
    Task Graph 1:
      Time Steps: 1000
      Max Width: 4
      Dependence Type: stencil_1d
      Radix: 3
      Period: 0
      Fraction Connected: 0.250000
      Kernel:
        Type: compute_bound
        Iterations: 32
        Samples: 16
        Imbalance: 0.000000
      Output Bytes: 16
      Scratch Bytes: 0
Time for last run: 3.329992e-03
Time for last run: 3.155947e-03
Total Tasks 4000
Total Dependencies 9990
  Unable to estimate local/nonlocal dependencies
Total FLOPs 16640000
Total Bytes 0
Elapsed Time 3.155947e-03 seconds
FLOP/s 5.272586e+09
B/s 0.000000e+00
Transfer (estimated):
  Unable to estimate local/nonlocal transfer
[Partition 0][Node 0] End of program
=== system charm_old pes 4 iter 16 rep 4 ===
Charm++> Running on MPI library: MPI VERSION    : CRAY MPICH version 8.1.32.110 (ANL base 3.4a2)
MPI BUILD INFO : Thu Feb 06 22:53 2025 (git hash f9c5634)
 (MPI standard: 3.1)
Charm++> Level of thread support used: MPI_THREAD_FUNNELED (desired: MPI_THREAD_FUNNELED)
Charm++> Running in SMP mode: 1 processes, 4 worker threads (PEs) + 1 comm threads per process, 4 PEs total
Charm++> The comm. thread both sends and receives messages
Converse/Charm++ Commit ID: v8.0.1-devel-36-g3c3086b33
CharmLB> Load balancer assumes all CPUs are same.
Charm++> cpu affinity enabled. 
Charm++> Running on 1 hosts (2 sockets x 2 cores x 1 PUs = 5-way SMP)
Charm++> cpu topology info is gathered in 0.001 seconds.
CharmLB> Load balancing instrumentation for communication is off.
Running Task Benchmark
  Configuration:
    Task Graph 1:
      Time Steps: 1000
      Max Width: 4
      Dependence Type: stencil_1d
      Radix: 3
      Period: 0
      Fraction Connected: 0.250000
      Kernel:
        Type: compute_bound
        Iterations: 16
        Samples: 16
        Imbalance: 0.000000
      Output Bytes: 16
      Scratch Bytes: 0
Time for last run: 3.108978e-03
Time for last run: 3.180981e-03
Total Tasks 4000
Total Dependencies 9990
  Unable to estimate local/nonlocal dependencies
Total FLOPs 8448000
Total Bytes 0
Elapsed Time 3.180981e-03 seconds
FLOP/s 2.655785e+09
B/s 0.000000e+00
Transfer (estimated):
  Unable to estimate local/nonlocal transfer
[Partition 0][Node 0] End of program
=== system charm_old pes 4 iter 8 rep 4 ===
Charm++> Running on MPI library: MPI VERSION    : CRAY MPICH version 8.1.32.110 (ANL base 3.4a2)
MPI BUILD INFO : Thu Feb 06 22:53 2025 (git hash f9c5634)
 (MPI standard: 3.1)
Charm++> Level of thread support used: MPI_THREAD_FUNNELED (desired: MPI_THREAD_FUNNELED)
Charm++> Running in SMP mode: 1 processes, 4 worker threads (PEs) + 1 comm threads per process, 4 PEs total
Charm++> The comm. thread both sends and receives messages
Converse/Charm++ Commit ID: v8.0.1-devel-36-g3c3086b33
CharmLB> Load balancer assumes all CPUs are same.
Charm++> cpu affinity enabled. 
Charm++> Running on 1 hosts (2 sockets x 2 cores x 1 PUs = 5-way SMP)
Charm++> cpu topology info is gathered in 0.001 seconds.
CharmLB> Load balancing instrumentation for communication is off.
Running Task Benchmark
  Configuration:
    Task Graph 1:
      Time Steps: 1000
      Max Width: 4
      Dependence Type: stencil_1d
      Radix: 3
      Period: 0
      Fraction Connected: 0.250000
      Kernel:
        Type: compute_bound
        Iterations: 8
        Samples: 16
        Imbalance: 0.000000
      Output Bytes: 16
      Scratch Bytes: 0
Time for last run: 3.014088e-03
Time for last run: 3.089905e-03
Total Tasks 4000
Total Dependencies 9990
  Unable to estimate local/nonlocal dependencies
Total FLOPs 4352000
Total Bytes 0
Elapsed Time 3.089905e-03 seconds
FLOP/s 1.408458e+09
B/s 0.000000e+00
Transfer (estimated):
  Unable to estimate local/nonlocal transfer
[Partition 0][Node 0] End of program
=== system charm_old pes 4 iter 4 rep 4 ===
Charm++> Running on MPI library: MPI VERSION    : CRAY MPICH version 8.1.32.110 (ANL base 3.4a2)
MPI BUILD INFO : Thu Feb 06 22:53 2025 (git hash f9c5634)
 (MPI standard: 3.1)
Charm++> Level of thread support used: MPI_THREAD_FUNNELED (desired: MPI_THREAD_FUNNELED)
Charm++> Running in SMP mode: 1 processes, 4 worker threads (PEs) + 1 comm threads per process, 4 PEs total
Charm++> The comm. thread both sends and receives messages
Converse/Charm++ Commit ID: v8.0.1-devel-36-g3c3086b33
CharmLB> Load balancer assumes all CPUs are same.
Charm++> cpu affinity enabled. 
Charm++> Running on 1 hosts (2 sockets x 2 cores x 1 PUs = 5-way SMP)
Charm++> cpu topology info is gathered in 0.001 seconds.
CharmLB> Load balancing instrumentation for communication is off.
Running Task Benchmark
  Configuration:
    Task Graph 1:
      Time Steps: 1000
      Max Width: 4
      Dependence Type: stencil_1d
      Radix: 3
      Period: 0
      Fraction Connected: 0.250000
      Kernel:
        Type: compute_bound
        Iterations: 4
        Samples: 16
        Imbalance: 0.000000
      Output Bytes: 16
      Scratch Bytes: 0
Time for last run: 3.021002e-03
Time for last run: 3.144979e-03
Total Tasks 4000
Total Dependencies 9990
  Unable to estimate local/nonlocal dependencies
Total FLOPs 2304000
Total Bytes 0
Elapsed Time 3.144979e-03 seconds
FLOP/s 7.325962e+08
B/s 0.000000e+00
Transfer (estimated):
  Unable to estimate local/nonlocal transfer
[Partition 0][Node 0] End of program
=== system charm_old pes 4 iter 2 rep 4 ===
Charm++> Running on MPI library: MPI VERSION    : CRAY MPICH version 8.1.32.110 (ANL base 3.4a2)
MPI BUILD INFO : Thu Feb 06 22:53 2025 (git hash f9c5634)
 (MPI standard: 3.1)
Charm++> Level of thread support used: MPI_THREAD_FUNNELED (desired: MPI_THREAD_FUNNELED)
Charm++> Running in SMP mode: 1 processes, 4 worker threads (PEs) + 1 comm threads per process, 4 PEs total
Charm++> The comm. thread both sends and receives messages
Converse/Charm++ Commit ID: v8.0.1-devel-36-g3c3086b33
CharmLB> Load balancer assumes all CPUs are same.
Charm++> cpu affinity enabled. 
Charm++> Running on 1 hosts (2 sockets x 2 cores x 1 PUs = 5-way SMP)
Charm++> cpu topology info is gathered in 0.001 seconds.
CharmLB> Load balancing instrumentation for communication is off.
Running Task Benchmark
  Configuration:
    Task Graph 1:
      Time Steps: 1000
      Max Width: 4
      Dependence Type: stencil_1d
      Radix: 3
      Period: 0
      Fraction Connected: 0.250000
      Kernel:
        Type: compute_bound
        Iterations: 2
        Samples: 16
        Imbalance: 0.000000
      Output Bytes: 16
      Scratch Bytes: 0
Time for last run: 3.408194e-03
Time for last run: 3.394127e-03
Total Tasks 4000
Total Dependencies 9990
  Unable to estimate local/nonlocal dependencies
Total FLOPs 1280000
Total Bytes 0
Elapsed Time 3.394127e-03 seconds
FLOP/s 3.771220e+08
B/s 0.000000e+00
Transfer (estimated):
  Unable to estimate local/nonlocal transfer
[Partition 0][Node 0] End of program
=== system charm_old pes 4 iter 16384 rep 5 ===
Charm++> Running on MPI library: MPI VERSION    : CRAY MPICH version 8.1.32.110 (ANL base 3.4a2)
MPI BUILD INFO : Thu Feb 06 22:53 2025 (git hash f9c5634)
 (MPI standard: 3.1)
Charm++> Level of thread support used: MPI_THREAD_FUNNELED (desired: MPI_THREAD_FUNNELED)
Charm++> Running in SMP mode: 1 processes, 4 worker threads (PEs) + 1 comm threads per process, 4 PEs total
Charm++> The comm. thread both sends and receives messages
Converse/Charm++ Commit ID: v8.0.1-devel-36-g3c3086b33
CharmLB> Load balancer assumes all CPUs are same.
Charm++> cpu affinity enabled. 
Charm++> Running on 1 hosts (2 sockets x 2 cores x 1 PUs = 5-way SMP)
Charm++> cpu topology info is gathered in 0.001 seconds.
CharmLB> Load balancing instrumentation for communication is off.
Running Task Benchmark
  Configuration:
    Task Graph 1:
      Time Steps: 1000
      Max Width: 4
      Dependence Type: stencil_1d
      Radix: 3
      Period: 0
      Fraction Connected: 0.250000
      Kernel:
        Type: compute_bound
        Iterations: 16384
        Samples: 16
        Imbalance: 0.000000
      Output Bytes: 16
      Scratch Bytes: 0
Time for last run: 7.153893e-02
Time for last run: 7.125378e-02
Total Tasks 4000
Total Dependencies 9990
  Unable to estimate local/nonlocal dependencies
Total FLOPs 8388864000
Total Bytes 0
Elapsed Time 7.125378e-02 seconds
FLOP/s 1.177322e+11
B/s 0.000000e+00
Transfer (estimated):
  Unable to estimate local/nonlocal transfer
[Partition 0][Node 0] End of program
=== system charm_old pes 4 iter 8192 rep 5 ===
Charm++> Running on MPI library: MPI VERSION    : CRAY MPICH version 8.1.32.110 (ANL base 3.4a2)
MPI BUILD INFO : Thu Feb 06 22:53 2025 (git hash f9c5634)
 (MPI standard: 3.1)
Charm++> Level of thread support used: MPI_THREAD_FUNNELED (desired: MPI_THREAD_FUNNELED)
Charm++> Running in SMP mode: 1 processes, 4 worker threads (PEs) + 1 comm threads per process, 4 PEs total
Charm++> The comm. thread both sends and receives messages
Converse/Charm++ Commit ID: v8.0.1-devel-36-g3c3086b33
CharmLB> Load balancer assumes all CPUs are same.
Charm++> cpu affinity enabled. 
Charm++> Running on 1 hosts (2 sockets x 2 cores x 1 PUs = 5-way SMP)
Charm++> cpu topology info is gathered in 0.001 seconds.
CharmLB> Load balancing instrumentation for communication is off.
Running Task Benchmark
  Configuration:
    Task Graph 1:
      Time Steps: 1000
      Max Width: 4
      Dependence Type: stencil_1d
      Radix: 3
      Period: 0
      Fraction Connected: 0.250000
      Kernel:
        Type: compute_bound
        Iterations: 8192
        Samples: 16
        Imbalance: 0.000000
      Output Bytes: 16
      Scratch Bytes: 0
Time for last run: 3.083110e-02
Time for last run: 3.080797e-02
Total Tasks 4000
Total Dependencies 9990
  Unable to estimate local/nonlocal dependencies
Total FLOPs 4194560000
Total Bytes 0
Elapsed Time 3.080797e-02 seconds
FLOP/s 1.361518e+11
B/s 0.000000e+00
Transfer (estimated):
  Unable to estimate local/nonlocal transfer
[Partition 0][Node 0] End of program
=== system charm_old pes 4 iter 4096 rep 5 ===
Charm++> Running on MPI library: MPI VERSION    : CRAY MPICH version 8.1.32.110 (ANL base 3.4a2)
MPI BUILD INFO : Thu Feb 06 22:53 2025 (git hash f9c5634)
 (MPI standard: 3.1)
Charm++> Level of thread support used: MPI_THREAD_FUNNELED (desired: MPI_THREAD_FUNNELED)
Charm++> Running in SMP mode: 1 processes, 4 worker threads (PEs) + 1 comm threads per process, 4 PEs total
Charm++> The comm. thread both sends and receives messages
Converse/Charm++ Commit ID: v8.0.1-devel-36-g3c3086b33
CharmLB> Load balancer assumes all CPUs are same.
Charm++> cpu affinity enabled. 
Charm++> Running on 1 hosts (2 sockets x 2 cores x 1 PUs = 5-way SMP)
Charm++> cpu topology info is gathered in 0.001 seconds.
CharmLB> Load balancing instrumentation for communication is off.
Running Task Benchmark
  Configuration:
    Task Graph 1:
      Time Steps: 1000
      Max Width: 4
      Dependence Type: stencil_1d
      Radix: 3
      Period: 0
      Fraction Connected: 0.250000
      Kernel:
        Type: compute_bound
        Iterations: 4096
        Samples: 16
        Imbalance: 0.000000
      Output Bytes: 16
      Scratch Bytes: 0
Time for last run: 2.054214e-02
Time for last run: 2.056599e-02
Total Tasks 4000
Total Dependencies 9990
  Unable to estimate local/nonlocal dependencies
Total FLOPs 2097408000
Total Bytes 0
Elapsed Time 2.056599e-02 seconds
FLOP/s 1.019843e+11
B/s 0.000000e+00
Transfer (estimated):
  Unable to estimate local/nonlocal transfer
[Partition 0][Node 0] End of program
=== system charm_old pes 4 iter 2048 rep 5 ===
Charm++> Running on MPI library: MPI VERSION    : CRAY MPICH version 8.1.32.110 (ANL base 3.4a2)
MPI BUILD INFO : Thu Feb 06 22:53 2025 (git hash f9c5634)
 (MPI standard: 3.1)
Charm++> Level of thread support used: MPI_THREAD_FUNNELED (desired: MPI_THREAD_FUNNELED)
Charm++> Running in SMP mode: 1 processes, 4 worker threads (PEs) + 1 comm threads per process, 4 PEs total
Charm++> The comm. thread both sends and receives messages
Converse/Charm++ Commit ID: v8.0.1-devel-36-g3c3086b33
CharmLB> Load balancer assumes all CPUs are same.
Charm++> cpu affinity enabled. 
Charm++> Running on 1 hosts (2 sockets x 2 cores x 1 PUs = 5-way SMP)
Charm++> cpu topology info is gathered in 0.001 seconds.
CharmLB> Load balancing instrumentation for communication is off.
Running Task Benchmark
  Configuration:
    Task Graph 1:
      Time Steps: 1000
      Max Width: 4
      Dependence Type: stencil_1d
      Radix: 3
      Period: 0
      Fraction Connected: 0.250000
      Kernel:
        Type: compute_bound
        Iterations: 2048
        Samples: 16
        Imbalance: 0.000000
      Output Bytes: 16
      Scratch Bytes: 0
Time for last run: 1.086593e-02
Time for last run: 1.076293e-02
Total Tasks 4000
Total Dependencies 9990
  Unable to estimate local/nonlocal dependencies
Total FLOPs 1048832000
Total Bytes 0
Elapsed Time 1.076293e-02 seconds
FLOP/s 9.744856e+10
B/s 0.000000e+00
Transfer (estimated):
  Unable to estimate local/nonlocal transfer
[Partition 0][Node 0] End of program
=== system charm_old pes 4 iter 1024 rep 5 ===
Charm++> Running on MPI library: MPI VERSION    : CRAY MPICH version 8.1.32.110 (ANL base 3.4a2)
MPI BUILD INFO : Thu Feb 06 22:53 2025 (git hash f9c5634)
 (MPI standard: 3.1)
Charm++> Level of thread support used: MPI_THREAD_FUNNELED (desired: MPI_THREAD_FUNNELED)
Charm++> Running in SMP mode: 1 processes, 4 worker threads (PEs) + 1 comm threads per process, 4 PEs total
Charm++> The comm. thread both sends and receives messages
Converse/Charm++ Commit ID: v8.0.1-devel-36-g3c3086b33
CharmLB> Load balancer assumes all CPUs are same.
Charm++> cpu affinity enabled. 
Charm++> Running on 1 hosts (2 sockets x 2 cores x 1 PUs = 5-way SMP)
Charm++> cpu topology info is gathered in 0.001 seconds.
CharmLB> Load balancing instrumentation for communication is off.
Running Task Benchmark
  Configuration:
    Task Graph 1:
      Time Steps: 1000
      Max Width: 4
      Dependence Type: stencil_1d
      Radix: 3
      Period: 0
      Fraction Connected: 0.250000
      Kernel:
        Type: compute_bound
        Iterations: 1024
        Samples: 16
        Imbalance: 0.000000
      Output Bytes: 16
      Scratch Bytes: 0
Time for last run: 7.513046e-03
Time for last run: 7.876873e-03
Total Tasks 4000
Total Dependencies 9990
  Unable to estimate local/nonlocal dependencies
Total FLOPs 524544000
Total Bytes 0
Elapsed Time 7.876873e-03 seconds
FLOP/s 6.659292e+10
B/s 0.000000e+00
Transfer (estimated):
  Unable to estimate local/nonlocal transfer
[Partition 0][Node 0] End of program
=== system charm_old pes 4 iter 512 rep 5 ===
Charm++> Running on MPI library: MPI VERSION    : CRAY MPICH version 8.1.32.110 (ANL base 3.4a2)
MPI BUILD INFO : Thu Feb 06 22:53 2025 (git hash f9c5634)
 (MPI standard: 3.1)
Charm++> Level of thread support used: MPI_THREAD_FUNNELED (desired: MPI_THREAD_FUNNELED)
Charm++> Running in SMP mode: 1 processes, 4 worker threads (PEs) + 1 comm threads per process, 4 PEs total
Charm++> The comm. thread both sends and receives messages
Converse/Charm++ Commit ID: v8.0.1-devel-36-g3c3086b33
CharmLB> Load balancer assumes all CPUs are same.
Charm++> cpu affinity enabled. 
Charm++> Running on 1 hosts (2 sockets x 2 cores x 1 PUs = 5-way SMP)
Charm++> cpu topology info is gathered in 0.001 seconds.
CharmLB> Load balancing instrumentation for communication is off.
Running Task Benchmark
  Configuration:
    Task Graph 1:
      Time Steps: 1000
      Max Width: 4
      Dependence Type: stencil_1d
      Radix: 3
      Period: 0
      Fraction Connected: 0.250000
      Kernel:
        Type: compute_bound
        Iterations: 512
        Samples: 16
        Imbalance: 0.000000
      Output Bytes: 16
      Scratch Bytes: 0
Time for last run: 4.688978e-03
Time for last run: 4.504919e-03
Total Tasks 4000
Total Dependencies 9990
  Unable to estimate local/nonlocal dependencies
Total FLOPs 262400000
Total Bytes 0
Elapsed Time 4.504919e-03 seconds
FLOP/s 5.824744e+10
B/s 0.000000e+00
Transfer (estimated):
  Unable to estimate local/nonlocal transfer
[Partition 0][Node 0] End of program
=== system charm_old pes 4 iter 256 rep 5 ===
Charm++> Running on MPI library: MPI VERSION    : CRAY MPICH version 8.1.32.110 (ANL base 3.4a2)
MPI BUILD INFO : Thu Feb 06 22:53 2025 (git hash f9c5634)
 (MPI standard: 3.1)
Charm++> Level of thread support used: MPI_THREAD_FUNNELED (desired: MPI_THREAD_FUNNELED)
Charm++> Running in SMP mode: 1 processes, 4 worker threads (PEs) + 1 comm threads per process, 4 PEs total
Charm++> The comm. thread both sends and receives messages
Converse/Charm++ Commit ID: v8.0.1-devel-36-g3c3086b33
CharmLB> Load balancer assumes all CPUs are same.
Charm++> cpu affinity enabled. 
Charm++> Running on 1 hosts (2 sockets x 2 cores x 1 PUs = 5-way SMP)
Charm++> cpu topology info is gathered in 0.001 seconds.
CharmLB> Load balancing instrumentation for communication is off.
Running Task Benchmark
  Configuration:
    Task Graph 1:
      Time Steps: 1000
      Max Width: 4
      Dependence Type: stencil_1d
      Radix: 3
      Period: 0
      Fraction Connected: 0.250000
      Kernel:
        Type: compute_bound
        Iterations: 256
        Samples: 16
        Imbalance: 0.000000
      Output Bytes: 16
      Scratch Bytes: 0
Time for last run: 3.784895e-03
Time for last run: 3.790855e-03
Total Tasks 4000
Total Dependencies 9990
  Unable to estimate local/nonlocal dependencies
Total FLOPs 131328000
Total Bytes 0
Elapsed Time 3.790855e-03 seconds
FLOP/s 3.464337e+10
B/s 0.000000e+00
Transfer (estimated):
  Unable to estimate local/nonlocal transfer
[Partition 0][Node 0] End of program
=== system charm_old pes 4 iter 128 rep 5 ===
Charm++> Running on MPI library: MPI VERSION    : CRAY MPICH version 8.1.32.110 (ANL base 3.4a2)
MPI BUILD INFO : Thu Feb 06 22:53 2025 (git hash f9c5634)
 (MPI standard: 3.1)
Charm++> Level of thread support used: MPI_THREAD_FUNNELED (desired: MPI_THREAD_FUNNELED)
Charm++> Running in SMP mode: 1 processes, 4 worker threads (PEs) + 1 comm threads per process, 4 PEs total
Charm++> The comm. thread both sends and receives messages
Converse/Charm++ Commit ID: v8.0.1-devel-36-g3c3086b33
CharmLB> Load balancer assumes all CPUs are same.
Charm++> cpu affinity enabled. 
Charm++> Running on 1 hosts (2 sockets x 2 cores x 1 PUs = 5-way SMP)
Charm++> cpu topology info is gathered in 0.001 seconds.
CharmLB> Load balancing instrumentation for communication is off.
Running Task Benchmark
  Configuration:
    Task Graph 1:
      Time Steps: 1000
      Max Width: 4
      Dependence Type: stencil_1d
      Radix: 3
      Period: 0
      Fraction Connected: 0.250000
      Kernel:
        Type: compute_bound
        Iterations: 128
        Samples: 16
        Imbalance: 0.000000
      Output Bytes: 16
      Scratch Bytes: 0
Time for last run: 3.341913e-03
Time for last run: 3.432989e-03
Total Tasks 4000
Total Dependencies 9990
  Unable to estimate local/nonlocal dependencies
Total FLOPs 65792000
Total Bytes 0
Elapsed Time 3.432989e-03 seconds
FLOP/s 1.916464e+10
B/s 0.000000e+00
Transfer (estimated):
  Unable to estimate local/nonlocal transfer
[Partition 0][Node 0] End of program
=== system charm_old pes 4 iter 64 rep 5 ===
Charm++> Running on MPI library: MPI VERSION    : CRAY MPICH version 8.1.32.110 (ANL base 3.4a2)
MPI BUILD INFO : Thu Feb 06 22:53 2025 (git hash f9c5634)
 (MPI standard: 3.1)
Charm++> Level of thread support used: MPI_THREAD_FUNNELED (desired: MPI_THREAD_FUNNELED)
Charm++> Running in SMP mode: 1 processes, 4 worker threads (PEs) + 1 comm threads per process, 4 PEs total
Charm++> The comm. thread both sends and receives messages
Converse/Charm++ Commit ID: v8.0.1-devel-36-g3c3086b33
CharmLB> Load balancer assumes all CPUs are same.
Charm++> cpu affinity enabled. 
Charm++> Running on 1 hosts (2 sockets x 2 cores x 1 PUs = 5-way SMP)
Charm++> cpu topology info is gathered in 0.001 seconds.
CharmLB> Load balancing instrumentation for communication is off.
Running Task Benchmark
  Configuration:
    Task Graph 1:
      Time Steps: 1000
      Max Width: 4
      Dependence Type: stencil_1d
      Radix: 3
      Period: 0
      Fraction Connected: 0.250000
      Kernel:
        Type: compute_bound
        Iterations: 64
        Samples: 16
        Imbalance: 0.000000
      Output Bytes: 16
      Scratch Bytes: 0
Time for last run: 3.184080e-03
Time for last run: 3.218889e-03
Total Tasks 4000
Total Dependencies 9990
  Unable to estimate local/nonlocal dependencies
Total FLOPs 33024000
Total Bytes 0
Elapsed Time 3.218889e-03 seconds
FLOP/s 1.025944e+10
B/s 0.000000e+00
Transfer (estimated):
  Unable to estimate local/nonlocal transfer
[Partition 0][Node 0] End of program
=== system charm_old pes 4 iter 32 rep 5 ===
Charm++> Running on MPI library: MPI VERSION    : CRAY MPICH version 8.1.32.110 (ANL base 3.4a2)
MPI BUILD INFO : Thu Feb 06 22:53 2025 (git hash f9c5634)
 (MPI standard: 3.1)
Charm++> Level of thread support used: MPI_THREAD_FUNNELED (desired: MPI_THREAD_FUNNELED)
Charm++> Running in SMP mode: 1 processes, 4 worker threads (PEs) + 1 comm threads per process, 4 PEs total
Charm++> The comm. thread both sends and receives messages
Converse/Charm++ Commit ID: v8.0.1-devel-36-g3c3086b33
CharmLB> Load balancer assumes all CPUs are same.
Charm++> cpu affinity enabled. 
Charm++> Running on 1 hosts (2 sockets x 2 cores x 1 PUs = 5-way SMP)
Charm++> cpu topology info is gathered in 0.001 seconds.
CharmLB> Load balancing instrumentation for communication is off.
Running Task Benchmark
  Configuration:
    Task Graph 1:
      Time Steps: 1000
      Max Width: 4
      Dependence Type: stencil_1d
      Radix: 3
      Period: 0
      Fraction Connected: 0.250000
      Kernel:
        Type: compute_bound
        Iterations: 32
        Samples: 16
        Imbalance: 0.000000
      Output Bytes: 16
      Scratch Bytes: 0
Time for last run: 3.076077e-03
Time for last run: 3.187895e-03
Total Tasks 4000
Total Dependencies 9990
  Unable to estimate local/nonlocal dependencies
Total FLOPs 16640000
Total Bytes 0
Elapsed Time 3.187895e-03 seconds
FLOP/s 5.219746e+09
B/s 0.000000e+00
Transfer (estimated):
  Unable to estimate local/nonlocal transfer
[Partition 0][Node 0] End of program
=== system charm_old pes 4 iter 16 rep 5 ===
Charm++> Running on MPI library: MPI VERSION    : CRAY MPICH version 8.1.32.110 (ANL base 3.4a2)
MPI BUILD INFO : Thu Feb 06 22:53 2025 (git hash f9c5634)
 (MPI standard: 3.1)
Charm++> Level of thread support used: MPI_THREAD_FUNNELED (desired: MPI_THREAD_FUNNELED)
Charm++> Running in SMP mode: 1 processes, 4 worker threads (PEs) + 1 comm threads per process, 4 PEs total
Charm++> The comm. thread both sends and receives messages
Converse/Charm++ Commit ID: v8.0.1-devel-36-g3c3086b33
CharmLB> Load balancer assumes all CPUs are same.
Charm++> cpu affinity enabled. 
Charm++> Running on 1 hosts (2 sockets x 2 cores x 1 PUs = 5-way SMP)
Charm++> cpu topology info is gathered in 0.001 seconds.
CharmLB> Load balancing instrumentation for communication is off.
Running Task Benchmark
  Configuration:
    Task Graph 1:
      Time Steps: 1000
      Max Width: 4
      Dependence Type: stencil_1d
      Radix: 3
      Period: 0
      Fraction Connected: 0.250000
      Kernel:
        Type: compute_bound
        Iterations: 16
        Samples: 16
        Imbalance: 0.000000
      Output Bytes: 16
      Scratch Bytes: 0
Time for last run: 3.094196e-03
Time for last run: 3.203869e-03
Total Tasks 4000
Total Dependencies 9990
  Unable to estimate local/nonlocal dependencies
Total FLOPs 8448000
Total Bytes 0
Elapsed Time 3.203869e-03 seconds
FLOP/s 2.636812e+09
B/s 0.000000e+00
Transfer (estimated):
  Unable to estimate local/nonlocal transfer
[Partition 0][Node 0] End of program
=== system charm_old pes 4 iter 8 rep 5 ===
Charm++> Running on MPI library: MPI VERSION    : CRAY MPICH version 8.1.32.110 (ANL base 3.4a2)
MPI BUILD INFO : Thu Feb 06 22:53 2025 (git hash f9c5634)
 (MPI standard: 3.1)
Charm++> Level of thread support used: MPI_THREAD_FUNNELED (desired: MPI_THREAD_FUNNELED)
Charm++> Running in SMP mode: 1 processes, 4 worker threads (PEs) + 1 comm threads per process, 4 PEs total
Charm++> The comm. thread both sends and receives messages
Converse/Charm++ Commit ID: v8.0.1-devel-36-g3c3086b33
CharmLB> Load balancer assumes all CPUs are same.
Charm++> cpu affinity enabled. 
Charm++> Running on 1 hosts (2 sockets x 2 cores x 1 PUs = 5-way SMP)
Charm++> cpu topology info is gathered in 0.001 seconds.
CharmLB> Load balancing instrumentation for communication is off.
Running Task Benchmark
  Configuration:
    Task Graph 1:
      Time Steps: 1000
      Max Width: 4
      Dependence Type: stencil_1d
      Radix: 3
      Period: 0
      Fraction Connected: 0.250000
      Kernel:
        Type: compute_bound
        Iterations: 8
        Samples: 16
        Imbalance: 0.000000
      Output Bytes: 16
      Scratch Bytes: 0
Time for last run: 3.206015e-03
Time for last run: 3.091097e-03
Total Tasks 4000
Total Dependencies 9990
  Unable to estimate local/nonlocal dependencies
Total FLOPs 4352000
Total Bytes 0
Elapsed Time 3.091097e-03 seconds
FLOP/s 1.407914e+09
B/s 0.000000e+00
Transfer (estimated):
  Unable to estimate local/nonlocal transfer
[Partition 0][Node 0] End of program
=== system charm_old pes 4 iter 4 rep 5 ===
Charm++> Running on MPI library: MPI VERSION    : CRAY MPICH version 8.1.32.110 (ANL base 3.4a2)
MPI BUILD INFO : Thu Feb 06 22:53 2025 (git hash f9c5634)
 (MPI standard: 3.1)
Charm++> Level of thread support used: MPI_THREAD_FUNNELED (desired: MPI_THREAD_FUNNELED)
Charm++> Running in SMP mode: 1 processes, 4 worker threads (PEs) + 1 comm threads per process, 4 PEs total
Charm++> The comm. thread both sends and receives messages
Converse/Charm++ Commit ID: v8.0.1-devel-36-g3c3086b33
CharmLB> Load balancer assumes all CPUs are same.
Charm++> cpu affinity enabled. 
Charm++> Running on 1 hosts (2 sockets x 2 cores x 1 PUs = 5-way SMP)
Charm++> cpu topology info is gathered in 0.001 seconds.
CharmLB> Load balancing instrumentation for communication is off.
Running Task Benchmark
  Configuration:
    Task Graph 1:
      Time Steps: 1000
      Max Width: 4
      Dependence Type: stencil_1d
      Radix: 3
      Period: 0
      Fraction Connected: 0.250000
      Kernel:
        Type: compute_bound
        Iterations: 4
        Samples: 16
        Imbalance: 0.000000
      Output Bytes: 16
      Scratch Bytes: 0
Time for last run: 3.036022e-03
Time for last run: 3.059864e-03
Total Tasks 4000
Total Dependencies 9990
  Unable to estimate local/nonlocal dependencies
Total FLOPs 2304000
Total Bytes 0
Elapsed Time 3.059864e-03 seconds
FLOP/s 7.529746e+08
B/s 0.000000e+00
Transfer (estimated):
  Unable to estimate local/nonlocal transfer
[Partition 0][Node 0] End of program
=== system charm_old pes 4 iter 2 rep 5 ===
Charm++> Running on MPI library: MPI VERSION    : CRAY MPICH version 8.1.32.110 (ANL base 3.4a2)
MPI BUILD INFO : Thu Feb 06 22:53 2025 (git hash f9c5634)
 (MPI standard: 3.1)
Charm++> Level of thread support used: MPI_THREAD_FUNNELED (desired: MPI_THREAD_FUNNELED)
Charm++> Running in SMP mode: 1 processes, 4 worker threads (PEs) + 1 comm threads per process, 4 PEs total
Charm++> The comm. thread both sends and receives messages
Converse/Charm++ Commit ID: v8.0.1-devel-36-g3c3086b33
CharmLB> Load balancer assumes all CPUs are same.
Charm++> cpu affinity enabled. 
Charm++> Running on 1 hosts (2 sockets x 2 cores x 1 PUs = 5-way SMP)
Charm++> cpu topology info is gathered in 0.001 seconds.
CharmLB> Load balancing instrumentation for communication is off.
Running Task Benchmark
  Configuration:
    Task Graph 1:
      Time Steps: 1000
      Max Width: 4
      Dependence Type: stencil_1d
      Radix: 3
      Period: 0
      Fraction Connected: 0.250000
      Kernel:
        Type: compute_bound
        Iterations: 2
        Samples: 16
        Imbalance: 0.000000
      Output Bytes: 16
      Scratch Bytes: 0
Time for last run: 2.963066e-03
Time for last run: 2.932072e-03
Total Tasks 4000
Total Dependencies 9990
  Unable to estimate local/nonlocal dependencies
Total FLOPs 1280000
Total Bytes 0
Elapsed Time 2.932072e-03 seconds
FLOP/s 4.365514e+08
B/s 0.000000e+00
Transfer (estimated):
  Unable to estimate local/nonlocal transfer
[Partition 0][Node 0] End of program
=== system charm_old pes 4 iter 16384 rep 6 ===
Charm++> Running on MPI library: MPI VERSION    : CRAY MPICH version 8.1.32.110 (ANL base 3.4a2)
MPI BUILD INFO : Thu Feb 06 22:53 2025 (git hash f9c5634)
 (MPI standard: 3.1)
Charm++> Level of thread support used: MPI_THREAD_FUNNELED (desired: MPI_THREAD_FUNNELED)
Charm++> Running in SMP mode: 1 processes, 4 worker threads (PEs) + 1 comm threads per process, 4 PEs total
Charm++> The comm. thread both sends and receives messages
Converse/Charm++ Commit ID: v8.0.1-devel-36-g3c3086b33
CharmLB> Load balancer assumes all CPUs are same.
Charm++> cpu affinity enabled. 
Charm++> Running on 1 hosts (2 sockets x 2 cores x 1 PUs = 5-way SMP)
Charm++> cpu topology info is gathered in 0.001 seconds.
CharmLB> Load balancing instrumentation for communication is off.
Running Task Benchmark
  Configuration:
    Task Graph 1:
      Time Steps: 1000
      Max Width: 4
      Dependence Type: stencil_1d
      Radix: 3
      Period: 0
      Fraction Connected: 0.250000
      Kernel:
        Type: compute_bound
        Iterations: 16384
        Samples: 16
        Imbalance: 0.000000
      Output Bytes: 16
      Scratch Bytes: 0
Time for last run: 7.257390e-02
Time for last run: 7.260489e-02
Total Tasks 4000
Total Dependencies 9990
  Unable to estimate local/nonlocal dependencies
Total FLOPs 8388864000
Total Bytes 0
Elapsed Time 7.260489e-02 seconds
FLOP/s 1.155413e+11
B/s 0.000000e+00
Transfer (estimated):
  Unable to estimate local/nonlocal transfer
[Partition 0][Node 0] End of program
=== system charm_old pes 4 iter 8192 rep 6 ===
Charm++> Running on MPI library: MPI VERSION    : CRAY MPICH version 8.1.32.110 (ANL base 3.4a2)
MPI BUILD INFO : Thu Feb 06 22:53 2025 (git hash f9c5634)
 (MPI standard: 3.1)
Charm++> Level of thread support used: MPI_THREAD_FUNNELED (desired: MPI_THREAD_FUNNELED)
Charm++> Running in SMP mode: 1 processes, 4 worker threads (PEs) + 1 comm threads per process, 4 PEs total
Charm++> The comm. thread both sends and receives messages
Converse/Charm++ Commit ID: v8.0.1-devel-36-g3c3086b33
CharmLB> Load balancer assumes all CPUs are same.
Charm++> cpu affinity enabled. 
Charm++> Running on 1 hosts (2 sockets x 2 cores x 1 PUs = 5-way SMP)
Charm++> cpu topology info is gathered in 0.001 seconds.
CharmLB> Load balancing instrumentation for communication is off.
Running Task Benchmark
  Configuration:
    Task Graph 1:
      Time Steps: 1000
      Max Width: 4
      Dependence Type: stencil_1d
      Radix: 3
      Period: 0
      Fraction Connected: 0.250000
      Kernel:
        Type: compute_bound
        Iterations: 8192
        Samples: 16
        Imbalance: 0.000000
      Output Bytes: 16
      Scratch Bytes: 0
Time for last run: 3.708482e-02
Time for last run: 3.674293e-02
Total Tasks 4000
Total Dependencies 9990
  Unable to estimate local/nonlocal dependencies
Total FLOPs 4194560000
Total Bytes 0
Elapsed Time 3.674293e-02 seconds
FLOP/s 1.141597e+11
B/s 0.000000e+00
Transfer (estimated):
  Unable to estimate local/nonlocal transfer
[Partition 0][Node 0] End of program
=== system charm_old pes 4 iter 4096 rep 6 ===
Charm++> Running on MPI library: MPI VERSION    : CRAY MPICH version 8.1.32.110 (ANL base 3.4a2)
MPI BUILD INFO : Thu Feb 06 22:53 2025 (git hash f9c5634)
 (MPI standard: 3.1)
Charm++> Level of thread support used: MPI_THREAD_FUNNELED (desired: MPI_THREAD_FUNNELED)
Charm++> Running in SMP mode: 1 processes, 4 worker threads (PEs) + 1 comm threads per process, 4 PEs total
Charm++> The comm. thread both sends and receives messages
Converse/Charm++ Commit ID: v8.0.1-devel-36-g3c3086b33
CharmLB> Load balancer assumes all CPUs are same.
Charm++> cpu affinity enabled. 
Charm++> Running on 1 hosts (2 sockets x 2 cores x 1 PUs = 5-way SMP)
Charm++> cpu topology info is gathered in 0.001 seconds.
CharmLB> Load balancing instrumentation for communication is off.
Running Task Benchmark
  Configuration:
    Task Graph 1:
      Time Steps: 1000
      Max Width: 4
      Dependence Type: stencil_1d
      Radix: 3
      Period: 0
      Fraction Connected: 0.250000
      Kernel:
        Type: compute_bound
        Iterations: 4096
        Samples: 16
        Imbalance: 0.000000
      Output Bytes: 16
      Scratch Bytes: 0
Time for last run: 1.951718e-02
Time for last run: 1.937199e-02
Total Tasks 4000
Total Dependencies 9990
  Unable to estimate local/nonlocal dependencies
Total FLOPs 2097408000
Total Bytes 0
Elapsed Time 1.937199e-02 seconds
FLOP/s 1.082702e+11
B/s 0.000000e+00
Transfer (estimated):
  Unable to estimate local/nonlocal transfer
[Partition 0][Node 0] End of program
=== system charm_old pes 4 iter 2048 rep 6 ===
Charm++> Running on MPI library: MPI VERSION    : CRAY MPICH version 8.1.32.110 (ANL base 3.4a2)
MPI BUILD INFO : Thu Feb 06 22:53 2025 (git hash f9c5634)
 (MPI standard: 3.1)
Charm++> Level of thread support used: MPI_THREAD_FUNNELED (desired: MPI_THREAD_FUNNELED)
Charm++> Running in SMP mode: 1 processes, 4 worker threads (PEs) + 1 comm threads per process, 4 PEs total
Charm++> The comm. thread both sends and receives messages
Converse/Charm++ Commit ID: v8.0.1-devel-36-g3c3086b33
CharmLB> Load balancer assumes all CPUs are same.
Charm++> cpu affinity enabled. 
Charm++> Running on 1 hosts (2 sockets x 2 cores x 1 PUs = 5-way SMP)
Charm++> cpu topology info is gathered in 0.001 seconds.
CharmLB> Load balancing instrumentation for communication is off.
Running Task Benchmark
  Configuration:
    Task Graph 1:
      Time Steps: 1000
      Max Width: 4
      Dependence Type: stencil_1d
      Radix: 3
      Period: 0
      Fraction Connected: 0.250000
      Kernel:
        Type: compute_bound
        Iterations: 2048
        Samples: 16
        Imbalance: 0.000000
      Output Bytes: 16
      Scratch Bytes: 0
Time for last run: 9.765863e-03
Time for last run: 9.755850e-03
Total Tasks 4000
Total Dependencies 9990
  Unable to estimate local/nonlocal dependencies
Total FLOPs 1048832000
Total Bytes 0
Elapsed Time 9.755850e-03 seconds
FLOP/s 1.075080e+11
B/s 0.000000e+00
Transfer (estimated):
  Unable to estimate local/nonlocal transfer
[Partition 0][Node 0] End of program
=== system charm_old pes 4 iter 1024 rep 6 ===
Charm++> Running on MPI library: MPI VERSION    : CRAY MPICH version 8.1.32.110 (ANL base 3.4a2)
MPI BUILD INFO : Thu Feb 06 22:53 2025 (git hash f9c5634)
 (MPI standard: 3.1)
Charm++> Level of thread support used: MPI_THREAD_FUNNELED (desired: MPI_THREAD_FUNNELED)
Charm++> Running in SMP mode: 1 processes, 4 worker threads (PEs) + 1 comm threads per process, 4 PEs total
Charm++> The comm. thread both sends and receives messages
Converse/Charm++ Commit ID: v8.0.1-devel-36-g3c3086b33
CharmLB> Load balancer assumes all CPUs are same.
Charm++> cpu affinity enabled. 
Charm++> Running on 1 hosts (2 sockets x 2 cores x 1 PUs = 5-way SMP)
Charm++> cpu topology info is gathered in 0.001 seconds.
CharmLB> Load balancing instrumentation for communication is off.
Running Task Benchmark
  Configuration:
    Task Graph 1:
      Time Steps: 1000
      Max Width: 4
      Dependence Type: stencil_1d
      Radix: 3
      Period: 0
      Fraction Connected: 0.250000
      Kernel:
        Type: compute_bound
        Iterations: 1024
        Samples: 16
        Imbalance: 0.000000
      Output Bytes: 16
      Scratch Bytes: 0
Time for last run: 7.419109e-03
Time for last run: 7.580996e-03
Total Tasks 4000
Total Dependencies 9990
  Unable to estimate local/nonlocal dependencies
Total FLOPs 524544000
Total Bytes 0
Elapsed Time 7.580996e-03 seconds
FLOP/s 6.919197e+10
B/s 0.000000e+00
Transfer (estimated):
  Unable to estimate local/nonlocal transfer
[Partition 0][Node 0] End of program
=== system charm_old pes 4 iter 512 rep 6 ===
Charm++> Running on MPI library: MPI VERSION    : CRAY MPICH version 8.1.32.110 (ANL base 3.4a2)
MPI BUILD INFO : Thu Feb 06 22:53 2025 (git hash f9c5634)
 (MPI standard: 3.1)
Charm++> Level of thread support used: MPI_THREAD_FUNNELED (desired: MPI_THREAD_FUNNELED)
Charm++> Running in SMP mode: 1 processes, 4 worker threads (PEs) + 1 comm threads per process, 4 PEs total
Charm++> The comm. thread both sends and receives messages
Converse/Charm++ Commit ID: v8.0.1-devel-36-g3c3086b33
CharmLB> Load balancer assumes all CPUs are same.
Charm++> cpu affinity enabled. 
Charm++> Running on 1 hosts (2 sockets x 2 cores x 1 PUs = 5-way SMP)
Charm++> cpu topology info is gathered in 0.001 seconds.
CharmLB> Load balancing instrumentation for communication is off.
Running Task Benchmark
  Configuration:
    Task Graph 1:
      Time Steps: 1000
      Max Width: 4
      Dependence Type: stencil_1d
      Radix: 3
      Period: 0
      Fraction Connected: 0.250000
      Kernel:
        Type: compute_bound
        Iterations: 512
        Samples: 16
        Imbalance: 0.000000
      Output Bytes: 16
      Scratch Bytes: 0
Time for last run: 4.451036e-03
Time for last run: 4.521847e-03
Total Tasks 4000
Total Dependencies 9990
  Unable to estimate local/nonlocal dependencies
Total FLOPs 262400000
Total Bytes 0
Elapsed Time 4.521847e-03 seconds
FLOP/s 5.802939e+10
B/s 0.000000e+00
Transfer (estimated):
  Unable to estimate local/nonlocal transfer
[Partition 0][Node 0] End of program
=== system charm_old pes 4 iter 256 rep 6 ===
Charm++> Running on MPI library: MPI VERSION    : CRAY MPICH version 8.1.32.110 (ANL base 3.4a2)
MPI BUILD INFO : Thu Feb 06 22:53 2025 (git hash f9c5634)
 (MPI standard: 3.1)
Charm++> Level of thread support used: MPI_THREAD_FUNNELED (desired: MPI_THREAD_FUNNELED)
Charm++> Running in SMP mode: 1 processes, 4 worker threads (PEs) + 1 comm threads per process, 4 PEs total
Charm++> The comm. thread both sends and receives messages
Converse/Charm++ Commit ID: v8.0.1-devel-36-g3c3086b33
CharmLB> Load balancer assumes all CPUs are same.
Charm++> cpu affinity enabled. 
Charm++> Running on 1 hosts (2 sockets x 2 cores x 1 PUs = 5-way SMP)
Charm++> cpu topology info is gathered in 0.001 seconds.
CharmLB> Load balancing instrumentation for communication is off.
Running Task Benchmark
  Configuration:
    Task Graph 1:
      Time Steps: 1000
      Max Width: 4
      Dependence Type: stencil_1d
      Radix: 3
      Period: 0
      Fraction Connected: 0.250000
      Kernel:
        Type: compute_bound
        Iterations: 256
        Samples: 16
        Imbalance: 0.000000
      Output Bytes: 16
      Scratch Bytes: 0
Time for last run: 3.648996e-03
Time for last run: 3.741026e-03
Total Tasks 4000
Total Dependencies 9990
  Unable to estimate local/nonlocal dependencies
Total FLOPs 131328000
Total Bytes 0
Elapsed Time 3.741026e-03 seconds
FLOP/s 3.510481e+10
B/s 0.000000e+00
Transfer (estimated):
  Unable to estimate local/nonlocal transfer
[Partition 0][Node 0] End of program
=== system charm_old pes 4 iter 128 rep 6 ===
Charm++> Running on MPI library: MPI VERSION    : CRAY MPICH version 8.1.32.110 (ANL base 3.4a2)
MPI BUILD INFO : Thu Feb 06 22:53 2025 (git hash f9c5634)
 (MPI standard: 3.1)
Charm++> Level of thread support used: MPI_THREAD_FUNNELED (desired: MPI_THREAD_FUNNELED)
Charm++> Running in SMP mode: 1 processes, 4 worker threads (PEs) + 1 comm threads per process, 4 PEs total
Charm++> The comm. thread both sends and receives messages
Converse/Charm++ Commit ID: v8.0.1-devel-36-g3c3086b33
CharmLB> Load balancer assumes all CPUs are same.
Charm++> cpu affinity enabled. 
Charm++> Running on 1 hosts (2 sockets x 2 cores x 1 PUs = 5-way SMP)
Charm++> cpu topology info is gathered in 0.001 seconds.
CharmLB> Load balancing instrumentation for communication is off.
Running Task Benchmark
  Configuration:
    Task Graph 1:
      Time Steps: 1000
      Max Width: 4
      Dependence Type: stencil_1d
      Radix: 3
      Period: 0
      Fraction Connected: 0.250000
      Kernel:
        Type: compute_bound
        Iterations: 128
        Samples: 16
        Imbalance: 0.000000
      Output Bytes: 16
      Scratch Bytes: 0
Time for last run: 3.258228e-03
Time for last run: 3.340006e-03
Total Tasks 4000
Total Dependencies 9990
  Unable to estimate local/nonlocal dependencies
Total FLOPs 65792000
Total Bytes 0
Elapsed Time 3.340006e-03 seconds
FLOP/s 1.969817e+10
B/s 0.000000e+00
Transfer (estimated):
  Unable to estimate local/nonlocal transfer
[Partition 0][Node 0] End of program
=== system charm_old pes 4 iter 64 rep 6 ===
Charm++> Running on MPI library: MPI VERSION    : CRAY MPICH version 8.1.32.110 (ANL base 3.4a2)
MPI BUILD INFO : Thu Feb 06 22:53 2025 (git hash f9c5634)
 (MPI standard: 3.1)
Charm++> Level of thread support used: MPI_THREAD_FUNNELED (desired: MPI_THREAD_FUNNELED)
Charm++> Running in SMP mode: 1 processes, 4 worker threads (PEs) + 1 comm threads per process, 4 PEs total
Charm++> The comm. thread both sends and receives messages
Converse/Charm++ Commit ID: v8.0.1-devel-36-g3c3086b33
CharmLB> Load balancer assumes all CPUs are same.
Charm++> cpu affinity enabled. 
Charm++> Running on 1 hosts (2 sockets x 2 cores x 1 PUs = 5-way SMP)
Charm++> cpu topology info is gathered in 0.001 seconds.
CharmLB> Load balancing instrumentation for communication is off.
Running Task Benchmark
  Configuration:
    Task Graph 1:
      Time Steps: 1000
      Max Width: 4
      Dependence Type: stencil_1d
      Radix: 3
      Period: 0
      Fraction Connected: 0.250000
      Kernel:
        Type: compute_bound
        Iterations: 64
        Samples: 16
        Imbalance: 0.000000
      Output Bytes: 16
      Scratch Bytes: 0
Time for last run: 3.206015e-03
Time for last run: 3.232002e-03
Total Tasks 4000
Total Dependencies 9990
  Unable to estimate local/nonlocal dependencies
Total FLOPs 33024000
Total Bytes 0
Elapsed Time 3.232002e-03 seconds
FLOP/s 1.021781e+10
B/s 0.000000e+00
Transfer (estimated):
  Unable to estimate local/nonlocal transfer
[Partition 0][Node 0] End of program
=== system charm_old pes 4 iter 32 rep 6 ===
Charm++> Running on MPI library: MPI VERSION    : CRAY MPICH version 8.1.32.110 (ANL base 3.4a2)
MPI BUILD INFO : Thu Feb 06 22:53 2025 (git hash f9c5634)
 (MPI standard: 3.1)
Charm++> Level of thread support used: MPI_THREAD_FUNNELED (desired: MPI_THREAD_FUNNELED)
Charm++> Running in SMP mode: 1 processes, 4 worker threads (PEs) + 1 comm threads per process, 4 PEs total
Charm++> The comm. thread both sends and receives messages
Converse/Charm++ Commit ID: v8.0.1-devel-36-g3c3086b33
CharmLB> Load balancer assumes all CPUs are same.
Charm++> cpu affinity enabled. 
Charm++> Running on 1 hosts (2 sockets x 2 cores x 1 PUs = 5-way SMP)
Charm++> cpu topology info is gathered in 0.001 seconds.
CharmLB> Load balancing instrumentation for communication is off.
Running Task Benchmark
  Configuration:
    Task Graph 1:
      Time Steps: 1000
      Max Width: 4
      Dependence Type: stencil_1d
      Radix: 3
      Period: 0
      Fraction Connected: 0.250000
      Kernel:
        Type: compute_bound
        Iterations: 32
        Samples: 16
        Imbalance: 0.000000
      Output Bytes: 16
      Scratch Bytes: 0
Time for last run: 3.144026e-03
Time for last run: 3.166914e-03
Total Tasks 4000
Total Dependencies 9990
  Unable to estimate local/nonlocal dependencies
Total FLOPs 16640000
Total Bytes 0
Elapsed Time 3.166914e-03 seconds
FLOP/s 5.254326e+09
B/s 0.000000e+00
Transfer (estimated):
  Unable to estimate local/nonlocal transfer
[Partition 0][Node 0] End of program
=== system charm_old pes 4 iter 16 rep 6 ===
Charm++> Running on MPI library: MPI VERSION    : CRAY MPICH version 8.1.32.110 (ANL base 3.4a2)
MPI BUILD INFO : Thu Feb 06 22:53 2025 (git hash f9c5634)
 (MPI standard: 3.1)
Charm++> Level of thread support used: MPI_THREAD_FUNNELED (desired: MPI_THREAD_FUNNELED)
Charm++> Running in SMP mode: 1 processes, 4 worker threads (PEs) + 1 comm threads per process, 4 PEs total
Charm++> The comm. thread both sends and receives messages
Converse/Charm++ Commit ID: v8.0.1-devel-36-g3c3086b33
CharmLB> Load balancer assumes all CPUs are same.
Charm++> cpu affinity enabled. 
Charm++> Running on 1 hosts (2 sockets x 2 cores x 1 PUs = 5-way SMP)
Charm++> cpu topology info is gathered in 0.001 seconds.
CharmLB> Load balancing instrumentation for communication is off.
Running Task Benchmark
  Configuration:
    Task Graph 1:
      Time Steps: 1000
      Max Width: 4
      Dependence Type: stencil_1d
      Radix: 3
      Period: 0
      Fraction Connected: 0.250000
      Kernel:
        Type: compute_bound
        Iterations: 16
        Samples: 16
        Imbalance: 0.000000
      Output Bytes: 16
      Scratch Bytes: 0
Time for last run: 2.990961e-03
Time for last run: 3.035069e-03
Total Tasks 4000
Total Dependencies 9990
  Unable to estimate local/nonlocal dependencies
Total FLOPs 8448000
Total Bytes 0
Elapsed Time 3.035069e-03 seconds
FLOP/s 2.783463e+09
B/s 0.000000e+00
Transfer (estimated):
  Unable to estimate local/nonlocal transfer
[Partition 0][Node 0] End of program
=== system charm_old pes 4 iter 8 rep 6 ===
Charm++> Running on MPI library: MPI VERSION    : CRAY MPICH version 8.1.32.110 (ANL base 3.4a2)
MPI BUILD INFO : Thu Feb 06 22:53 2025 (git hash f9c5634)
 (MPI standard: 3.1)
Charm++> Level of thread support used: MPI_THREAD_FUNNELED (desired: MPI_THREAD_FUNNELED)
Charm++> Running in SMP mode: 1 processes, 4 worker threads (PEs) + 1 comm threads per process, 4 PEs total
Charm++> The comm. thread both sends and receives messages
Converse/Charm++ Commit ID: v8.0.1-devel-36-g3c3086b33
CharmLB> Load balancer assumes all CPUs are same.
Charm++> cpu affinity enabled. 
Charm++> Running on 1 hosts (2 sockets x 2 cores x 1 PUs = 5-way SMP)
Charm++> cpu topology info is gathered in 0.001 seconds.
CharmLB> Load balancing instrumentation for communication is off.
Running Task Benchmark
  Configuration:
    Task Graph 1:
      Time Steps: 1000
      Max Width: 4
      Dependence Type: stencil_1d
      Radix: 3
      Period: 0
      Fraction Connected: 0.250000
      Kernel:
        Type: compute_bound
        Iterations: 8
        Samples: 16
        Imbalance: 0.000000
      Output Bytes: 16
      Scratch Bytes: 0
Time for last run: 3.134012e-03
Time for last run: 3.067017e-03
Total Tasks 4000
Total Dependencies 9990
  Unable to estimate local/nonlocal dependencies
Total FLOPs 4352000
Total Bytes 0
Elapsed Time 3.067017e-03 seconds
FLOP/s 1.418969e+09
B/s 0.000000e+00
Transfer (estimated):
  Unable to estimate local/nonlocal transfer
[Partition 0][Node 0] End of program
=== system charm_old pes 4 iter 4 rep 6 ===
Charm++> Running on MPI library: MPI VERSION    : CRAY MPICH version 8.1.32.110 (ANL base 3.4a2)
MPI BUILD INFO : Thu Feb 06 22:53 2025 (git hash f9c5634)
 (MPI standard: 3.1)
Charm++> Level of thread support used: MPI_THREAD_FUNNELED (desired: MPI_THREAD_FUNNELED)
Charm++> Running in SMP mode: 1 processes, 4 worker threads (PEs) + 1 comm threads per process, 4 PEs total
Charm++> The comm. thread both sends and receives messages
Converse/Charm++ Commit ID: v8.0.1-devel-36-g3c3086b33
CharmLB> Load balancer assumes all CPUs are same.
Charm++> cpu affinity enabled. 
Charm++> Running on 1 hosts (2 sockets x 2 cores x 1 PUs = 5-way SMP)
Charm++> cpu topology info is gathered in 0.001 seconds.
CharmLB> Load balancing instrumentation for communication is off.
Running Task Benchmark
  Configuration:
    Task Graph 1:
      Time Steps: 1000
      Max Width: 4
      Dependence Type: stencil_1d
      Radix: 3
      Period: 0
      Fraction Connected: 0.250000
      Kernel:
        Type: compute_bound
        Iterations: 4
        Samples: 16
        Imbalance: 0.000000
      Output Bytes: 16
      Scratch Bytes: 0
Time for last run: 3.189087e-03
Time for last run: 3.125906e-03
Total Tasks 4000
Total Dependencies 9990
  Unable to estimate local/nonlocal dependencies
Total FLOPs 2304000
Total Bytes 0
Elapsed Time 3.125906e-03 seconds
FLOP/s 7.370663e+08
B/s 0.000000e+00
Transfer (estimated):
  Unable to estimate local/nonlocal transfer
[Partition 0][Node 0] End of program
=== system charm_old pes 4 iter 2 rep 6 ===
Charm++> Running on MPI library: MPI VERSION    : CRAY MPICH version 8.1.32.110 (ANL base 3.4a2)
MPI BUILD INFO : Thu Feb 06 22:53 2025 (git hash f9c5634)
 (MPI standard: 3.1)
Charm++> Level of thread support used: MPI_THREAD_FUNNELED (desired: MPI_THREAD_FUNNELED)
Charm++> Running in SMP mode: 1 processes, 4 worker threads (PEs) + 1 comm threads per process, 4 PEs total
Charm++> The comm. thread both sends and receives messages
Converse/Charm++ Commit ID: v8.0.1-devel-36-g3c3086b33
CharmLB> Load balancer assumes all CPUs are same.
Charm++> cpu affinity enabled. 
Charm++> Running on 1 hosts (2 sockets x 2 cores x 1 PUs = 5-way SMP)
Charm++> cpu topology info is gathered in 0.001 seconds.
CharmLB> Load balancing instrumentation for communication is off.
Running Task Benchmark
  Configuration:
    Task Graph 1:
      Time Steps: 1000
      Max Width: 4
      Dependence Type: stencil_1d
      Radix: 3
      Period: 0
      Fraction Connected: 0.250000
      Kernel:
        Type: compute_bound
        Iterations: 2
        Samples: 16
        Imbalance: 0.000000
      Output Bytes: 16
      Scratch Bytes: 0
Time for last run: 2.876043e-03
Time for last run: 2.940178e-03
Total Tasks 4000
Total Dependencies 9990
  Unable to estimate local/nonlocal dependencies
Total FLOPs 1280000
Total Bytes 0
Elapsed Time 2.940178e-03 seconds
FLOP/s 4.353478e+08
B/s 0.000000e+00
Transfer (estimated):
  Unable to estimate local/nonlocal transfer
[Partition 0][Node 0] End of program
=== system charm_old pes 4 iter 16384 rep 7 ===
Charm++> Running on MPI library: MPI VERSION    : CRAY MPICH version 8.1.32.110 (ANL base 3.4a2)
MPI BUILD INFO : Thu Feb 06 22:53 2025 (git hash f9c5634)
 (MPI standard: 3.1)
Charm++> Level of thread support used: MPI_THREAD_FUNNELED (desired: MPI_THREAD_FUNNELED)
Charm++> Running in SMP mode: 1 processes, 4 worker threads (PEs) + 1 comm threads per process, 4 PEs total
Charm++> The comm. thread both sends and receives messages
Converse/Charm++ Commit ID: v8.0.1-devel-36-g3c3086b33
CharmLB> Load balancer assumes all CPUs are same.
Charm++> cpu affinity enabled. 
Charm++> Running on 1 hosts (2 sockets x 2 cores x 1 PUs = 5-way SMP)
Charm++> cpu topology info is gathered in 0.001 seconds.
CharmLB> Load balancing instrumentation for communication is off.
Running Task Benchmark
  Configuration:
    Task Graph 1:
      Time Steps: 1000
      Max Width: 4
      Dependence Type: stencil_1d
      Radix: 3
      Period: 0
      Fraction Connected: 0.250000
      Kernel:
        Type: compute_bound
        Iterations: 16384
        Samples: 16
        Imbalance: 0.000000
      Output Bytes: 16
      Scratch Bytes: 0
Time for last run: 7.121992e-02
Time for last run: 7.126379e-02
Total Tasks 4000
Total Dependencies 9990
  Unable to estimate local/nonlocal dependencies
Total FLOPs 8388864000
Total Bytes 0
Elapsed Time 7.126379e-02 seconds
FLOP/s 1.177157e+11
B/s 0.000000e+00
Transfer (estimated):
  Unable to estimate local/nonlocal transfer
[Partition 0][Node 0] End of program
=== system charm_old pes 4 iter 8192 rep 7 ===
Charm++> Running on MPI library: MPI VERSION    : CRAY MPICH version 8.1.32.110 (ANL base 3.4a2)
MPI BUILD INFO : Thu Feb 06 22:53 2025 (git hash f9c5634)
 (MPI standard: 3.1)
Charm++> Level of thread support used: MPI_THREAD_FUNNELED (desired: MPI_THREAD_FUNNELED)
Charm++> Running in SMP mode: 1 processes, 4 worker threads (PEs) + 1 comm threads per process, 4 PEs total
Charm++> The comm. thread both sends and receives messages
Converse/Charm++ Commit ID: v8.0.1-devel-36-g3c3086b33
CharmLB> Load balancer assumes all CPUs are same.
Charm++> cpu affinity enabled. 
Charm++> Running on 1 hosts (2 sockets x 2 cores x 1 PUs = 5-way SMP)
Charm++> cpu topology info is gathered in 0.001 seconds.
CharmLB> Load balancing instrumentation for communication is off.
Running Task Benchmark
  Configuration:
    Task Graph 1:
      Time Steps: 1000
      Max Width: 4
      Dependence Type: stencil_1d
      Radix: 3
      Period: 0
      Fraction Connected: 0.250000
      Kernel:
        Type: compute_bound
        Iterations: 8192
        Samples: 16
        Imbalance: 0.000000
      Output Bytes: 16
      Scratch Bytes: 0
Time for last run: 3.669000e-02
Time for last run: 3.670979e-02
Total Tasks 4000
Total Dependencies 9990
  Unable to estimate local/nonlocal dependencies
Total FLOPs 4194560000
Total Bytes 0
Elapsed Time 3.670979e-02 seconds
FLOP/s 1.142627e+11
B/s 0.000000e+00
Transfer (estimated):
  Unable to estimate local/nonlocal transfer
[Partition 0][Node 0] End of program
=== system charm_old pes 4 iter 4096 rep 7 ===
Charm++> Running on MPI library: MPI VERSION    : CRAY MPICH version 8.1.32.110 (ANL base 3.4a2)
MPI BUILD INFO : Thu Feb 06 22:53 2025 (git hash f9c5634)
 (MPI standard: 3.1)
Charm++> Level of thread support used: MPI_THREAD_FUNNELED (desired: MPI_THREAD_FUNNELED)
Charm++> Running in SMP mode: 1 processes, 4 worker threads (PEs) + 1 comm threads per process, 4 PEs total
Charm++> The comm. thread both sends and receives messages
Converse/Charm++ Commit ID: v8.0.1-devel-36-g3c3086b33
CharmLB> Load balancer assumes all CPUs are same.
Charm++> cpu affinity enabled. 
Charm++> Running on 1 hosts (2 sockets x 2 cores x 1 PUs = 5-way SMP)
Charm++> cpu topology info is gathered in 0.001 seconds.
CharmLB> Load balancing instrumentation for communication is off.
Running Task Benchmark
  Configuration:
    Task Graph 1:
      Time Steps: 1000
      Max Width: 4
      Dependence Type: stencil_1d
      Radix: 3
      Period: 0
      Fraction Connected: 0.250000
      Kernel:
        Type: compute_bound
        Iterations: 4096
        Samples: 16
        Imbalance: 0.000000
      Output Bytes: 16
      Scratch Bytes: 0
Time for last run: 1.951098e-02
Time for last run: 1.944900e-02
Total Tasks 4000
Total Dependencies 9990
  Unable to estimate local/nonlocal dependencies
Total FLOPs 2097408000
Total Bytes 0
Elapsed Time 1.944900e-02 seconds
FLOP/s 1.078415e+11
B/s 0.000000e+00
Transfer (estimated):
  Unable to estimate local/nonlocal transfer
[Partition 0][Node 0] End of program
=== system charm_old pes 4 iter 2048 rep 7 ===
Charm++> Running on MPI library: MPI VERSION    : CRAY MPICH version 8.1.32.110 (ANL base 3.4a2)
MPI BUILD INFO : Thu Feb 06 22:53 2025 (git hash f9c5634)
 (MPI standard: 3.1)
Charm++> Level of thread support used: MPI_THREAD_FUNNELED (desired: MPI_THREAD_FUNNELED)
Charm++> Running in SMP mode: 1 processes, 4 worker threads (PEs) + 1 comm threads per process, 4 PEs total
Charm++> The comm. thread both sends and receives messages
Converse/Charm++ Commit ID: v8.0.1-devel-36-g3c3086b33
CharmLB> Load balancer assumes all CPUs are same.
Charm++> cpu affinity enabled. 
Charm++> Running on 1 hosts (2 sockets x 2 cores x 1 PUs = 5-way SMP)
Charm++> cpu topology info is gathered in 0.001 seconds.
CharmLB> Load balancing instrumentation for communication is off.
Running Task Benchmark
  Configuration:
    Task Graph 1:
      Time Steps: 1000
      Max Width: 4
      Dependence Type: stencil_1d
      Radix: 3
      Period: 0
      Fraction Connected: 0.250000
      Kernel:
        Type: compute_bound
        Iterations: 2048
        Samples: 16
        Imbalance: 0.000000
      Output Bytes: 16
      Scratch Bytes: 0
Time for last run: 9.898901e-03
Time for last run: 9.843111e-03
Total Tasks 4000
Total Dependencies 9990
  Unable to estimate local/nonlocal dependencies
Total FLOPs 1048832000
Total Bytes 0
Elapsed Time 9.843111e-03 seconds
FLOP/s 1.065549e+11
B/s 0.000000e+00
Transfer (estimated):
  Unable to estimate local/nonlocal transfer
[Partition 0][Node 0] End of program
=== system charm_old pes 4 iter 1024 rep 7 ===
Charm++> Running on MPI library: MPI VERSION    : CRAY MPICH version 8.1.32.110 (ANL base 3.4a2)
MPI BUILD INFO : Thu Feb 06 22:53 2025 (git hash f9c5634)
 (MPI standard: 3.1)
Charm++> Level of thread support used: MPI_THREAD_FUNNELED (desired: MPI_THREAD_FUNNELED)
Charm++> Running in SMP mode: 1 processes, 4 worker threads (PEs) + 1 comm threads per process, 4 PEs total
Charm++> The comm. thread both sends and receives messages
Converse/Charm++ Commit ID: v8.0.1-devel-36-g3c3086b33
CharmLB> Load balancer assumes all CPUs are same.
Charm++> cpu affinity enabled. 
Charm++> Running on 1 hosts (2 sockets x 2 cores x 1 PUs = 5-way SMP)
Charm++> cpu topology info is gathered in 0.001 seconds.
CharmLB> Load balancing instrumentation for communication is off.
Running Task Benchmark
  Configuration:
    Task Graph 1:
      Time Steps: 1000
      Max Width: 4
      Dependence Type: stencil_1d
      Radix: 3
      Period: 0
      Fraction Connected: 0.250000
      Kernel:
        Type: compute_bound
        Iterations: 1024
        Samples: 16
        Imbalance: 0.000000
      Output Bytes: 16
      Scratch Bytes: 0
Time for last run: 7.568121e-03
Time for last run: 7.435083e-03
Total Tasks 4000
Total Dependencies 9990
  Unable to estimate local/nonlocal dependencies
Total FLOPs 524544000
Total Bytes 0
Elapsed Time 7.435083e-03 seconds
FLOP/s 7.054985e+10
B/s 0.000000e+00
Transfer (estimated):
  Unable to estimate local/nonlocal transfer
[Partition 0][Node 0] End of program
=== system charm_old pes 4 iter 512 rep 7 ===
Charm++> Running on MPI library: MPI VERSION    : CRAY MPICH version 8.1.32.110 (ANL base 3.4a2)
MPI BUILD INFO : Thu Feb 06 22:53 2025 (git hash f9c5634)
 (MPI standard: 3.1)
Charm++> Level of thread support used: MPI_THREAD_FUNNELED (desired: MPI_THREAD_FUNNELED)
Charm++> Running in SMP mode: 1 processes, 4 worker threads (PEs) + 1 comm threads per process, 4 PEs total
Charm++> The comm. thread both sends and receives messages
Converse/Charm++ Commit ID: v8.0.1-devel-36-g3c3086b33
CharmLB> Load balancer assumes all CPUs are same.
Charm++> cpu affinity enabled. 
Charm++> Running on 1 hosts (2 sockets x 2 cores x 1 PUs = 5-way SMP)
Charm++> cpu topology info is gathered in 0.001 seconds.
CharmLB> Load balancing instrumentation for communication is off.
Running Task Benchmark
  Configuration:
    Task Graph 1:
      Time Steps: 1000
      Max Width: 4
      Dependence Type: stencil_1d
      Radix: 3
      Period: 0
      Fraction Connected: 0.250000
      Kernel:
        Type: compute_bound
        Iterations: 512
        Samples: 16
        Imbalance: 0.000000
      Output Bytes: 16
      Scratch Bytes: 0
Time for last run: 4.504204e-03
Time for last run: 4.599094e-03
Total Tasks 4000
Total Dependencies 9990
  Unable to estimate local/nonlocal dependencies
Total FLOPs 262400000
Total Bytes 0
Elapsed Time 4.599094e-03 seconds
FLOP/s 5.705471e+10
B/s 0.000000e+00
Transfer (estimated):
  Unable to estimate local/nonlocal transfer
[Partition 0][Node 0] End of program
=== system charm_old pes 4 iter 256 rep 7 ===
Charm++> Running on MPI library: MPI VERSION    : CRAY MPICH version 8.1.32.110 (ANL base 3.4a2)
MPI BUILD INFO : Thu Feb 06 22:53 2025 (git hash f9c5634)
 (MPI standard: 3.1)
Charm++> Level of thread support used: MPI_THREAD_FUNNELED (desired: MPI_THREAD_FUNNELED)
Charm++> Running in SMP mode: 1 processes, 4 worker threads (PEs) + 1 comm threads per process, 4 PEs total
Charm++> The comm. thread both sends and receives messages
Converse/Charm++ Commit ID: v8.0.1-devel-36-g3c3086b33
CharmLB> Load balancer assumes all CPUs are same.
Charm++> cpu affinity enabled. 
Charm++> Running on 1 hosts (2 sockets x 2 cores x 1 PUs = 5-way SMP)
Charm++> cpu topology info is gathered in 0.001 seconds.
CharmLB> Load balancing instrumentation for communication is off.
Running Task Benchmark
  Configuration:
    Task Graph 1:
      Time Steps: 1000
      Max Width: 4
      Dependence Type: stencil_1d
      Radix: 3
      Period: 0
      Fraction Connected: 0.250000
      Kernel:
        Type: compute_bound
        Iterations: 256
        Samples: 16
        Imbalance: 0.000000
      Output Bytes: 16
      Scratch Bytes: 0
Time for last run: 3.695011e-03
Time for last run: 3.780127e-03
Total Tasks 4000
Total Dependencies 9990
  Unable to estimate local/nonlocal dependencies
Total FLOPs 131328000
Total Bytes 0
Elapsed Time 3.780127e-03 seconds
FLOP/s 3.474169e+10
B/s 0.000000e+00
Transfer (estimated):
  Unable to estimate local/nonlocal transfer
[Partition 0][Node 0] End of program
=== system charm_old pes 4 iter 128 rep 7 ===
Charm++> Running on MPI library: MPI VERSION    : CRAY MPICH version 8.1.32.110 (ANL base 3.4a2)
MPI BUILD INFO : Thu Feb 06 22:53 2025 (git hash f9c5634)
 (MPI standard: 3.1)
Charm++> Level of thread support used: MPI_THREAD_FUNNELED (desired: MPI_THREAD_FUNNELED)
Charm++> Running in SMP mode: 1 processes, 4 worker threads (PEs) + 1 comm threads per process, 4 PEs total
Charm++> The comm. thread both sends and receives messages
Converse/Charm++ Commit ID: v8.0.1-devel-36-g3c3086b33
CharmLB> Load balancer assumes all CPUs are same.
Charm++> cpu affinity enabled. 
Charm++> Running on 1 hosts (2 sockets x 2 cores x 1 PUs = 5-way SMP)
Charm++> cpu topology info is gathered in 0.001 seconds.
CharmLB> Load balancing instrumentation for communication is off.
Running Task Benchmark
  Configuration:
    Task Graph 1:
      Time Steps: 1000
      Max Width: 4
      Dependence Type: stencil_1d
      Radix: 3
      Period: 0
      Fraction Connected: 0.250000
      Kernel:
        Type: compute_bound
        Iterations: 128
        Samples: 16
        Imbalance: 0.000000
      Output Bytes: 16
      Scratch Bytes: 0
Time for last run: 3.350019e-03
Time for last run: 3.430843e-03
Total Tasks 4000
Total Dependencies 9990
  Unable to estimate local/nonlocal dependencies
Total FLOPs 65792000
Total Bytes 0
Elapsed Time 3.430843e-03 seconds
FLOP/s 1.917663e+10
B/s 0.000000e+00
Transfer (estimated):
  Unable to estimate local/nonlocal transfer
[Partition 0][Node 0] End of program
=== system charm_old pes 4 iter 64 rep 7 ===
Charm++> Running on MPI library: MPI VERSION    : CRAY MPICH version 8.1.32.110 (ANL base 3.4a2)
MPI BUILD INFO : Thu Feb 06 22:53 2025 (git hash f9c5634)
 (MPI standard: 3.1)
Charm++> Level of thread support used: MPI_THREAD_FUNNELED (desired: MPI_THREAD_FUNNELED)
Charm++> Running in SMP mode: 1 processes, 4 worker threads (PEs) + 1 comm threads per process, 4 PEs total
Charm++> The comm. thread both sends and receives messages
Converse/Charm++ Commit ID: v8.0.1-devel-36-g3c3086b33
CharmLB> Load balancer assumes all CPUs are same.
Charm++> cpu affinity enabled. 
Charm++> Running on 1 hosts (2 sockets x 2 cores x 1 PUs = 5-way SMP)
Charm++> cpu topology info is gathered in 0.001 seconds.
CharmLB> Load balancing instrumentation for communication is off.
Running Task Benchmark
  Configuration:
    Task Graph 1:
      Time Steps: 1000
      Max Width: 4
      Dependence Type: stencil_1d
      Radix: 3
      Period: 0
      Fraction Connected: 0.250000
      Kernel:
        Type: compute_bound
        Iterations: 64
        Samples: 16
        Imbalance: 0.000000
      Output Bytes: 16
      Scratch Bytes: 0
Time for last run: 3.205061e-03
Time for last run: 3.285170e-03
Total Tasks 4000
Total Dependencies 9990
  Unable to estimate local/nonlocal dependencies
Total FLOPs 33024000
Total Bytes 0
Elapsed Time 3.285170e-03 seconds
FLOP/s 1.005245e+10
B/s 0.000000e+00
Transfer (estimated):
  Unable to estimate local/nonlocal transfer
[Partition 0][Node 0] End of program
=== system charm_old pes 4 iter 32 rep 7 ===
Charm++> Running on MPI library: MPI VERSION    : CRAY MPICH version 8.1.32.110 (ANL base 3.4a2)
MPI BUILD INFO : Thu Feb 06 22:53 2025 (git hash f9c5634)
 (MPI standard: 3.1)
Charm++> Level of thread support used: MPI_THREAD_FUNNELED (desired: MPI_THREAD_FUNNELED)
Charm++> Running in SMP mode: 1 processes, 4 worker threads (PEs) + 1 comm threads per process, 4 PEs total
Charm++> The comm. thread both sends and receives messages
Converse/Charm++ Commit ID: v8.0.1-devel-36-g3c3086b33
CharmLB> Load balancer assumes all CPUs are same.
Charm++> cpu affinity enabled. 
Charm++> Running on 1 hosts (2 sockets x 2 cores x 1 PUs = 5-way SMP)
Charm++> cpu topology info is gathered in 0.001 seconds.
CharmLB> Load balancing instrumentation for communication is off.
Running Task Benchmark
  Configuration:
    Task Graph 1:
      Time Steps: 1000
      Max Width: 4
      Dependence Type: stencil_1d
      Radix: 3
      Period: 0
      Fraction Connected: 0.250000
      Kernel:
        Type: compute_bound
        Iterations: 32
        Samples: 16
        Imbalance: 0.000000
      Output Bytes: 16
      Scratch Bytes: 0
Time for last run: 3.528118e-03
Time for last run: 3.508091e-03
Total Tasks 4000
Total Dependencies 9990
  Unable to estimate local/nonlocal dependencies
Total FLOPs 16640000
Total Bytes 0
Elapsed Time 3.508091e-03 seconds
FLOP/s 4.743321e+09
B/s 0.000000e+00
Transfer (estimated):
  Unable to estimate local/nonlocal transfer
[Partition 0][Node 0] End of program
=== system charm_old pes 4 iter 16 rep 7 ===
Charm++> Running on MPI library: MPI VERSION    : CRAY MPICH version 8.1.32.110 (ANL base 3.4a2)
MPI BUILD INFO : Thu Feb 06 22:53 2025 (git hash f9c5634)
 (MPI standard: 3.1)
Charm++> Level of thread support used: MPI_THREAD_FUNNELED (desired: MPI_THREAD_FUNNELED)
Charm++> Running in SMP mode: 1 processes, 4 worker threads (PEs) + 1 comm threads per process, 4 PEs total
Charm++> The comm. thread both sends and receives messages
Converse/Charm++ Commit ID: v8.0.1-devel-36-g3c3086b33
CharmLB> Load balancer assumes all CPUs are same.
Charm++> cpu affinity enabled. 
Charm++> Running on 1 hosts (2 sockets x 2 cores x 1 PUs = 5-way SMP)
Charm++> cpu topology info is gathered in 0.001 seconds.
CharmLB> Load balancing instrumentation for communication is off.
Running Task Benchmark
  Configuration:
    Task Graph 1:
      Time Steps: 1000
      Max Width: 4
      Dependence Type: stencil_1d
      Radix: 3
      Period: 0
      Fraction Connected: 0.250000
      Kernel:
        Type: compute_bound
        Iterations: 16
        Samples: 16
        Imbalance: 0.000000
      Output Bytes: 16
      Scratch Bytes: 0
Time for last run: 3.130913e-03
Time for last run: 3.080845e-03
Total Tasks 4000
Total Dependencies 9990
  Unable to estimate local/nonlocal dependencies
Total FLOPs 8448000
Total Bytes 0
Elapsed Time 3.080845e-03 seconds
FLOP/s 2.742105e+09
B/s 0.000000e+00
Transfer (estimated):
  Unable to estimate local/nonlocal transfer
[Partition 0][Node 0] End of program
=== system charm_old pes 4 iter 8 rep 7 ===
Charm++> Running on MPI library: MPI VERSION    : CRAY MPICH version 8.1.32.110 (ANL base 3.4a2)
MPI BUILD INFO : Thu Feb 06 22:53 2025 (git hash f9c5634)
 (MPI standard: 3.1)
Charm++> Level of thread support used: MPI_THREAD_FUNNELED (desired: MPI_THREAD_FUNNELED)
Charm++> Running in SMP mode: 1 processes, 4 worker threads (PEs) + 1 comm threads per process, 4 PEs total
Charm++> The comm. thread both sends and receives messages
Converse/Charm++ Commit ID: v8.0.1-devel-36-g3c3086b33
CharmLB> Load balancer assumes all CPUs are same.
Charm++> cpu affinity enabled. 
Charm++> Running on 1 hosts (2 sockets x 2 cores x 1 PUs = 5-way SMP)
Charm++> cpu topology info is gathered in 0.001 seconds.
CharmLB> Load balancing instrumentation for communication is off.
Running Task Benchmark
  Configuration:
    Task Graph 1:
      Time Steps: 1000
      Max Width: 4
      Dependence Type: stencil_1d
      Radix: 3
      Period: 0
      Fraction Connected: 0.250000
      Kernel:
        Type: compute_bound
        Iterations: 8
        Samples: 16
        Imbalance: 0.000000
      Output Bytes: 16
      Scratch Bytes: 0
Time for last run: 3.380060e-03
Time for last run: 3.268957e-03
Total Tasks 4000
Total Dependencies 9990
  Unable to estimate local/nonlocal dependencies
Total FLOPs 4352000
Total Bytes 0
Elapsed Time 3.268957e-03 seconds
FLOP/s 1.331311e+09
B/s 0.000000e+00
Transfer (estimated):
  Unable to estimate local/nonlocal transfer
[Partition 0][Node 0] End of program
=== system charm_old pes 4 iter 4 rep 7 ===
Charm++> Running on MPI library: MPI VERSION    : CRAY MPICH version 8.1.32.110 (ANL base 3.4a2)
MPI BUILD INFO : Thu Feb 06 22:53 2025 (git hash f9c5634)
 (MPI standard: 3.1)
Charm++> Level of thread support used: MPI_THREAD_FUNNELED (desired: MPI_THREAD_FUNNELED)
Charm++> Running in SMP mode: 1 processes, 4 worker threads (PEs) + 1 comm threads per process, 4 PEs total
Charm++> The comm. thread both sends and receives messages
Converse/Charm++ Commit ID: v8.0.1-devel-36-g3c3086b33
CharmLB> Load balancer assumes all CPUs are same.
Charm++> cpu affinity enabled. 
Charm++> Running on 1 hosts (2 sockets x 2 cores x 1 PUs = 5-way SMP)
Charm++> cpu topology info is gathered in 0.001 seconds.
CharmLB> Load balancing instrumentation for communication is off.
Running Task Benchmark
  Configuration:
    Task Graph 1:
      Time Steps: 1000
      Max Width: 4
      Dependence Type: stencil_1d
      Radix: 3
      Period: 0
      Fraction Connected: 0.250000
      Kernel:
        Type: compute_bound
        Iterations: 4
        Samples: 16
        Imbalance: 0.000000
      Output Bytes: 16
      Scratch Bytes: 0
Time for last run: 3.417015e-03
Time for last run: 3.373146e-03
Total Tasks 4000
Total Dependencies 9990
  Unable to estimate local/nonlocal dependencies
Total FLOPs 2304000
Total Bytes 0
Elapsed Time 3.373146e-03 seconds
FLOP/s 6.830419e+08
B/s 0.000000e+00
Transfer (estimated):
  Unable to estimate local/nonlocal transfer
[Partition 0][Node 0] End of program
=== system charm_old pes 4 iter 2 rep 7 ===
Charm++> Running on MPI library: MPI VERSION    : CRAY MPICH version 8.1.32.110 (ANL base 3.4a2)
MPI BUILD INFO : Thu Feb 06 22:53 2025 (git hash f9c5634)
 (MPI standard: 3.1)
Charm++> Level of thread support used: MPI_THREAD_FUNNELED (desired: MPI_THREAD_FUNNELED)
Charm++> Running in SMP mode: 1 processes, 4 worker threads (PEs) + 1 comm threads per process, 4 PEs total
Charm++> The comm. thread both sends and receives messages
Converse/Charm++ Commit ID: v8.0.1-devel-36-g3c3086b33
CharmLB> Load balancer assumes all CPUs are same.
Charm++> cpu affinity enabled. 
Charm++> Running on 1 hosts (2 sockets x 2 cores x 1 PUs = 5-way SMP)
Charm++> cpu topology info is gathered in 0.001 seconds.
CharmLB> Load balancing instrumentation for communication is off.
Running Task Benchmark
  Configuration:
    Task Graph 1:
      Time Steps: 1000
      Max Width: 4
      Dependence Type: stencil_1d
      Radix: 3
      Period: 0
      Fraction Connected: 0.250000
      Kernel:
        Type: compute_bound
        Iterations: 2
        Samples: 16
        Imbalance: 0.000000
      Output Bytes: 16
      Scratch Bytes: 0
Time for last run: 3.161907e-03
Time for last run: 3.109932e-03
Total Tasks 4000
Total Dependencies 9990
  Unable to estimate local/nonlocal dependencies
Total FLOPs 1280000
Total Bytes 0
Elapsed Time 3.109932e-03 seconds
FLOP/s 4.115846e+08
B/s 0.000000e+00
Transfer (estimated):
  Unable to estimate local/nonlocal transfer
[Partition 0][Node 0] End of program
