=== system charm_old pes 1 iter 16384 rep 1 ===
Charm++> Running on MPI library: MPI VERSION    : CRAY MPICH version 8.1.32.110 (ANL base 3.4a2)
MPI BUILD INFO : Thu Feb 06 22:53 2025 (git hash f9c5634)
 (MPI standard: 3.1)
Charm++> Level of thread support used: MPI_THREAD_FUNNELED (desired: MPI_THREAD_FUNNELED)
Charm++> Running in SMP mode: 1 processes, 1 worker threads (PEs) + 1 comm threads per process, 1 PEs total
Charm++> The comm. thread both sends and receives messages
Converse/Charm++ Commit ID: v8.0.1-devel-36-g3c3086b33
CharmLB> Load balancer assumes all CPUs are same.
Charm++> cpu affinity enabled. 
Charm++> Running on 1 hosts (2 sockets x 1 cores x 1 PUs = 2-way SMP)
Charm++> cpu topology info is gathered in 0.001 seconds.
CharmLB> Load balancing instrumentation for communication is off.
Running Task Benchmark
  Configuration:
    Task Graph 1:
      Time Steps: 1000
      Max Width: 1
      Dependence Type: stencil_1d
      Radix: 3
      Period: 0
      Fraction Connected: 0.250000
      Kernel:
        Type: compute_bound
        Iterations: 16384
        Samples: 16
        Imbalance: 0.000000
      Output Bytes: 16
      Scratch Bytes: 0
Time for last run: 7.472897e-02
Time for last run: 7.479191e-02
Total Tasks 1000
Total Dependencies 999
  Unable to estimate local/nonlocal dependencies
Total FLOPs 2097216000
Total Bytes 0
Elapsed Time 7.479191e-02 seconds
FLOP/s 2.804068e+10
B/s 0.000000e+00
Transfer (estimated):
  Unable to estimate local/nonlocal transfer
[Partition 0][Node 0] End of program
=== system charm_old pes 1 iter 8192 rep 1 ===
Charm++> Running on MPI library: MPI VERSION    : CRAY MPICH version 8.1.32.110 (ANL base 3.4a2)
MPI BUILD INFO : Thu Feb 06 22:53 2025 (git hash f9c5634)
 (MPI standard: 3.1)
Charm++> Level of thread support used: MPI_THREAD_FUNNELED (desired: MPI_THREAD_FUNNELED)
Charm++> Running in SMP mode: 1 processes, 1 worker threads (PEs) + 1 comm threads per process, 1 PEs total
Charm++> The comm. thread both sends and receives messages
Converse/Charm++ Commit ID: v8.0.1-devel-36-g3c3086b33
CharmLB> Load balancer assumes all CPUs are same.
Charm++> cpu affinity enabled. 
Charm++> Running on 1 hosts (2 sockets x 1 cores x 1 PUs = 2-way SMP)
Charm++> cpu topology info is gathered in 0.001 seconds.
CharmLB> Load balancing instrumentation for communication is off.
Running Task Benchmark
  Configuration:
    Task Graph 1:
      Time Steps: 1000
      Max Width: 1
      Dependence Type: stencil_1d
      Radix: 3
      Period: 0
      Fraction Connected: 0.250000
      Kernel:
        Type: compute_bound
        Iterations: 8192
        Samples: 16
        Imbalance: 0.000000
      Output Bytes: 16
      Scratch Bytes: 0
Time for last run: 3.768492e-02
Time for last run: 3.793597e-02
Total Tasks 1000
Total Dependencies 999
  Unable to estimate local/nonlocal dependencies
Total FLOPs 1048640000
Total Bytes 0
Elapsed Time 3.793597e-02 seconds
FLOP/s 2.764237e+10
B/s 0.000000e+00
Transfer (estimated):
  Unable to estimate local/nonlocal transfer
[Partition 0][Node 0] End of program
=== system charm_old pes 1 iter 4096 rep 1 ===
Charm++> Running on MPI library: MPI VERSION    : CRAY MPICH version 8.1.32.110 (ANL base 3.4a2)
MPI BUILD INFO : Thu Feb 06 22:53 2025 (git hash f9c5634)
 (MPI standard: 3.1)
Charm++> Level of thread support used: MPI_THREAD_FUNNELED (desired: MPI_THREAD_FUNNELED)
Charm++> Running in SMP mode: 1 processes, 1 worker threads (PEs) + 1 comm threads per process, 1 PEs total
Charm++> The comm. thread both sends and receives messages
Converse/Charm++ Commit ID: v8.0.1-devel-36-g3c3086b33
CharmLB> Load balancer assumes all CPUs are same.
Charm++> cpu affinity enabled. 
Charm++> Running on 1 hosts (2 sockets x 1 cores x 1 PUs = 2-way SMP)
Charm++> cpu topology info is gathered in 0.001 seconds.
CharmLB> Load balancing instrumentation for communication is off.
Running Task Benchmark
  Configuration:
    Task Graph 1:
      Time Steps: 1000
      Max Width: 1
      Dependence Type: stencil_1d
      Radix: 3
      Period: 0
      Fraction Connected: 0.250000
      Kernel:
        Type: compute_bound
        Iterations: 4096
        Samples: 16
        Imbalance: 0.000000
      Output Bytes: 16
      Scratch Bytes: 0
Time for last run: 1.913786e-02
Time for last run: 1.934004e-02
Total Tasks 1000
Total Dependencies 999
  Unable to estimate local/nonlocal dependencies
Total FLOPs 524352000
Total Bytes 0
Elapsed Time 1.934004e-02 seconds
FLOP/s 2.711225e+10
B/s 0.000000e+00
Transfer (estimated):
  Unable to estimate local/nonlocal transfer
[Partition 0][Node 0] End of program
=== system charm_old pes 1 iter 2048 rep 1 ===
Charm++> Running on MPI library: MPI VERSION    : CRAY MPICH version 8.1.32.110 (ANL base 3.4a2)
MPI BUILD INFO : Thu Feb 06 22:53 2025 (git hash f9c5634)
 (MPI standard: 3.1)
Charm++> Level of thread support used: MPI_THREAD_FUNNELED (desired: MPI_THREAD_FUNNELED)
Charm++> Running in SMP mode: 1 processes, 1 worker threads (PEs) + 1 comm threads per process, 1 PEs total
Charm++> The comm. thread both sends and receives messages
Converse/Charm++ Commit ID: v8.0.1-devel-36-g3c3086b33
CharmLB> Load balancer assumes all CPUs are same.
Charm++> cpu affinity enabled. 
Charm++> Running on 1 hosts (2 sockets x 1 cores x 1 PUs = 2-way SMP)
Charm++> cpu topology info is gathered in 0.001 seconds.
CharmLB> Load balancing instrumentation for communication is off.
Running Task Benchmark
  Configuration:
    Task Graph 1:
      Time Steps: 1000
      Max Width: 1
      Dependence Type: stencil_1d
      Radix: 3
      Period: 0
      Fraction Connected: 0.250000
      Kernel:
        Type: compute_bound
        Iterations: 2048
        Samples: 16
        Imbalance: 0.000000
      Output Bytes: 16
      Scratch Bytes: 0
Time for last run: 9.485006e-03
Time for last run: 9.889126e-03
Total Tasks 1000
Total Dependencies 999
  Unable to estimate local/nonlocal dependencies
Total FLOPs 262208000
Total Bytes 0
Elapsed Time 9.889126e-03 seconds
FLOP/s 2.651478e+10
B/s 0.000000e+00
Transfer (estimated):
  Unable to estimate local/nonlocal transfer
[Partition 0][Node 0] End of program
=== system charm_old pes 1 iter 1024 rep 1 ===
Charm++> Running on MPI library: MPI VERSION    : CRAY MPICH version 8.1.32.110 (ANL base 3.4a2)
MPI BUILD INFO : Thu Feb 06 22:53 2025 (git hash f9c5634)
 (MPI standard: 3.1)
Charm++> Level of thread support used: MPI_THREAD_FUNNELED (desired: MPI_THREAD_FUNNELED)
Charm++> Running in SMP mode: 1 processes, 1 worker threads (PEs) + 1 comm threads per process, 1 PEs total
Charm++> The comm. thread both sends and receives messages
Converse/Charm++ Commit ID: v8.0.1-devel-36-g3c3086b33
CharmLB> Load balancer assumes all CPUs are same.
Charm++> cpu affinity enabled. 
Charm++> Running on 1 hosts (2 sockets x 1 cores x 1 PUs = 2-way SMP)
Charm++> cpu topology info is gathered in 0.001 seconds.
CharmLB> Load balancing instrumentation for communication is off.
Running Task Benchmark
  Configuration:
    Task Graph 1:
      Time Steps: 1000
      Max Width: 1
      Dependence Type: stencil_1d
      Radix: 3
      Period: 0
      Fraction Connected: 0.250000
      Kernel:
        Type: compute_bound
        Iterations: 1024
        Samples: 16
        Imbalance: 0.000000
      Output Bytes: 16
      Scratch Bytes: 0
Time for last run: 5.321980e-03
Time for last run: 5.479097e-03
Total Tasks 1000
Total Dependencies 999
  Unable to estimate local/nonlocal dependencies
Total FLOPs 131136000
Total Bytes 0
Elapsed Time 5.479097e-03 seconds
FLOP/s 2.393387e+10
B/s 0.000000e+00
Transfer (estimated):
  Unable to estimate local/nonlocal transfer
[Partition 0][Node 0] End of program
=== system charm_old pes 1 iter 512 rep 1 ===
Charm++> Running on MPI library: MPI VERSION    : CRAY MPICH version 8.1.32.110 (ANL base 3.4a2)
MPI BUILD INFO : Thu Feb 06 22:53 2025 (git hash f9c5634)
 (MPI standard: 3.1)
Charm++> Level of thread support used: MPI_THREAD_FUNNELED (desired: MPI_THREAD_FUNNELED)
Charm++> Running in SMP mode: 1 processes, 1 worker threads (PEs) + 1 comm threads per process, 1 PEs total
Charm++> The comm. thread both sends and receives messages
Converse/Charm++ Commit ID: v8.0.1-devel-36-g3c3086b33
CharmLB> Load balancer assumes all CPUs are same.
Charm++> cpu affinity enabled. 
Charm++> Running on 1 hosts (2 sockets x 1 cores x 1 PUs = 2-way SMP)
Charm++> cpu topology info is gathered in 0.001 seconds.
CharmLB> Load balancing instrumentation for communication is off.
Running Task Benchmark
  Configuration:
    Task Graph 1:
      Time Steps: 1000
      Max Width: 1
      Dependence Type: stencil_1d
      Radix: 3
      Period: 0
      Fraction Connected: 0.250000
      Kernel:
        Type: compute_bound
        Iterations: 512
        Samples: 16
        Imbalance: 0.000000
      Output Bytes: 16
      Scratch Bytes: 0
Time for last run: 2.983093e-03
Time for last run: 3.159046e-03
Total Tasks 1000
Total Dependencies 999
  Unable to estimate local/nonlocal dependencies
Total FLOPs 65600000
Total Bytes 0
Elapsed Time 3.159046e-03 seconds
FLOP/s 2.076576e+10
B/s 0.000000e+00
Transfer (estimated):
  Unable to estimate local/nonlocal transfer
[Partition 0][Node 0] End of program
=== system charm_old pes 1 iter 256 rep 1 ===
Charm++> Running on MPI library: MPI VERSION    : CRAY MPICH version 8.1.32.110 (ANL base 3.4a2)
MPI BUILD INFO : Thu Feb 06 22:53 2025 (git hash f9c5634)
 (MPI standard: 3.1)
Charm++> Level of thread support used: MPI_THREAD_FUNNELED (desired: MPI_THREAD_FUNNELED)
Charm++> Running in SMP mode: 1 processes, 1 worker threads (PEs) + 1 comm threads per process, 1 PEs total
Charm++> The comm. thread both sends and receives messages
Converse/Charm++ Commit ID: v8.0.1-devel-36-g3c3086b33
CharmLB> Load balancer assumes all CPUs are same.
Charm++> cpu affinity enabled. 
Charm++> Running on 1 hosts (2 sockets x 1 cores x 1 PUs = 2-way SMP)
Charm++> cpu topology info is gathered in 0.001 seconds.
CharmLB> Load balancing instrumentation for communication is off.
Running Task Benchmark
  Configuration:
    Task Graph 1:
      Time Steps: 1000
      Max Width: 1
      Dependence Type: stencil_1d
      Radix: 3
      Period: 0
      Fraction Connected: 0.250000
      Kernel:
        Type: compute_bound
        Iterations: 256
        Samples: 16
        Imbalance: 0.000000
      Output Bytes: 16
      Scratch Bytes: 0
Time for last run: 1.887083e-03
Time for last run: 1.886129e-03
Total Tasks 1000
Total Dependencies 999
  Unable to estimate local/nonlocal dependencies
Total FLOPs 32832000
Total Bytes 0
Elapsed Time 1.886129e-03 seconds
FLOP/s 1.740708e+10
B/s 0.000000e+00
Transfer (estimated):
  Unable to estimate local/nonlocal transfer
[Partition 0][Node 0] End of program
=== system charm_old pes 1 iter 128 rep 1 ===
Charm++> Running on MPI library: MPI VERSION    : CRAY MPICH version 8.1.32.110 (ANL base 3.4a2)
MPI BUILD INFO : Thu Feb 06 22:53 2025 (git hash f9c5634)
 (MPI standard: 3.1)
Charm++> Level of thread support used: MPI_THREAD_FUNNELED (desired: MPI_THREAD_FUNNELED)
Charm++> Running in SMP mode: 1 processes, 1 worker threads (PEs) + 1 comm threads per process, 1 PEs total
Charm++> The comm. thread both sends and receives messages
Converse/Charm++ Commit ID: v8.0.1-devel-36-g3c3086b33
CharmLB> Load balancer assumes all CPUs are same.
Charm++> cpu affinity enabled. 
Charm++> Running on 1 hosts (2 sockets x 1 cores x 1 PUs = 2-way SMP)
Charm++> cpu topology info is gathered in 0.001 seconds.
CharmLB> Load balancing instrumentation for communication is off.
Running Task Benchmark
  Configuration:
    Task Graph 1:
      Time Steps: 1000
      Max Width: 1
      Dependence Type: stencil_1d
      Radix: 3
      Period: 0
      Fraction Connected: 0.250000
      Kernel:
        Type: compute_bound
        Iterations: 128
        Samples: 16
        Imbalance: 0.000000
      Output Bytes: 16
      Scratch Bytes: 0
Time for last run: 1.358986e-03
Time for last run: 1.348972e-03
Total Tasks 1000
Total Dependencies 999
  Unable to estimate local/nonlocal dependencies
Total FLOPs 16448000
Total Bytes 0
Elapsed Time 1.348972e-03 seconds
FLOP/s 1.219299e+10
B/s 0.000000e+00
Transfer (estimated):
  Unable to estimate local/nonlocal transfer
[Partition 0][Node 0] End of program
=== system charm_old pes 1 iter 64 rep 1 ===
Charm++> Running on MPI library: MPI VERSION    : CRAY MPICH version 8.1.32.110 (ANL base 3.4a2)
MPI BUILD INFO : Thu Feb 06 22:53 2025 (git hash f9c5634)
 (MPI standard: 3.1)
Charm++> Level of thread support used: MPI_THREAD_FUNNELED (desired: MPI_THREAD_FUNNELED)
Charm++> Running in SMP mode: 1 processes, 1 worker threads (PEs) + 1 comm threads per process, 1 PEs total
Charm++> The comm. thread both sends and receives messages
Converse/Charm++ Commit ID: v8.0.1-devel-36-g3c3086b33
CharmLB> Load balancer assumes all CPUs are same.
Charm++> cpu affinity enabled. 
Charm++> Running on 1 hosts (2 sockets x 1 cores x 1 PUs = 2-way SMP)
Charm++> cpu topology info is gathered in 0.001 seconds.
CharmLB> Load balancing instrumentation for communication is off.
Running Task Benchmark
  Configuration:
    Task Graph 1:
      Time Steps: 1000
      Max Width: 1
      Dependence Type: stencil_1d
      Radix: 3
      Period: 0
      Fraction Connected: 0.250000
      Kernel:
        Type: compute_bound
        Iterations: 64
        Samples: 16
        Imbalance: 0.000000
      Output Bytes: 16
      Scratch Bytes: 0
Time for last run: 8.709431e-04
Time for last run: 8.611679e-04
Total Tasks 1000
Total Dependencies 999
  Unable to estimate local/nonlocal dependencies
Total FLOPs 8256000
Total Bytes 0
Elapsed Time 8.611679e-04 seconds
FLOP/s 9.586981e+09
B/s 0.000000e+00
Transfer (estimated):
  Unable to estimate local/nonlocal transfer
[Partition 0][Node 0] End of program
=== system charm_old pes 1 iter 32 rep 1 ===
Charm++> Running on MPI library: MPI VERSION    : CRAY MPICH version 8.1.32.110 (ANL base 3.4a2)
MPI BUILD INFO : Thu Feb 06 22:53 2025 (git hash f9c5634)
 (MPI standard: 3.1)
Charm++> Level of thread support used: MPI_THREAD_FUNNELED (desired: MPI_THREAD_FUNNELED)
Charm++> Running in SMP mode: 1 processes, 1 worker threads (PEs) + 1 comm threads per process, 1 PEs total
Charm++> The comm. thread both sends and receives messages
Converse/Charm++ Commit ID: v8.0.1-devel-36-g3c3086b33
CharmLB> Load balancer assumes all CPUs are same.
Charm++> cpu affinity enabled. 
Charm++> Running on 1 hosts (2 sockets x 1 cores x 1 PUs = 2-way SMP)
Charm++> cpu topology info is gathered in 0.001 seconds.
CharmLB> Load balancing instrumentation for communication is off.
Running Task Benchmark
  Configuration:
    Task Graph 1:
      Time Steps: 1000
      Max Width: 1
      Dependence Type: stencil_1d
      Radix: 3
      Period: 0
      Fraction Connected: 0.250000
      Kernel:
        Type: compute_bound
        Iterations: 32
        Samples: 16
        Imbalance: 0.000000
      Output Bytes: 16
      Scratch Bytes: 0
Time for last run: 7.579327e-04
Time for last run: 7.839203e-04
Total Tasks 1000
Total Dependencies 999
  Unable to estimate local/nonlocal dependencies
Total FLOPs 4160000
Total Bytes 0
Elapsed Time 7.839203e-04 seconds
FLOP/s 5.306662e+09
B/s 0.000000e+00
Transfer (estimated):
  Unable to estimate local/nonlocal transfer
[Partition 0][Node 0] End of program
=== system charm_old pes 1 iter 16 rep 1 ===
Charm++> Running on MPI library: MPI VERSION    : CRAY MPICH version 8.1.32.110 (ANL base 3.4a2)
MPI BUILD INFO : Thu Feb 06 22:53 2025 (git hash f9c5634)
 (MPI standard: 3.1)
Charm++> Level of thread support used: MPI_THREAD_FUNNELED (desired: MPI_THREAD_FUNNELED)
Charm++> Running in SMP mode: 1 processes, 1 worker threads (PEs) + 1 comm threads per process, 1 PEs total
Charm++> The comm. thread both sends and receives messages
Converse/Charm++ Commit ID: v8.0.1-devel-36-g3c3086b33
CharmLB> Load balancer assumes all CPUs are same.
Charm++> cpu affinity enabled. 
Charm++> Running on 1 hosts (2 sockets x 1 cores x 1 PUs = 2-way SMP)
Charm++> cpu topology info is gathered in 0.001 seconds.
CharmLB> Load balancing instrumentation for communication is off.
Running Task Benchmark
  Configuration:
    Task Graph 1:
      Time Steps: 1000
      Max Width: 1
      Dependence Type: stencil_1d
      Radix: 3
      Period: 0
      Fraction Connected: 0.250000
      Kernel:
        Type: compute_bound
        Iterations: 16
        Samples: 16
        Imbalance: 0.000000
      Output Bytes: 16
      Scratch Bytes: 0
Time for last run: 8.990765e-04
Time for last run: 8.809566e-04
Total Tasks 1000
Total Dependencies 999
  Unable to estimate local/nonlocal dependencies
Total FLOPs 2112000
Total Bytes 0
Elapsed Time 8.809566e-04 seconds
FLOP/s 2.397394e+09
B/s 0.000000e+00
Transfer (estimated):
  Unable to estimate local/nonlocal transfer
[Partition 0][Node 0] End of program
=== system charm_old pes 1 iter 8 rep 1 ===
Charm++> Running on MPI library: MPI VERSION    : CRAY MPICH version 8.1.32.110 (ANL base 3.4a2)
MPI BUILD INFO : Thu Feb 06 22:53 2025 (git hash f9c5634)
 (MPI standard: 3.1)
Charm++> Level of thread support used: MPI_THREAD_FUNNELED (desired: MPI_THREAD_FUNNELED)
Charm++> Running in SMP mode: 1 processes, 1 worker threads (PEs) + 1 comm threads per process, 1 PEs total
Charm++> The comm. thread both sends and receives messages
Converse/Charm++ Commit ID: v8.0.1-devel-36-g3c3086b33
CharmLB> Load balancer assumes all CPUs are same.
Charm++> cpu affinity enabled. 
Charm++> Running on 1 hosts (2 sockets x 1 cores x 1 PUs = 2-way SMP)
Charm++> cpu topology info is gathered in 0.001 seconds.
CharmLB> Load balancing instrumentation for communication is off.
Running Task Benchmark
  Configuration:
    Task Graph 1:
      Time Steps: 1000
      Max Width: 1
      Dependence Type: stencil_1d
      Radix: 3
      Period: 0
      Fraction Connected: 0.250000
      Kernel:
        Type: compute_bound
        Iterations: 8
        Samples: 16
        Imbalance: 0.000000
      Output Bytes: 16
      Scratch Bytes: 0
Time for last run: 8.609295e-04
Time for last run: 8.461475e-04
Total Tasks 1000
Total Dependencies 999
  Unable to estimate local/nonlocal dependencies
Total FLOPs 1088000
Total Bytes 0
Elapsed Time 8.461475e-04 seconds
FLOP/s 1.285828e+09
B/s 0.000000e+00
Transfer (estimated):
  Unable to estimate local/nonlocal transfer
[Partition 0][Node 0] End of program
=== system charm_old pes 1 iter 4 rep 1 ===
Charm++> Running on MPI library: MPI VERSION    : CRAY MPICH version 8.1.32.110 (ANL base 3.4a2)
MPI BUILD INFO : Thu Feb 06 22:53 2025 (git hash f9c5634)
 (MPI standard: 3.1)
Charm++> Level of thread support used: MPI_THREAD_FUNNELED (desired: MPI_THREAD_FUNNELED)
Charm++> Running in SMP mode: 1 processes, 1 worker threads (PEs) + 1 comm threads per process, 1 PEs total
Charm++> The comm. thread both sends and receives messages
Converse/Charm++ Commit ID: v8.0.1-devel-36-g3c3086b33
CharmLB> Load balancer assumes all CPUs are same.
Charm++> cpu affinity enabled. 
Charm++> Running on 1 hosts (2 sockets x 1 cores x 1 PUs = 2-way SMP)
Charm++> cpu topology info is gathered in 0.001 seconds.
CharmLB> Load balancing instrumentation for communication is off.
Running Task Benchmark
  Configuration:
    Task Graph 1:
      Time Steps: 1000
      Max Width: 1
      Dependence Type: stencil_1d
      Radix: 3
      Period: 0
      Fraction Connected: 0.250000
      Kernel:
        Type: compute_bound
        Iterations: 4
        Samples: 16
        Imbalance: 0.000000
      Output Bytes: 16
      Scratch Bytes: 0
Time for last run: 8.540154e-04
Time for last run: 8.301735e-04
Total Tasks 1000
Total Dependencies 999
  Unable to estimate local/nonlocal dependencies
Total FLOPs 576000
Total Bytes 0
Elapsed Time 8.301735e-04 seconds
FLOP/s 6.938309e+08
B/s 0.000000e+00
Transfer (estimated):
  Unable to estimate local/nonlocal transfer
[Partition 0][Node 0] End of program
=== system charm_old pes 1 iter 2 rep 1 ===
Charm++> Running on MPI library: MPI VERSION    : CRAY MPICH version 8.1.32.110 (ANL base 3.4a2)
MPI BUILD INFO : Thu Feb 06 22:53 2025 (git hash f9c5634)
 (MPI standard: 3.1)
Charm++> Level of thread support used: MPI_THREAD_FUNNELED (desired: MPI_THREAD_FUNNELED)
Charm++> Running in SMP mode: 1 processes, 1 worker threads (PEs) + 1 comm threads per process, 1 PEs total
Charm++> The comm. thread both sends and receives messages
Converse/Charm++ Commit ID: v8.0.1-devel-36-g3c3086b33
CharmLB> Load balancer assumes all CPUs are same.
Charm++> cpu affinity enabled. 
Charm++> Running on 1 hosts (2 sockets x 1 cores x 1 PUs = 2-way SMP)
Charm++> cpu topology info is gathered in 0.001 seconds.
CharmLB> Load balancing instrumentation for communication is off.
Running Task Benchmark
  Configuration:
    Task Graph 1:
      Time Steps: 1000
      Max Width: 1
      Dependence Type: stencil_1d
      Radix: 3
      Period: 0
      Fraction Connected: 0.250000
      Kernel:
        Type: compute_bound
        Iterations: 2
        Samples: 16
        Imbalance: 0.000000
      Output Bytes: 16
      Scratch Bytes: 0
Time for last run: 8.370876e-04
Time for last run: 8.201599e-04
Total Tasks 1000
Total Dependencies 999
  Unable to estimate local/nonlocal dependencies
Total FLOPs 320000
Total Bytes 0
Elapsed Time 8.201599e-04 seconds
FLOP/s 3.901678e+08
B/s 0.000000e+00
Transfer (estimated):
  Unable to estimate local/nonlocal transfer
[Partition 0][Node 0] End of program
=== system charm_old pes 1 iter 16384 rep 2 ===
Charm++> Running on MPI library: MPI VERSION    : CRAY MPICH version 8.1.32.110 (ANL base 3.4a2)
MPI BUILD INFO : Thu Feb 06 22:53 2025 (git hash f9c5634)
 (MPI standard: 3.1)
Charm++> Level of thread support used: MPI_THREAD_FUNNELED (desired: MPI_THREAD_FUNNELED)
Charm++> Running in SMP mode: 1 processes, 1 worker threads (PEs) + 1 comm threads per process, 1 PEs total
Charm++> The comm. thread both sends and receives messages
Converse/Charm++ Commit ID: v8.0.1-devel-36-g3c3086b33
CharmLB> Load balancer assumes all CPUs are same.
Charm++> cpu affinity enabled. 
Charm++> Running on 1 hosts (2 sockets x 1 cores x 1 PUs = 2-way SMP)
Charm++> cpu topology info is gathered in 0.001 seconds.
CharmLB> Load balancing instrumentation for communication is off.
Running Task Benchmark
  Configuration:
    Task Graph 1:
      Time Steps: 1000
      Max Width: 1
      Dependence Type: stencil_1d
      Radix: 3
      Period: 0
      Fraction Connected: 0.250000
      Kernel:
        Type: compute_bound
        Iterations: 16384
        Samples: 16
        Imbalance: 0.000000
      Output Bytes: 16
      Scratch Bytes: 0
Time for last run: 5.598807e-02
Time for last run: 5.600786e-02
Total Tasks 1000
Total Dependencies 999
  Unable to estimate local/nonlocal dependencies
Total FLOPs 2097216000
Total Bytes 0
Elapsed Time 5.600786e-02 seconds
FLOP/s 3.744503e+10
B/s 0.000000e+00
Transfer (estimated):
  Unable to estimate local/nonlocal transfer
[Partition 0][Node 0] End of program
=== system charm_old pes 1 iter 8192 rep 2 ===
Charm++> Running on MPI library: MPI VERSION    : CRAY MPICH version 8.1.32.110 (ANL base 3.4a2)
MPI BUILD INFO : Thu Feb 06 22:53 2025 (git hash f9c5634)
 (MPI standard: 3.1)
Charm++> Level of thread support used: MPI_THREAD_FUNNELED (desired: MPI_THREAD_FUNNELED)
Charm++> Running in SMP mode: 1 processes, 1 worker threads (PEs) + 1 comm threads per process, 1 PEs total
Charm++> The comm. thread both sends and receives messages
Converse/Charm++ Commit ID: v8.0.1-devel-36-g3c3086b33
CharmLB> Load balancer assumes all CPUs are same.
Charm++> cpu affinity enabled. 
Charm++> Running on 1 hosts (2 sockets x 1 cores x 1 PUs = 2-way SMP)
Charm++> cpu topology info is gathered in 0.001 seconds.
CharmLB> Load balancing instrumentation for communication is off.
Running Task Benchmark
  Configuration:
    Task Graph 1:
      Time Steps: 1000
      Max Width: 1
      Dependence Type: stencil_1d
      Radix: 3
      Period: 0
      Fraction Connected: 0.250000
      Kernel:
        Type: compute_bound
        Iterations: 8192
        Samples: 16
        Imbalance: 0.000000
      Output Bytes: 16
      Scratch Bytes: 0
Time for last run: 3.750610e-02
Time for last run: 3.783298e-02
Total Tasks 1000
Total Dependencies 999
  Unable to estimate local/nonlocal dependencies
Total FLOPs 1048640000
Total Bytes 0
Elapsed Time 3.783298e-02 seconds
FLOP/s 2.771762e+10
B/s 0.000000e+00
Transfer (estimated):
  Unable to estimate local/nonlocal transfer
[Partition 0][Node 0] End of program
=== system charm_old pes 1 iter 4096 rep 2 ===
Charm++> Running on MPI library: MPI VERSION    : CRAY MPICH version 8.1.32.110 (ANL base 3.4a2)
MPI BUILD INFO : Thu Feb 06 22:53 2025 (git hash f9c5634)
 (MPI standard: 3.1)
Charm++> Level of thread support used: MPI_THREAD_FUNNELED (desired: MPI_THREAD_FUNNELED)
Charm++> Running in SMP mode: 1 processes, 1 worker threads (PEs) + 1 comm threads per process, 1 PEs total
Charm++> The comm. thread both sends and receives messages
Converse/Charm++ Commit ID: v8.0.1-devel-36-g3c3086b33
CharmLB> Load balancer assumes all CPUs are same.
Charm++> cpu affinity enabled. 
Charm++> Running on 1 hosts (2 sockets x 1 cores x 1 PUs = 2-way SMP)
Charm++> cpu topology info is gathered in 0.001 seconds.
CharmLB> Load balancing instrumentation for communication is off.
Running Task Benchmark
  Configuration:
    Task Graph 1:
      Time Steps: 1000
      Max Width: 1
      Dependence Type: stencil_1d
      Radix: 3
      Period: 0
      Fraction Connected: 0.250000
      Kernel:
        Type: compute_bound
        Iterations: 4096
        Samples: 16
        Imbalance: 0.000000
      Output Bytes: 16
      Scratch Bytes: 0
Time for last run: 1.937509e-02
Time for last run: 1.933217e-02
Total Tasks 1000
Total Dependencies 999
  Unable to estimate local/nonlocal dependencies
Total FLOPs 524352000
Total Bytes 0
Elapsed Time 1.933217e-02 seconds
FLOP/s 2.712329e+10
B/s 0.000000e+00
Transfer (estimated):
  Unable to estimate local/nonlocal transfer
[Partition 0][Node 0] End of program
=== system charm_old pes 1 iter 2048 rep 2 ===
Charm++> Running on MPI library: MPI VERSION    : CRAY MPICH version 8.1.32.110 (ANL base 3.4a2)
MPI BUILD INFO : Thu Feb 06 22:53 2025 (git hash f9c5634)
 (MPI standard: 3.1)
Charm++> Level of thread support used: MPI_THREAD_FUNNELED (desired: MPI_THREAD_FUNNELED)
Charm++> Running in SMP mode: 1 processes, 1 worker threads (PEs) + 1 comm threads per process, 1 PEs total
Charm++> The comm. thread both sends and receives messages
Converse/Charm++ Commit ID: v8.0.1-devel-36-g3c3086b33
CharmLB> Load balancer assumes all CPUs are same.
Charm++> cpu affinity enabled. 
Charm++> Running on 1 hosts (2 sockets x 1 cores x 1 PUs = 2-way SMP)
Charm++> cpu topology info is gathered in 0.001 seconds.
CharmLB> Load balancing instrumentation for communication is off.
Running Task Benchmark
  Configuration:
    Task Graph 1:
      Time Steps: 1000
      Max Width: 1
      Dependence Type: stencil_1d
      Radix: 3
      Period: 0
      Fraction Connected: 0.250000
      Kernel:
        Type: compute_bound
        Iterations: 2048
        Samples: 16
        Imbalance: 0.000000
      Output Bytes: 16
      Scratch Bytes: 0
Time for last run: 9.500027e-03
Time for last run: 9.505987e-03
Total Tasks 1000
Total Dependencies 999
  Unable to estimate local/nonlocal dependencies
Total FLOPs 262208000
Total Bytes 0
Elapsed Time 9.505987e-03 seconds
FLOP/s 2.758346e+10
B/s 0.000000e+00
Transfer (estimated):
  Unable to estimate local/nonlocal transfer
[Partition 0][Node 0] End of program
=== system charm_old pes 1 iter 1024 rep 2 ===
Charm++> Running on MPI library: MPI VERSION    : CRAY MPICH version 8.1.32.110 (ANL base 3.4a2)
MPI BUILD INFO : Thu Feb 06 22:53 2025 (git hash f9c5634)
 (MPI standard: 3.1)
Charm++> Level of thread support used: MPI_THREAD_FUNNELED (desired: MPI_THREAD_FUNNELED)
Charm++> Running in SMP mode: 1 processes, 1 worker threads (PEs) + 1 comm threads per process, 1 PEs total
Charm++> The comm. thread both sends and receives messages
Converse/Charm++ Commit ID: v8.0.1-devel-36-g3c3086b33
CharmLB> Load balancer assumes all CPUs are same.
Charm++> cpu affinity enabled. 
Charm++> Running on 1 hosts (2 sockets x 1 cores x 1 PUs = 2-way SMP)
Charm++> cpu topology info is gathered in 0.001 seconds.
CharmLB> Load balancing instrumentation for communication is off.
Running Task Benchmark
  Configuration:
    Task Graph 1:
      Time Steps: 1000
      Max Width: 1
      Dependence Type: stencil_1d
      Radix: 3
      Period: 0
      Fraction Connected: 0.250000
      Kernel:
        Type: compute_bound
        Iterations: 1024
        Samples: 16
        Imbalance: 0.000000
      Output Bytes: 16
      Scratch Bytes: 0
Time for last run: 5.175114e-03
Time for last run: 5.355120e-03
Total Tasks 1000
Total Dependencies 999
  Unable to estimate local/nonlocal dependencies
Total FLOPs 131136000
Total Bytes 0
Elapsed Time 5.355120e-03 seconds
FLOP/s 2.448797e+10
B/s 0.000000e+00
Transfer (estimated):
  Unable to estimate local/nonlocal transfer
[Partition 0][Node 0] End of program
=== system charm_old pes 1 iter 512 rep 2 ===
Charm++> Running on MPI library: MPI VERSION    : CRAY MPICH version 8.1.32.110 (ANL base 3.4a2)
MPI BUILD INFO : Thu Feb 06 22:53 2025 (git hash f9c5634)
 (MPI standard: 3.1)
Charm++> Level of thread support used: MPI_THREAD_FUNNELED (desired: MPI_THREAD_FUNNELED)
Charm++> Running in SMP mode: 1 processes, 1 worker threads (PEs) + 1 comm threads per process, 1 PEs total
Charm++> The comm. thread both sends and receives messages
Converse/Charm++ Commit ID: v8.0.1-devel-36-g3c3086b33
CharmLB> Load balancer assumes all CPUs are same.
Charm++> cpu affinity enabled. 
Charm++> Running on 1 hosts (2 sockets x 1 cores x 1 PUs = 2-way SMP)
Charm++> cpu topology info is gathered in 0.001 seconds.
CharmLB> Load balancing instrumentation for communication is off.
Running Task Benchmark
  Configuration:
    Task Graph 1:
      Time Steps: 1000
      Max Width: 1
      Dependence Type: stencil_1d
      Radix: 3
      Period: 0
      Fraction Connected: 0.250000
      Kernel:
        Type: compute_bound
        Iterations: 512
        Samples: 16
        Imbalance: 0.000000
      Output Bytes: 16
      Scratch Bytes: 0
Time for last run: 3.014088e-03
Time for last run: 2.968073e-03
Total Tasks 1000
Total Dependencies 999
  Unable to estimate local/nonlocal dependencies
Total FLOPs 65600000
Total Bytes 0
Elapsed Time 2.968073e-03 seconds
FLOP/s 2.210188e+10
B/s 0.000000e+00
Transfer (estimated):
  Unable to estimate local/nonlocal transfer
[Partition 0][Node 0] End of program
=== system charm_old pes 1 iter 256 rep 2 ===
Charm++> Running on MPI library: MPI VERSION    : CRAY MPICH version 8.1.32.110 (ANL base 3.4a2)
MPI BUILD INFO : Thu Feb 06 22:53 2025 (git hash f9c5634)
 (MPI standard: 3.1)
Charm++> Level of thread support used: MPI_THREAD_FUNNELED (desired: MPI_THREAD_FUNNELED)
Charm++> Running in SMP mode: 1 processes, 1 worker threads (PEs) + 1 comm threads per process, 1 PEs total
Charm++> The comm. thread both sends and receives messages
Converse/Charm++ Commit ID: v8.0.1-devel-36-g3c3086b33
CharmLB> Load balancer assumes all CPUs are same.
Charm++> cpu affinity enabled. 
Charm++> Running on 1 hosts (2 sockets x 1 cores x 1 PUs = 2-way SMP)
Charm++> cpu topology info is gathered in 0.001 seconds.
CharmLB> Load balancing instrumentation for communication is off.
Running Task Benchmark
  Configuration:
    Task Graph 1:
      Time Steps: 1000
      Max Width: 1
      Dependence Type: stencil_1d
      Radix: 3
      Period: 0
      Fraction Connected: 0.250000
      Kernel:
        Type: compute_bound
        Iterations: 256
        Samples: 16
        Imbalance: 0.000000
      Output Bytes: 16
      Scratch Bytes: 0
Time for last run: 2.026081e-03
Time for last run: 2.021074e-03
Total Tasks 1000
Total Dependencies 999
  Unable to estimate local/nonlocal dependencies
Total FLOPs 32832000
Total Bytes 0
Elapsed Time 2.021074e-03 seconds
FLOP/s 1.624483e+10
B/s 0.000000e+00
Transfer (estimated):
  Unable to estimate local/nonlocal transfer
[Partition 0][Node 0] End of program
=== system charm_old pes 1 iter 128 rep 2 ===
Charm++> Running on MPI library: MPI VERSION    : CRAY MPICH version 8.1.32.110 (ANL base 3.4a2)
MPI BUILD INFO : Thu Feb 06 22:53 2025 (git hash f9c5634)
 (MPI standard: 3.1)
Charm++> Level of thread support used: MPI_THREAD_FUNNELED (desired: MPI_THREAD_FUNNELED)
Charm++> Running in SMP mode: 1 processes, 1 worker threads (PEs) + 1 comm threads per process, 1 PEs total
Charm++> The comm. thread both sends and receives messages
Converse/Charm++ Commit ID: v8.0.1-devel-36-g3c3086b33
CharmLB> Load balancer assumes all CPUs are same.
Charm++> cpu affinity enabled. 
Charm++> Running on 1 hosts (2 sockets x 1 cores x 1 PUs = 2-way SMP)
Charm++> cpu topology info is gathered in 0.001 seconds.
CharmLB> Load balancing instrumentation for communication is off.
Running Task Benchmark
  Configuration:
    Task Graph 1:
      Time Steps: 1000
      Max Width: 1
      Dependence Type: stencil_1d
      Radix: 3
      Period: 0
      Fraction Connected: 0.250000
      Kernel:
        Type: compute_bound
        Iterations: 128
        Samples: 16
        Imbalance: 0.000000
      Output Bytes: 16
      Scratch Bytes: 0
Time for last run: 1.442909e-03
Time for last run: 1.434088e-03
Total Tasks 1000
Total Dependencies 999
  Unable to estimate local/nonlocal dependencies
Total FLOPs 16448000
Total Bytes 0
Elapsed Time 1.434088e-03 seconds
FLOP/s 1.146931e+10
B/s 0.000000e+00
Transfer (estimated):
  Unable to estimate local/nonlocal transfer
[Partition 0][Node 0] End of program
=== system charm_old pes 1 iter 64 rep 2 ===
Charm++> Running on MPI library: MPI VERSION    : CRAY MPICH version 8.1.32.110 (ANL base 3.4a2)
MPI BUILD INFO : Thu Feb 06 22:53 2025 (git hash f9c5634)
 (MPI standard: 3.1)
Charm++> Level of thread support used: MPI_THREAD_FUNNELED (desired: MPI_THREAD_FUNNELED)
Charm++> Running in SMP mode: 1 processes, 1 worker threads (PEs) + 1 comm threads per process, 1 PEs total
Charm++> The comm. thread both sends and receives messages
Converse/Charm++ Commit ID: v8.0.1-devel-36-g3c3086b33
CharmLB> Load balancer assumes all CPUs are same.
Charm++> cpu affinity enabled. 
Charm++> Running on 1 hosts (2 sockets x 1 cores x 1 PUs = 2-way SMP)
Charm++> cpu topology info is gathered in 0.001 seconds.
CharmLB> Load balancing instrumentation for communication is off.
Running Task Benchmark
  Configuration:
    Task Graph 1:
      Time Steps: 1000
      Max Width: 1
      Dependence Type: stencil_1d
      Radix: 3
      Period: 0
      Fraction Connected: 0.250000
      Kernel:
        Type: compute_bound
        Iterations: 64
        Samples: 16
        Imbalance: 0.000000
      Output Bytes: 16
      Scratch Bytes: 0
Time for last run: 1.109123e-03
Time for last run: 1.133919e-03
Total Tasks 1000
Total Dependencies 999
  Unable to estimate local/nonlocal dependencies
Total FLOPs 8256000
Total Bytes 0
Elapsed Time 1.133919e-03 seconds
FLOP/s 7.280945e+09
B/s 0.000000e+00
Transfer (estimated):
  Unable to estimate local/nonlocal transfer
[Partition 0][Node 0] End of program
=== system charm_old pes 1 iter 32 rep 2 ===
Charm++> Running on MPI library: MPI VERSION    : CRAY MPICH version 8.1.32.110 (ANL base 3.4a2)
MPI BUILD INFO : Thu Feb 06 22:53 2025 (git hash f9c5634)
 (MPI standard: 3.1)
Charm++> Level of thread support used: MPI_THREAD_FUNNELED (desired: MPI_THREAD_FUNNELED)
Charm++> Running in SMP mode: 1 processes, 1 worker threads (PEs) + 1 comm threads per process, 1 PEs total
Charm++> The comm. thread both sends and receives messages
Converse/Charm++ Commit ID: v8.0.1-devel-36-g3c3086b33
CharmLB> Load balancer assumes all CPUs are same.
Charm++> cpu affinity enabled. 
Charm++> Running on 1 hosts (2 sockets x 1 cores x 1 PUs = 2-way SMP)
Charm++> cpu topology info is gathered in 0.001 seconds.
CharmLB> Load balancing instrumentation for communication is off.
Running Task Benchmark
  Configuration:
    Task Graph 1:
      Time Steps: 1000
      Max Width: 1
      Dependence Type: stencil_1d
      Radix: 3
      Period: 0
      Fraction Connected: 0.250000
      Kernel:
        Type: compute_bound
        Iterations: 32
        Samples: 16
        Imbalance: 0.000000
      Output Bytes: 16
      Scratch Bytes: 0
Time for last run: 9.689331e-04
Time for last run: 9.648800e-04
Total Tasks 1000
Total Dependencies 999
  Unable to estimate local/nonlocal dependencies
Total FLOPs 4160000
Total Bytes 0
Elapsed Time 9.648800e-04 seconds
FLOP/s 4.311417e+09
B/s 0.000000e+00
Transfer (estimated):
  Unable to estimate local/nonlocal transfer
[Partition 0][Node 0] End of program
=== system charm_old pes 1 iter 16 rep 2 ===
Charm++> Running on MPI library: MPI VERSION    : CRAY MPICH version 8.1.32.110 (ANL base 3.4a2)
MPI BUILD INFO : Thu Feb 06 22:53 2025 (git hash f9c5634)
 (MPI standard: 3.1)
Charm++> Level of thread support used: MPI_THREAD_FUNNELED (desired: MPI_THREAD_FUNNELED)
Charm++> Running in SMP mode: 1 processes, 1 worker threads (PEs) + 1 comm threads per process, 1 PEs total
Charm++> The comm. thread both sends and receives messages
Converse/Charm++ Commit ID: v8.0.1-devel-36-g3c3086b33
CharmLB> Load balancer assumes all CPUs are same.
Charm++> cpu affinity enabled. 
Charm++> Running on 1 hosts (2 sockets x 1 cores x 1 PUs = 2-way SMP)
Charm++> cpu topology info is gathered in 0.001 seconds.
CharmLB> Load balancing instrumentation for communication is off.
Running Task Benchmark
  Configuration:
    Task Graph 1:
      Time Steps: 1000
      Max Width: 1
      Dependence Type: stencil_1d
      Radix: 3
      Period: 0
      Fraction Connected: 0.250000
      Kernel:
        Type: compute_bound
        Iterations: 16
        Samples: 16
        Imbalance: 0.000000
      Output Bytes: 16
      Scratch Bytes: 0
Time for last run: 9.570122e-04
Time for last run: 9.839535e-04
Total Tasks 1000
Total Dependencies 999
  Unable to estimate local/nonlocal dependencies
Total FLOPs 2112000
Total Bytes 0
Elapsed Time 9.839535e-04 seconds
FLOP/s 2.146443e+09
B/s 0.000000e+00
Transfer (estimated):
  Unable to estimate local/nonlocal transfer
[Partition 0][Node 0] End of program
=== system charm_old pes 1 iter 8 rep 2 ===
Charm++> Running on MPI library: MPI VERSION    : CRAY MPICH version 8.1.32.110 (ANL base 3.4a2)
MPI BUILD INFO : Thu Feb 06 22:53 2025 (git hash f9c5634)
 (MPI standard: 3.1)
Charm++> Level of thread support used: MPI_THREAD_FUNNELED (desired: MPI_THREAD_FUNNELED)
Charm++> Running in SMP mode: 1 processes, 1 worker threads (PEs) + 1 comm threads per process, 1 PEs total
Charm++> The comm. thread both sends and receives messages
Converse/Charm++ Commit ID: v8.0.1-devel-36-g3c3086b33
CharmLB> Load balancer assumes all CPUs are same.
Charm++> cpu affinity enabled. 
Charm++> Running on 1 hosts (2 sockets x 1 cores x 1 PUs = 2-way SMP)
Charm++> cpu topology info is gathered in 0.001 seconds.
CharmLB> Load balancing instrumentation for communication is off.
Running Task Benchmark
  Configuration:
    Task Graph 1:
      Time Steps: 1000
      Max Width: 1
      Dependence Type: stencil_1d
      Radix: 3
      Period: 0
      Fraction Connected: 0.250000
      Kernel:
        Type: compute_bound
        Iterations: 8
        Samples: 16
        Imbalance: 0.000000
      Output Bytes: 16
      Scratch Bytes: 0
Time for last run: 9.260178e-04
Time for last run: 9.582043e-04
Total Tasks 1000
Total Dependencies 999
  Unable to estimate local/nonlocal dependencies
Total FLOPs 1088000
Total Bytes 0
Elapsed Time 9.582043e-04 seconds
FLOP/s 1.135457e+09
B/s 0.000000e+00
Transfer (estimated):
  Unable to estimate local/nonlocal transfer
[Partition 0][Node 0] End of program
=== system charm_old pes 1 iter 4 rep 2 ===
Charm++> Running on MPI library: MPI VERSION    : CRAY MPICH version 8.1.32.110 (ANL base 3.4a2)
MPI BUILD INFO : Thu Feb 06 22:53 2025 (git hash f9c5634)
 (MPI standard: 3.1)
Charm++> Level of thread support used: MPI_THREAD_FUNNELED (desired: MPI_THREAD_FUNNELED)
Charm++> Running in SMP mode: 1 processes, 1 worker threads (PEs) + 1 comm threads per process, 1 PEs total
Charm++> The comm. thread both sends and receives messages
Converse/Charm++ Commit ID: v8.0.1-devel-36-g3c3086b33
CharmLB> Load balancer assumes all CPUs are same.
Charm++> cpu affinity enabled. 
Charm++> Running on 1 hosts (2 sockets x 1 cores x 1 PUs = 2-way SMP)
Charm++> cpu topology info is gathered in 0.001 seconds.
CharmLB> Load balancing instrumentation for communication is off.
Running Task Benchmark
  Configuration:
    Task Graph 1:
      Time Steps: 1000
      Max Width: 1
      Dependence Type: stencil_1d
      Radix: 3
      Period: 0
      Fraction Connected: 0.250000
      Kernel:
        Type: compute_bound
        Iterations: 4
        Samples: 16
        Imbalance: 0.000000
      Output Bytes: 16
      Scratch Bytes: 0
Time for last run: 8.311272e-04
Time for last run: 8.471012e-04
Total Tasks 1000
Total Dependencies 999
  Unable to estimate local/nonlocal dependencies
Total FLOPs 576000
Total Bytes 0
Elapsed Time 8.471012e-04 seconds
FLOP/s 6.799660e+08
B/s 0.000000e+00
Transfer (estimated):
  Unable to estimate local/nonlocal transfer
[Partition 0][Node 0] End of program
=== system charm_old pes 1 iter 2 rep 2 ===
Charm++> Running on MPI library: MPI VERSION    : CRAY MPICH version 8.1.32.110 (ANL base 3.4a2)
MPI BUILD INFO : Thu Feb 06 22:53 2025 (git hash f9c5634)
 (MPI standard: 3.1)
Charm++> Level of thread support used: MPI_THREAD_FUNNELED (desired: MPI_THREAD_FUNNELED)
Charm++> Running in SMP mode: 1 processes, 1 worker threads (PEs) + 1 comm threads per process, 1 PEs total
Charm++> The comm. thread both sends and receives messages
Converse/Charm++ Commit ID: v8.0.1-devel-36-g3c3086b33
CharmLB> Load balancer assumes all CPUs are same.
Charm++> cpu affinity enabled. 
Charm++> Running on 1 hosts (2 sockets x 1 cores x 1 PUs = 2-way SMP)
Charm++> cpu topology info is gathered in 0.001 seconds.
CharmLB> Load balancing instrumentation for communication is off.
Running Task Benchmark
  Configuration:
    Task Graph 1:
      Time Steps: 1000
      Max Width: 1
      Dependence Type: stencil_1d
      Radix: 3
      Period: 0
      Fraction Connected: 0.250000
      Kernel:
        Type: compute_bound
        Iterations: 2
        Samples: 16
        Imbalance: 0.000000
      Output Bytes: 16
      Scratch Bytes: 0
Time for last run: 8.859634e-04
Time for last run: 8.869171e-04
Total Tasks 1000
Total Dependencies 999
  Unable to estimate local/nonlocal dependencies
Total FLOPs 320000
Total Bytes 0
Elapsed Time 8.869171e-04 seconds
FLOP/s 3.608003e+08
B/s 0.000000e+00
Transfer (estimated):
  Unable to estimate local/nonlocal transfer
[Partition 0][Node 0] End of program
=== system charm_old pes 1 iter 16384 rep 3 ===
Charm++> Running on MPI library: MPI VERSION    : CRAY MPICH version 8.1.32.110 (ANL base 3.4a2)
MPI BUILD INFO : Thu Feb 06 22:53 2025 (git hash f9c5634)
 (MPI standard: 3.1)
Charm++> Level of thread support used: MPI_THREAD_FUNNELED (desired: MPI_THREAD_FUNNELED)
Charm++> Running in SMP mode: 1 processes, 1 worker threads (PEs) + 1 comm threads per process, 1 PEs total
Charm++> The comm. thread both sends and receives messages
Converse/Charm++ Commit ID: v8.0.1-devel-36-g3c3086b33
CharmLB> Load balancer assumes all CPUs are same.
Charm++> cpu affinity enabled. 
Charm++> Running on 1 hosts (2 sockets x 1 cores x 1 PUs = 2-way SMP)
Charm++> cpu topology info is gathered in 0.001 seconds.
CharmLB> Load balancing instrumentation for communication is off.
Running Task Benchmark
  Configuration:
    Task Graph 1:
      Time Steps: 1000
      Max Width: 1
      Dependence Type: stencil_1d
      Radix: 3
      Period: 0
      Fraction Connected: 0.250000
      Kernel:
        Type: compute_bound
        Iterations: 16384
        Samples: 16
        Imbalance: 0.000000
      Output Bytes: 16
      Scratch Bytes: 0
Time for last run: 7.486987e-02
Time for last run: 7.479000e-02
Total Tasks 1000
Total Dependencies 999
  Unable to estimate local/nonlocal dependencies
Total FLOPs 2097216000
Total Bytes 0
Elapsed Time 7.479000e-02 seconds
FLOP/s 2.804140e+10
B/s 0.000000e+00
Transfer (estimated):
  Unable to estimate local/nonlocal transfer
[Partition 0][Node 0] End of program
=== system charm_old pes 1 iter 8192 rep 3 ===
Charm++> Running on MPI library: MPI VERSION    : CRAY MPICH version 8.1.32.110 (ANL base 3.4a2)
MPI BUILD INFO : Thu Feb 06 22:53 2025 (git hash f9c5634)
 (MPI standard: 3.1)
Charm++> Level of thread support used: MPI_THREAD_FUNNELED (desired: MPI_THREAD_FUNNELED)
Charm++> Running in SMP mode: 1 processes, 1 worker threads (PEs) + 1 comm threads per process, 1 PEs total
Charm++> The comm. thread both sends and receives messages
Converse/Charm++ Commit ID: v8.0.1-devel-36-g3c3086b33
CharmLB> Load balancer assumes all CPUs are same.
Charm++> cpu affinity enabled. 
Charm++> Running on 1 hosts (2 sockets x 1 cores x 1 PUs = 2-way SMP)
Charm++> cpu topology info is gathered in 0.001 seconds.
CharmLB> Load balancing instrumentation for communication is off.
Running Task Benchmark
  Configuration:
    Task Graph 1:
      Time Steps: 1000
      Max Width: 1
      Dependence Type: stencil_1d
      Radix: 3
      Period: 0
      Fraction Connected: 0.250000
      Kernel:
        Type: compute_bound
        Iterations: 8192
        Samples: 16
        Imbalance: 0.000000
      Output Bytes: 16
      Scratch Bytes: 0
Time for last run: 3.785014e-02
Time for last run: 3.782606e-02
Total Tasks 1000
Total Dependencies 999
  Unable to estimate local/nonlocal dependencies
Total FLOPs 1048640000
Total Bytes 0
Elapsed Time 3.782606e-02 seconds
FLOP/s 2.772269e+10
B/s 0.000000e+00
Transfer (estimated):
  Unable to estimate local/nonlocal transfer
[Partition 0][Node 0] End of program
=== system charm_old pes 1 iter 4096 rep 3 ===
Charm++> Running on MPI library: MPI VERSION    : CRAY MPICH version 8.1.32.110 (ANL base 3.4a2)
MPI BUILD INFO : Thu Feb 06 22:53 2025 (git hash f9c5634)
 (MPI standard: 3.1)
Charm++> Level of thread support used: MPI_THREAD_FUNNELED (desired: MPI_THREAD_FUNNELED)
Charm++> Running in SMP mode: 1 processes, 1 worker threads (PEs) + 1 comm threads per process, 1 PEs total
Charm++> The comm. thread both sends and receives messages
Converse/Charm++ Commit ID: v8.0.1-devel-36-g3c3086b33
CharmLB> Load balancer assumes all CPUs are same.
Charm++> cpu affinity enabled. 
Charm++> Running on 1 hosts (2 sockets x 1 cores x 1 PUs = 2-way SMP)
Charm++> cpu topology info is gathered in 0.001 seconds.
CharmLB> Load balancing instrumentation for communication is off.
Running Task Benchmark
  Configuration:
    Task Graph 1:
      Time Steps: 1000
      Max Width: 1
      Dependence Type: stencil_1d
      Radix: 3
      Period: 0
      Fraction Connected: 0.250000
      Kernel:
        Type: compute_bound
        Iterations: 4096
        Samples: 16
        Imbalance: 0.000000
      Output Bytes: 16
      Scratch Bytes: 0
Time for last run: 1.904297e-02
Time for last run: 1.813102e-02
Total Tasks 1000
Total Dependencies 999
  Unable to estimate local/nonlocal dependencies
Total FLOPs 524352000
Total Bytes 0
Elapsed Time 1.813102e-02 seconds
FLOP/s 2.892016e+10
B/s 0.000000e+00
Transfer (estimated):
  Unable to estimate local/nonlocal transfer
[Partition 0][Node 0] End of program
=== system charm_old pes 1 iter 2048 rep 3 ===
Charm++> Running on MPI library: MPI VERSION    : CRAY MPICH version 8.1.32.110 (ANL base 3.4a2)
MPI BUILD INFO : Thu Feb 06 22:53 2025 (git hash f9c5634)
 (MPI standard: 3.1)
Charm++> Level of thread support used: MPI_THREAD_FUNNELED (desired: MPI_THREAD_FUNNELED)
Charm++> Running in SMP mode: 1 processes, 1 worker threads (PEs) + 1 comm threads per process, 1 PEs total
Charm++> The comm. thread both sends and receives messages
Converse/Charm++ Commit ID: v8.0.1-devel-36-g3c3086b33
CharmLB> Load balancer assumes all CPUs are same.
Charm++> cpu affinity enabled. 
Charm++> Running on 1 hosts (2 sockets x 1 cores x 1 PUs = 2-way SMP)
Charm++> cpu topology info is gathered in 0.001 seconds.
CharmLB> Load balancing instrumentation for communication is off.
Running Task Benchmark
  Configuration:
    Task Graph 1:
      Time Steps: 1000
      Max Width: 1
      Dependence Type: stencil_1d
      Radix: 3
      Period: 0
      Fraction Connected: 0.250000
      Kernel:
        Type: compute_bound
        Iterations: 2048
        Samples: 16
        Imbalance: 0.000000
      Output Bytes: 16
      Scratch Bytes: 0
Time for last run: 1.018095e-02
Time for last run: 1.011086e-02
Total Tasks 1000
Total Dependencies 999
  Unable to estimate local/nonlocal dependencies
Total FLOPs 262208000
Total Bytes 0
Elapsed Time 1.011086e-02 seconds
FLOP/s 2.593332e+10
B/s 0.000000e+00
Transfer (estimated):
  Unable to estimate local/nonlocal transfer
[Partition 0][Node 0] End of program
=== system charm_old pes 1 iter 1024 rep 3 ===
Charm++> Running on MPI library: MPI VERSION    : CRAY MPICH version 8.1.32.110 (ANL base 3.4a2)
MPI BUILD INFO : Thu Feb 06 22:53 2025 (git hash f9c5634)
 (MPI standard: 3.1)
Charm++> Level of thread support used: MPI_THREAD_FUNNELED (desired: MPI_THREAD_FUNNELED)
Charm++> Running in SMP mode: 1 processes, 1 worker threads (PEs) + 1 comm threads per process, 1 PEs total
Charm++> The comm. thread both sends and receives messages
Converse/Charm++ Commit ID: v8.0.1-devel-36-g3c3086b33
CharmLB> Load balancer assumes all CPUs are same.
Charm++> cpu affinity enabled. 
Charm++> Running on 1 hosts (2 sockets x 1 cores x 1 PUs = 2-way SMP)
Charm++> cpu topology info is gathered in 0.001 seconds.
CharmLB> Load balancing instrumentation for communication is off.
Running Task Benchmark
  Configuration:
    Task Graph 1:
      Time Steps: 1000
      Max Width: 1
      Dependence Type: stencil_1d
      Radix: 3
      Period: 0
      Fraction Connected: 0.250000
      Kernel:
        Type: compute_bound
        Iterations: 1024
        Samples: 16
        Imbalance: 0.000000
      Output Bytes: 16
      Scratch Bytes: 0
Time for last run: 5.486965e-03
Time for last run: 5.530834e-03
Total Tasks 1000
Total Dependencies 999
  Unable to estimate local/nonlocal dependencies
Total FLOPs 131136000
Total Bytes 0
Elapsed Time 5.530834e-03 seconds
FLOP/s 2.370999e+10
B/s 0.000000e+00
Transfer (estimated):
  Unable to estimate local/nonlocal transfer
[Partition 0][Node 0] End of program
=== system charm_old pes 1 iter 512 rep 3 ===
Charm++> Running on MPI library: MPI VERSION    : CRAY MPICH version 8.1.32.110 (ANL base 3.4a2)
MPI BUILD INFO : Thu Feb 06 22:53 2025 (git hash f9c5634)
 (MPI standard: 3.1)
Charm++> Level of thread support used: MPI_THREAD_FUNNELED (desired: MPI_THREAD_FUNNELED)
Charm++> Running in SMP mode: 1 processes, 1 worker threads (PEs) + 1 comm threads per process, 1 PEs total
Charm++> The comm. thread both sends and receives messages
Converse/Charm++ Commit ID: v8.0.1-devel-36-g3c3086b33
CharmLB> Load balancer assumes all CPUs are same.
Charm++> cpu affinity enabled. 
Charm++> Running on 1 hosts (2 sockets x 1 cores x 1 PUs = 2-way SMP)
Charm++> cpu topology info is gathered in 0.001 seconds.
CharmLB> Load balancing instrumentation for communication is off.
Running Task Benchmark
  Configuration:
    Task Graph 1:
      Time Steps: 1000
      Max Width: 1
      Dependence Type: stencil_1d
      Radix: 3
      Period: 0
      Fraction Connected: 0.250000
      Kernel:
        Type: compute_bound
        Iterations: 512
        Samples: 16
        Imbalance: 0.000000
      Output Bytes: 16
      Scratch Bytes: 0
Time for last run: 3.173828e-03
Time for last run: 3.217936e-03
Total Tasks 1000
Total Dependencies 999
  Unable to estimate local/nonlocal dependencies
Total FLOPs 65600000
Total Bytes 0
Elapsed Time 3.217936e-03 seconds
FLOP/s 2.038574e+10
B/s 0.000000e+00
Transfer (estimated):
  Unable to estimate local/nonlocal transfer
[Partition 0][Node 0] End of program
=== system charm_old pes 1 iter 256 rep 3 ===
Charm++> Running on MPI library: MPI VERSION    : CRAY MPICH version 8.1.32.110 (ANL base 3.4a2)
MPI BUILD INFO : Thu Feb 06 22:53 2025 (git hash f9c5634)
 (MPI standard: 3.1)
Charm++> Level of thread support used: MPI_THREAD_FUNNELED (desired: MPI_THREAD_FUNNELED)
Charm++> Running in SMP mode: 1 processes, 1 worker threads (PEs) + 1 comm threads per process, 1 PEs total
Charm++> The comm. thread both sends and receives messages
Converse/Charm++ Commit ID: v8.0.1-devel-36-g3c3086b33
CharmLB> Load balancer assumes all CPUs are same.
Charm++> cpu affinity enabled. 
Charm++> Running on 1 hosts (2 sockets x 1 cores x 1 PUs = 2-way SMP)
Charm++> cpu topology info is gathered in 0.001 seconds.
CharmLB> Load balancing instrumentation for communication is off.
Running Task Benchmark
  Configuration:
    Task Graph 1:
      Time Steps: 1000
      Max Width: 1
      Dependence Type: stencil_1d
      Radix: 3
      Period: 0
      Fraction Connected: 0.250000
      Kernel:
        Type: compute_bound
        Iterations: 256
        Samples: 16
        Imbalance: 0.000000
      Output Bytes: 16
      Scratch Bytes: 0
Time for last run: 2.019167e-03
Time for last run: 2.015829e-03
Total Tasks 1000
Total Dependencies 999
  Unable to estimate local/nonlocal dependencies
Total FLOPs 32832000
Total Bytes 0
Elapsed Time 2.015829e-03 seconds
FLOP/s 1.628710e+10
B/s 0.000000e+00
Transfer (estimated):
  Unable to estimate local/nonlocal transfer
[Partition 0][Node 0] End of program
=== system charm_old pes 1 iter 128 rep 3 ===
Charm++> Running on MPI library: MPI VERSION    : CRAY MPICH version 8.1.32.110 (ANL base 3.4a2)
MPI BUILD INFO : Thu Feb 06 22:53 2025 (git hash f9c5634)
 (MPI standard: 3.1)
Charm++> Level of thread support used: MPI_THREAD_FUNNELED (desired: MPI_THREAD_FUNNELED)
Charm++> Running in SMP mode: 1 processes, 1 worker threads (PEs) + 1 comm threads per process, 1 PEs total
Charm++> The comm. thread both sends and receives messages
Converse/Charm++ Commit ID: v8.0.1-devel-36-g3c3086b33
CharmLB> Load balancer assumes all CPUs are same.
Charm++> cpu affinity enabled. 
Charm++> Running on 1 hosts (2 sockets x 1 cores x 1 PUs = 2-way SMP)
Charm++> cpu topology info is gathered in 0.001 seconds.
CharmLB> Load balancing instrumentation for communication is off.
Running Task Benchmark
  Configuration:
    Task Graph 1:
      Time Steps: 1000
      Max Width: 1
      Dependence Type: stencil_1d
      Radix: 3
      Period: 0
      Fraction Connected: 0.250000
      Kernel:
        Type: compute_bound
        Iterations: 128
        Samples: 16
        Imbalance: 0.000000
      Output Bytes: 16
      Scratch Bytes: 0
Time for last run: 1.451015e-03
Time for last run: 1.434088e-03
Total Tasks 1000
Total Dependencies 999
  Unable to estimate local/nonlocal dependencies
Total FLOPs 16448000
Total Bytes 0
Elapsed Time 1.434088e-03 seconds
FLOP/s 1.146931e+10
B/s 0.000000e+00
Transfer (estimated):
  Unable to estimate local/nonlocal transfer
[Partition 0][Node 0] End of program
=== system charm_old pes 1 iter 64 rep 3 ===
Charm++> Running on MPI library: MPI VERSION    : CRAY MPICH version 8.1.32.110 (ANL base 3.4a2)
MPI BUILD INFO : Thu Feb 06 22:53 2025 (git hash f9c5634)
 (MPI standard: 3.1)
Charm++> Level of thread support used: MPI_THREAD_FUNNELED (desired: MPI_THREAD_FUNNELED)
Charm++> Running in SMP mode: 1 processes, 1 worker threads (PEs) + 1 comm threads per process, 1 PEs total
Charm++> The comm. thread both sends and receives messages
Converse/Charm++ Commit ID: v8.0.1-devel-36-g3c3086b33
CharmLB> Load balancer assumes all CPUs are same.
Charm++> cpu affinity enabled. 
Charm++> Running on 1 hosts (2 sockets x 1 cores x 1 PUs = 2-way SMP)
Charm++> cpu topology info is gathered in 0.001 seconds.
CharmLB> Load balancing instrumentation for communication is off.
Running Task Benchmark
  Configuration:
    Task Graph 1:
      Time Steps: 1000
      Max Width: 1
      Dependence Type: stencil_1d
      Radix: 3
      Period: 0
      Fraction Connected: 0.250000
      Kernel:
        Type: compute_bound
        Iterations: 64
        Samples: 16
        Imbalance: 0.000000
      Output Bytes: 16
      Scratch Bytes: 0
Time for last run: 1.209021e-03
Time for last run: 1.157999e-03
Total Tasks 1000
Total Dependencies 999
  Unable to estimate local/nonlocal dependencies
Total FLOPs 8256000
Total Bytes 0
Elapsed Time 1.157999e-03 seconds
FLOP/s 7.129540e+09
B/s 0.000000e+00
Transfer (estimated):
  Unable to estimate local/nonlocal transfer
[Partition 0][Node 0] End of program
=== system charm_old pes 1 iter 32 rep 3 ===
Charm++> Running on MPI library: MPI VERSION    : CRAY MPICH version 8.1.32.110 (ANL base 3.4a2)
MPI BUILD INFO : Thu Feb 06 22:53 2025 (git hash f9c5634)
 (MPI standard: 3.1)
Charm++> Level of thread support used: MPI_THREAD_FUNNELED (desired: MPI_THREAD_FUNNELED)
Charm++> Running in SMP mode: 1 processes, 1 worker threads (PEs) + 1 comm threads per process, 1 PEs total
Charm++> The comm. thread both sends and receives messages
Converse/Charm++ Commit ID: v8.0.1-devel-36-g3c3086b33
CharmLB> Load balancer assumes all CPUs are same.
Charm++> cpu affinity enabled. 
Charm++> Running on 1 hosts (2 sockets x 1 cores x 1 PUs = 2-way SMP)
Charm++> cpu topology info is gathered in 0.001 seconds.
CharmLB> Load balancing instrumentation for communication is off.
Running Task Benchmark
  Configuration:
    Task Graph 1:
      Time Steps: 1000
      Max Width: 1
      Dependence Type: stencil_1d
      Radix: 3
      Period: 0
      Fraction Connected: 0.250000
      Kernel:
        Type: compute_bound
        Iterations: 32
        Samples: 16
        Imbalance: 0.000000
      Output Bytes: 16
      Scratch Bytes: 0
Time for last run: 9.601116e-04
Time for last run: 9.279251e-04
Total Tasks 1000
Total Dependencies 999
  Unable to estimate local/nonlocal dependencies
Total FLOPs 4160000
Total Bytes 0
Elapsed Time 9.279251e-04 seconds
FLOP/s 4.483120e+09
B/s 0.000000e+00
Transfer (estimated):
  Unable to estimate local/nonlocal transfer
[Partition 0][Node 0] End of program
=== system charm_old pes 1 iter 16 rep 3 ===
Charm++> Running on MPI library: MPI VERSION    : CRAY MPICH version 8.1.32.110 (ANL base 3.4a2)
MPI BUILD INFO : Thu Feb 06 22:53 2025 (git hash f9c5634)
 (MPI standard: 3.1)
Charm++> Level of thread support used: MPI_THREAD_FUNNELED (desired: MPI_THREAD_FUNNELED)
Charm++> Running in SMP mode: 1 processes, 1 worker threads (PEs) + 1 comm threads per process, 1 PEs total
Charm++> The comm. thread both sends and receives messages
Converse/Charm++ Commit ID: v8.0.1-devel-36-g3c3086b33
CharmLB> Load balancer assumes all CPUs are same.
Charm++> cpu affinity enabled. 
Charm++> Running on 1 hosts (2 sockets x 1 cores x 1 PUs = 2-way SMP)
Charm++> cpu topology info is gathered in 0.001 seconds.
CharmLB> Load balancing instrumentation for communication is off.
Running Task Benchmark
  Configuration:
    Task Graph 1:
      Time Steps: 1000
      Max Width: 1
      Dependence Type: stencil_1d
      Radix: 3
      Period: 0
      Fraction Connected: 0.250000
      Kernel:
        Type: compute_bound
        Iterations: 16
        Samples: 16
        Imbalance: 0.000000
      Output Bytes: 16
      Scratch Bytes: 0
Time for last run: 9.648800e-04
Time for last run: 9.739399e-04
Total Tasks 1000
Total Dependencies 999
  Unable to estimate local/nonlocal dependencies
Total FLOPs 2112000
Total Bytes 0
Elapsed Time 9.739399e-04 seconds
FLOP/s 2.168512e+09
B/s 0.000000e+00
Transfer (estimated):
  Unable to estimate local/nonlocal transfer
[Partition 0][Node 0] End of program
=== system charm_old pes 1 iter 8 rep 3 ===
Charm++> Running on MPI library: MPI VERSION    : CRAY MPICH version 8.1.32.110 (ANL base 3.4a2)
MPI BUILD INFO : Thu Feb 06 22:53 2025 (git hash f9c5634)
 (MPI standard: 3.1)
Charm++> Level of thread support used: MPI_THREAD_FUNNELED (desired: MPI_THREAD_FUNNELED)
Charm++> Running in SMP mode: 1 processes, 1 worker threads (PEs) + 1 comm threads per process, 1 PEs total
Charm++> The comm. thread both sends and receives messages
Converse/Charm++ Commit ID: v8.0.1-devel-36-g3c3086b33
CharmLB> Load balancer assumes all CPUs are same.
Charm++> cpu affinity enabled. 
Charm++> Running on 1 hosts (2 sockets x 1 cores x 1 PUs = 2-way SMP)
Charm++> cpu topology info is gathered in 0.001 seconds.
CharmLB> Load balancing instrumentation for communication is off.
Running Task Benchmark
  Configuration:
    Task Graph 1:
      Time Steps: 1000
      Max Width: 1
      Dependence Type: stencil_1d
      Radix: 3
      Period: 0
      Fraction Connected: 0.250000
      Kernel:
        Type: compute_bound
        Iterations: 8
        Samples: 16
        Imbalance: 0.000000
      Output Bytes: 16
      Scratch Bytes: 0
Time for last run: 9.181499e-04
Time for last run: 9.129047e-04
Total Tasks 1000
Total Dependencies 999
  Unable to estimate local/nonlocal dependencies
Total FLOPs 1088000
Total Bytes 0
Elapsed Time 9.129047e-04 seconds
FLOP/s 1.191800e+09
B/s 0.000000e+00
Transfer (estimated):
  Unable to estimate local/nonlocal transfer
[Partition 0][Node 0] End of program
=== system charm_old pes 1 iter 4 rep 3 ===
Charm++> Running on MPI library: MPI VERSION    : CRAY MPICH version 8.1.32.110 (ANL base 3.4a2)
MPI BUILD INFO : Thu Feb 06 22:53 2025 (git hash f9c5634)
 (MPI standard: 3.1)
Charm++> Level of thread support used: MPI_THREAD_FUNNELED (desired: MPI_THREAD_FUNNELED)
Charm++> Running in SMP mode: 1 processes, 1 worker threads (PEs) + 1 comm threads per process, 1 PEs total
Charm++> The comm. thread both sends and receives messages
Converse/Charm++ Commit ID: v8.0.1-devel-36-g3c3086b33
CharmLB> Load balancer assumes all CPUs are same.
Charm++> cpu affinity enabled. 
Charm++> Running on 1 hosts (2 sockets x 1 cores x 1 PUs = 2-way SMP)
Charm++> cpu topology info is gathered in 0.001 seconds.
CharmLB> Load balancing instrumentation for communication is off.
Running Task Benchmark
  Configuration:
    Task Graph 1:
      Time Steps: 1000
      Max Width: 1
      Dependence Type: stencil_1d
      Radix: 3
      Period: 0
      Fraction Connected: 0.250000
      Kernel:
        Type: compute_bound
        Iterations: 4
        Samples: 16
        Imbalance: 0.000000
      Output Bytes: 16
      Scratch Bytes: 0
Time for last run: 8.909702e-04
Time for last run: 8.909702e-04
Total Tasks 1000
Total Dependencies 999
  Unable to estimate local/nonlocal dependencies
Total FLOPs 576000
Total Bytes 0
Elapsed Time 8.909702e-04 seconds
FLOP/s 6.464862e+08
B/s 0.000000e+00
Transfer (estimated):
  Unable to estimate local/nonlocal transfer
[Partition 0][Node 0] End of program
=== system charm_old pes 1 iter 2 rep 3 ===
Charm++> Running on MPI library: MPI VERSION    : CRAY MPICH version 8.1.32.110 (ANL base 3.4a2)
MPI BUILD INFO : Thu Feb 06 22:53 2025 (git hash f9c5634)
 (MPI standard: 3.1)
Charm++> Level of thread support used: MPI_THREAD_FUNNELED (desired: MPI_THREAD_FUNNELED)
Charm++> Running in SMP mode: 1 processes, 1 worker threads (PEs) + 1 comm threads per process, 1 PEs total
Charm++> The comm. thread both sends and receives messages
Converse/Charm++ Commit ID: v8.0.1-devel-36-g3c3086b33
CharmLB> Load balancer assumes all CPUs are same.
Charm++> cpu affinity enabled. 
Charm++> Running on 1 hosts (2 sockets x 1 cores x 1 PUs = 2-way SMP)
Charm++> cpu topology info is gathered in 0.001 seconds.
CharmLB> Load balancing instrumentation for communication is off.
Running Task Benchmark
  Configuration:
    Task Graph 1:
      Time Steps: 1000
      Max Width: 1
      Dependence Type: stencil_1d
      Radix: 3
      Period: 0
      Fraction Connected: 0.250000
      Kernel:
        Type: compute_bound
        Iterations: 2
        Samples: 16
        Imbalance: 0.000000
      Output Bytes: 16
      Scratch Bytes: 0
Time for last run: 8.871555e-04
Time for last run: 8.649826e-04
Total Tasks 1000
Total Dependencies 999
  Unable to estimate local/nonlocal dependencies
Total FLOPs 320000
Total Bytes 0
Elapsed Time 8.649826e-04 seconds
FLOP/s 3.699496e+08
B/s 0.000000e+00
Transfer (estimated):
  Unable to estimate local/nonlocal transfer
[Partition 0][Node 0] End of program
=== system charm_old pes 1 iter 16384 rep 4 ===
Charm++> Running on MPI library: MPI VERSION    : CRAY MPICH version 8.1.32.110 (ANL base 3.4a2)
MPI BUILD INFO : Thu Feb 06 22:53 2025 (git hash f9c5634)
 (MPI standard: 3.1)
Charm++> Level of thread support used: MPI_THREAD_FUNNELED (desired: MPI_THREAD_FUNNELED)
Charm++> Running in SMP mode: 1 processes, 1 worker threads (PEs) + 1 comm threads per process, 1 PEs total
Charm++> The comm. thread both sends and receives messages
Converse/Charm++ Commit ID: v8.0.1-devel-36-g3c3086b33
CharmLB> Load balancer assumes all CPUs are same.
Charm++> cpu affinity enabled. 
Charm++> Running on 1 hosts (2 sockets x 1 cores x 1 PUs = 2-way SMP)
Charm++> cpu topology info is gathered in 0.001 seconds.
CharmLB> Load balancing instrumentation for communication is off.
Running Task Benchmark
  Configuration:
    Task Graph 1:
      Time Steps: 1000
      Max Width: 1
      Dependence Type: stencil_1d
      Radix: 3
      Period: 0
      Fraction Connected: 0.250000
      Kernel:
        Type: compute_bound
        Iterations: 16384
        Samples: 16
        Imbalance: 0.000000
      Output Bytes: 16
      Scratch Bytes: 0
Time for last run: 5.601001e-02
Time for last run: 5.597305e-02
Total Tasks 1000
Total Dependencies 999
  Unable to estimate local/nonlocal dependencies
Total FLOPs 2097216000
Total Bytes 0
Elapsed Time 5.597305e-02 seconds
FLOP/s 3.746832e+10
B/s 0.000000e+00
Transfer (estimated):
  Unable to estimate local/nonlocal transfer
[Partition 0][Node 0] End of program
=== system charm_old pes 1 iter 8192 rep 4 ===
Charm++> Running on MPI library: MPI VERSION    : CRAY MPICH version 8.1.32.110 (ANL base 3.4a2)
MPI BUILD INFO : Thu Feb 06 22:53 2025 (git hash f9c5634)
 (MPI standard: 3.1)
Charm++> Level of thread support used: MPI_THREAD_FUNNELED (desired: MPI_THREAD_FUNNELED)
Charm++> Running in SMP mode: 1 processes, 1 worker threads (PEs) + 1 comm threads per process, 1 PEs total
Charm++> The comm. thread both sends and receives messages
Converse/Charm++ Commit ID: v8.0.1-devel-36-g3c3086b33
CharmLB> Load balancer assumes all CPUs are same.
Charm++> cpu affinity enabled. 
Charm++> Running on 1 hosts (2 sockets x 1 cores x 1 PUs = 2-way SMP)
Charm++> cpu topology info is gathered in 0.000 seconds.
CharmLB> Load balancing instrumentation for communication is off.
Running Task Benchmark
  Configuration:
    Task Graph 1:
      Time Steps: 1000
      Max Width: 1
      Dependence Type: stencil_1d
      Radix: 3
      Period: 0
      Fraction Connected: 0.250000
      Kernel:
        Type: compute_bound
        Iterations: 8192
        Samples: 16
        Imbalance: 0.000000
      Output Bytes: 16
      Scratch Bytes: 0
Time for last run: 2.838588e-02
Time for last run: 2.829194e-02
Total Tasks 1000
Total Dependencies 999
  Unable to estimate local/nonlocal dependencies
Total FLOPs 1048640000
Total Bytes 0
Elapsed Time 2.829194e-02 seconds
FLOP/s 3.706497e+10
B/s 0.000000e+00
Transfer (estimated):
  Unable to estimate local/nonlocal transfer
[Partition 0][Node 0] End of program
=== system charm_old pes 1 iter 4096 rep 4 ===
Charm++> Running on MPI library: MPI VERSION    : CRAY MPICH version 8.1.32.110 (ANL base 3.4a2)
MPI BUILD INFO : Thu Feb 06 22:53 2025 (git hash f9c5634)
 (MPI standard: 3.1)
Charm++> Level of thread support used: MPI_THREAD_FUNNELED (desired: MPI_THREAD_FUNNELED)
Charm++> Running in SMP mode: 1 processes, 1 worker threads (PEs) + 1 comm threads per process, 1 PEs total
Charm++> The comm. thread both sends and receives messages
Converse/Charm++ Commit ID: v8.0.1-devel-36-g3c3086b33
CharmLB> Load balancer assumes all CPUs are same.
Charm++> cpu affinity enabled. 
Charm++> Running on 1 hosts (2 sockets x 1 cores x 1 PUs = 2-way SMP)
Charm++> cpu topology info is gathered in 0.001 seconds.
CharmLB> Load balancing instrumentation for communication is off.
Running Task Benchmark
  Configuration:
    Task Graph 1:
      Time Steps: 1000
      Max Width: 1
      Dependence Type: stencil_1d
      Radix: 3
      Period: 0
      Fraction Connected: 0.250000
      Kernel:
        Type: compute_bound
        Iterations: 4096
        Samples: 16
        Imbalance: 0.000000
      Output Bytes: 16
      Scratch Bytes: 0
Time for last run: 1.452684e-02
Time for last run: 1.446509e-02
Total Tasks 1000
Total Dependencies 999
  Unable to estimate local/nonlocal dependencies
Total FLOPs 524352000
Total Bytes 0
Elapsed Time 1.446509e-02 seconds
FLOP/s 3.624947e+10
B/s 0.000000e+00
Transfer (estimated):
  Unable to estimate local/nonlocal transfer
[Partition 0][Node 0] End of program
=== system charm_old pes 1 iter 2048 rep 4 ===
Charm++> Running on MPI library: MPI VERSION    : CRAY MPICH version 8.1.32.110 (ANL base 3.4a2)
MPI BUILD INFO : Thu Feb 06 22:53 2025 (git hash f9c5634)
 (MPI standard: 3.1)
Charm++> Level of thread support used: MPI_THREAD_FUNNELED (desired: MPI_THREAD_FUNNELED)
Charm++> Running in SMP mode: 1 processes, 1 worker threads (PEs) + 1 comm threads per process, 1 PEs total
Charm++> The comm. thread both sends and receives messages
Converse/Charm++ Commit ID: v8.0.1-devel-36-g3c3086b33
CharmLB> Load balancer assumes all CPUs are same.
Charm++> cpu affinity enabled. 
Charm++> Running on 1 hosts (2 sockets x 1 cores x 1 PUs = 2-way SMP)
Charm++> cpu topology info is gathered in 0.001 seconds.
CharmLB> Load balancing instrumentation for communication is off.
Running Task Benchmark
  Configuration:
    Task Graph 1:
      Time Steps: 1000
      Max Width: 1
      Dependence Type: stencil_1d
      Radix: 3
      Period: 0
      Fraction Connected: 0.250000
      Kernel:
        Type: compute_bound
        Iterations: 2048
        Samples: 16
        Imbalance: 0.000000
      Output Bytes: 16
      Scratch Bytes: 0
Time for last run: 1.013899e-02
Time for last run: 1.015186e-02
Total Tasks 1000
Total Dependencies 999
  Unable to estimate local/nonlocal dependencies
Total FLOPs 262208000
Total Bytes 0
Elapsed Time 1.015186e-02 seconds
FLOP/s 2.582856e+10
B/s 0.000000e+00
Transfer (estimated):
  Unable to estimate local/nonlocal transfer
[Partition 0][Node 0] End of program
=== system charm_old pes 1 iter 1024 rep 4 ===
Charm++> Running on MPI library: MPI VERSION    : CRAY MPICH version 8.1.32.110 (ANL base 3.4a2)
MPI BUILD INFO : Thu Feb 06 22:53 2025 (git hash f9c5634)
 (MPI standard: 3.1)
Charm++> Level of thread support used: MPI_THREAD_FUNNELED (desired: MPI_THREAD_FUNNELED)
Charm++> Running in SMP mode: 1 processes, 1 worker threads (PEs) + 1 comm threads per process, 1 PEs total
Charm++> The comm. thread both sends and receives messages
Converse/Charm++ Commit ID: v8.0.1-devel-36-g3c3086b33
CharmLB> Load balancer assumes all CPUs are same.
Charm++> cpu affinity enabled. 
Charm++> Running on 1 hosts (2 sockets x 1 cores x 1 PUs = 2-way SMP)
Charm++> cpu topology info is gathered in 0.001 seconds.
CharmLB> Load balancing instrumentation for communication is off.
Running Task Benchmark
  Configuration:
    Task Graph 1:
      Time Steps: 1000
      Max Width: 1
      Dependence Type: stencil_1d
      Radix: 3
      Period: 0
      Fraction Connected: 0.250000
      Kernel:
        Type: compute_bound
        Iterations: 1024
        Samples: 16
        Imbalance: 0.000000
      Output Bytes: 16
      Scratch Bytes: 0
Time for last run: 5.517960e-03
Time for last run: 5.516052e-03
Total Tasks 1000
Total Dependencies 999
  Unable to estimate local/nonlocal dependencies
Total FLOPs 131136000
Total Bytes 0
Elapsed Time 5.516052e-03 seconds
FLOP/s 2.377352e+10
B/s 0.000000e+00
Transfer (estimated):
  Unable to estimate local/nonlocal transfer
[Partition 0][Node 0] End of program
=== system charm_old pes 1 iter 512 rep 4 ===
Charm++> Running on MPI library: MPI VERSION    : CRAY MPICH version 8.1.32.110 (ANL base 3.4a2)
MPI BUILD INFO : Thu Feb 06 22:53 2025 (git hash f9c5634)
 (MPI standard: 3.1)
Charm++> Level of thread support used: MPI_THREAD_FUNNELED (desired: MPI_THREAD_FUNNELED)
Charm++> Running in SMP mode: 1 processes, 1 worker threads (PEs) + 1 comm threads per process, 1 PEs total
Charm++> The comm. thread both sends and receives messages
Converse/Charm++ Commit ID: v8.0.1-devel-36-g3c3086b33
CharmLB> Load balancer assumes all CPUs are same.
Charm++> cpu affinity enabled. 
Charm++> Running on 1 hosts (2 sockets x 1 cores x 1 PUs = 2-way SMP)
Charm++> cpu topology info is gathered in 0.001 seconds.
CharmLB> Load balancing instrumentation for communication is off.
Running Task Benchmark
  Configuration:
    Task Graph 1:
      Time Steps: 1000
      Max Width: 1
      Dependence Type: stencil_1d
      Radix: 3
      Period: 0
      Fraction Connected: 0.250000
      Kernel:
        Type: compute_bound
        Iterations: 512
        Samples: 16
        Imbalance: 0.000000
      Output Bytes: 16
      Scratch Bytes: 0
Time for last run: 3.242016e-03
Time for last run: 3.199100e-03
Total Tasks 1000
Total Dependencies 999
  Unable to estimate local/nonlocal dependencies
Total FLOPs 65600000
Total Bytes 0
Elapsed Time 3.199100e-03 seconds
FLOP/s 2.050576e+10
B/s 0.000000e+00
Transfer (estimated):
  Unable to estimate local/nonlocal transfer
[Partition 0][Node 0] End of program
=== system charm_old pes 1 iter 256 rep 4 ===
Charm++> Running on MPI library: MPI VERSION    : CRAY MPICH version 8.1.32.110 (ANL base 3.4a2)
MPI BUILD INFO : Thu Feb 06 22:53 2025 (git hash f9c5634)
 (MPI standard: 3.1)
Charm++> Level of thread support used: MPI_THREAD_FUNNELED (desired: MPI_THREAD_FUNNELED)
Charm++> Running in SMP mode: 1 processes, 1 worker threads (PEs) + 1 comm threads per process, 1 PEs total
Charm++> The comm. thread both sends and receives messages
Converse/Charm++ Commit ID: v8.0.1-devel-36-g3c3086b33
CharmLB> Load balancer assumes all CPUs are same.
Charm++> cpu affinity enabled. 
Charm++> Running on 1 hosts (2 sockets x 1 cores x 1 PUs = 2-way SMP)
Charm++> cpu topology info is gathered in 0.001 seconds.
CharmLB> Load balancing instrumentation for communication is off.
Running Task Benchmark
  Configuration:
    Task Graph 1:
      Time Steps: 1000
      Max Width: 1
      Dependence Type: stencil_1d
      Radix: 3
      Period: 0
      Fraction Connected: 0.250000
      Kernel:
        Type: compute_bound
        Iterations: 256
        Samples: 16
        Imbalance: 0.000000
      Output Bytes: 16
      Scratch Bytes: 0
Time for last run: 2.024174e-03
Time for last run: 2.021074e-03
Total Tasks 1000
Total Dependencies 999
  Unable to estimate local/nonlocal dependencies
Total FLOPs 32832000
Total Bytes 0
Elapsed Time 2.021074e-03 seconds
FLOP/s 1.624483e+10
B/s 0.000000e+00
Transfer (estimated):
  Unable to estimate local/nonlocal transfer
[Partition 0][Node 0] End of program
=== system charm_old pes 1 iter 128 rep 4 ===
Charm++> Running on MPI library: MPI VERSION    : CRAY MPICH version 8.1.32.110 (ANL base 3.4a2)
MPI BUILD INFO : Thu Feb 06 22:53 2025 (git hash f9c5634)
 (MPI standard: 3.1)
Charm++> Level of thread support used: MPI_THREAD_FUNNELED (desired: MPI_THREAD_FUNNELED)
Charm++> Running in SMP mode: 1 processes, 1 worker threads (PEs) + 1 comm threads per process, 1 PEs total
Charm++> The comm. thread both sends and receives messages
Converse/Charm++ Commit ID: v8.0.1-devel-36-g3c3086b33
CharmLB> Load balancer assumes all CPUs are same.
Charm++> cpu affinity enabled. 
Charm++> Running on 1 hosts (2 sockets x 1 cores x 1 PUs = 2-way SMP)
Charm++> cpu topology info is gathered in 0.001 seconds.
CharmLB> Load balancing instrumentation for communication is off.
Running Task Benchmark
  Configuration:
    Task Graph 1:
      Time Steps: 1000
      Max Width: 1
      Dependence Type: stencil_1d
      Radix: 3
      Period: 0
      Fraction Connected: 0.250000
      Kernel:
        Type: compute_bound
        Iterations: 128
        Samples: 16
        Imbalance: 0.000000
      Output Bytes: 16
      Scratch Bytes: 0
Time for last run: 1.085997e-03
Time for last run: 1.092911e-03
Total Tasks 1000
Total Dependencies 999
  Unable to estimate local/nonlocal dependencies
Total FLOPs 16448000
Total Bytes 0
Elapsed Time 1.092911e-03 seconds
FLOP/s 1.504972e+10
B/s 0.000000e+00
Transfer (estimated):
  Unable to estimate local/nonlocal transfer
[Partition 0][Node 0] End of program
=== system charm_old pes 1 iter 64 rep 4 ===
Charm++> Running on MPI library: MPI VERSION    : CRAY MPICH version 8.1.32.110 (ANL base 3.4a2)
MPI BUILD INFO : Thu Feb 06 22:53 2025 (git hash f9c5634)
 (MPI standard: 3.1)
Charm++> Level of thread support used: MPI_THREAD_FUNNELED (desired: MPI_THREAD_FUNNELED)
Charm++> Running in SMP mode: 1 processes, 1 worker threads (PEs) + 1 comm threads per process, 1 PEs total
Charm++> The comm. thread both sends and receives messages
Converse/Charm++ Commit ID: v8.0.1-devel-36-g3c3086b33
CharmLB> Load balancer assumes all CPUs are same.
Charm++> cpu affinity enabled. 
Charm++> Running on 1 hosts (2 sockets x 1 cores x 1 PUs = 2-way SMP)
Charm++> cpu topology info is gathered in 0.001 seconds.
CharmLB> Load balancing instrumentation for communication is off.
Running Task Benchmark
  Configuration:
    Task Graph 1:
      Time Steps: 1000
      Max Width: 1
      Dependence Type: stencil_1d
      Radix: 3
      Period: 0
      Fraction Connected: 0.250000
      Kernel:
        Type: compute_bound
        Iterations: 64
        Samples: 16
        Imbalance: 0.000000
      Output Bytes: 16
      Scratch Bytes: 0
Time for last run: 1.184940e-03
Time for last run: 1.173019e-03
Total Tasks 1000
Total Dependencies 999
  Unable to estimate local/nonlocal dependencies
Total FLOPs 8256000
Total Bytes 0
Elapsed Time 1.173019e-03 seconds
FLOP/s 7.038247e+09
B/s 0.000000e+00
Transfer (estimated):
  Unable to estimate local/nonlocal transfer
[Partition 0][Node 0] End of program
=== system charm_old pes 1 iter 32 rep 4 ===
Charm++> Running on MPI library: MPI VERSION    : CRAY MPICH version 8.1.32.110 (ANL base 3.4a2)
MPI BUILD INFO : Thu Feb 06 22:53 2025 (git hash f9c5634)
 (MPI standard: 3.1)
Charm++> Level of thread support used: MPI_THREAD_FUNNELED (desired: MPI_THREAD_FUNNELED)
Charm++> Running in SMP mode: 1 processes, 1 worker threads (PEs) + 1 comm threads per process, 1 PEs total
Charm++> The comm. thread both sends and receives messages
Converse/Charm++ Commit ID: v8.0.1-devel-36-g3c3086b33
CharmLB> Load balancer assumes all CPUs are same.
Charm++> cpu affinity enabled. 
Charm++> Running on 1 hosts (2 sockets x 1 cores x 1 PUs = 2-way SMP)
Charm++> cpu topology info is gathered in 0.001 seconds.
CharmLB> Load balancing instrumentation for communication is off.
Running Task Benchmark
  Configuration:
    Task Graph 1:
      Time Steps: 1000
      Max Width: 1
      Dependence Type: stencil_1d
      Radix: 3
      Period: 0
      Fraction Connected: 0.250000
      Kernel:
        Type: compute_bound
        Iterations: 32
        Samples: 16
        Imbalance: 0.000000
      Output Bytes: 16
      Scratch Bytes: 0
Time for last run: 1.013994e-03
Time for last run: 1.005173e-03
Total Tasks 1000
Total Dependencies 999
  Unable to estimate local/nonlocal dependencies
Total FLOPs 4160000
Total Bytes 0
Elapsed Time 1.005173e-03 seconds
FLOP/s 4.138592e+09
B/s 0.000000e+00
Transfer (estimated):
  Unable to estimate local/nonlocal transfer
[Partition 0][Node 0] End of program
=== system charm_old pes 1 iter 16 rep 4 ===
Charm++> Running on MPI library: MPI VERSION    : CRAY MPICH version 8.1.32.110 (ANL base 3.4a2)
MPI BUILD INFO : Thu Feb 06 22:53 2025 (git hash f9c5634)
 (MPI standard: 3.1)
Charm++> Level of thread support used: MPI_THREAD_FUNNELED (desired: MPI_THREAD_FUNNELED)
Charm++> Running in SMP mode: 1 processes, 1 worker threads (PEs) + 1 comm threads per process, 1 PEs total
Charm++> The comm. thread both sends and receives messages
Converse/Charm++ Commit ID: v8.0.1-devel-36-g3c3086b33
CharmLB> Load balancer assumes all CPUs are same.
Charm++> cpu affinity enabled. 
Charm++> Running on 1 hosts (2 sockets x 1 cores x 1 PUs = 2-way SMP)
Charm++> cpu topology info is gathered in 0.001 seconds.
CharmLB> Load balancing instrumentation for communication is off.
Running Task Benchmark
  Configuration:
    Task Graph 1:
      Time Steps: 1000
      Max Width: 1
      Dependence Type: stencil_1d
      Radix: 3
      Period: 0
      Fraction Connected: 0.250000
      Kernel:
        Type: compute_bound
        Iterations: 16
        Samples: 16
        Imbalance: 0.000000
      Output Bytes: 16
      Scratch Bytes: 0
Time for last run: 9.520054e-04
Time for last run: 9.620190e-04
Total Tasks 1000
Total Dependencies 999
  Unable to estimate local/nonlocal dependencies
Total FLOPs 2112000
Total Bytes 0
Elapsed Time 9.620190e-04 seconds
FLOP/s 2.195383e+09
B/s 0.000000e+00
Transfer (estimated):
  Unable to estimate local/nonlocal transfer
[Partition 0][Node 0] End of program
=== system charm_old pes 1 iter 8 rep 4 ===
Charm++> Running on MPI library: MPI VERSION    : CRAY MPICH version 8.1.32.110 (ANL base 3.4a2)
MPI BUILD INFO : Thu Feb 06 22:53 2025 (git hash f9c5634)
 (MPI standard: 3.1)
Charm++> Level of thread support used: MPI_THREAD_FUNNELED (desired: MPI_THREAD_FUNNELED)
Charm++> Running in SMP mode: 1 processes, 1 worker threads (PEs) + 1 comm threads per process, 1 PEs total
Charm++> The comm. thread both sends and receives messages
Converse/Charm++ Commit ID: v8.0.1-devel-36-g3c3086b33
CharmLB> Load balancer assumes all CPUs are same.
Charm++> cpu affinity enabled. 
Charm++> Running on 1 hosts (2 sockets x 1 cores x 1 PUs = 2-way SMP)
Charm++> cpu topology info is gathered in 0.001 seconds.
CharmLB> Load balancing instrumentation for communication is off.
Running Task Benchmark
  Configuration:
    Task Graph 1:
      Time Steps: 1000
      Max Width: 1
      Dependence Type: stencil_1d
      Radix: 3
      Period: 0
      Fraction Connected: 0.250000
      Kernel:
        Type: compute_bound
        Iterations: 8
        Samples: 16
        Imbalance: 0.000000
      Output Bytes: 16
      Scratch Bytes: 0
Time for last run: 9.219646e-04
Time for last run: 9.028912e-04
Total Tasks 1000
Total Dependencies 999
  Unable to estimate local/nonlocal dependencies
Total FLOPs 1088000
Total Bytes 0
Elapsed Time 9.028912e-04 seconds
FLOP/s 1.205018e+09
B/s 0.000000e+00
Transfer (estimated):
  Unable to estimate local/nonlocal transfer
[Partition 0][Node 0] End of program
=== system charm_old pes 1 iter 4 rep 4 ===
Charm++> Running on MPI library: MPI VERSION    : CRAY MPICH version 8.1.32.110 (ANL base 3.4a2)
MPI BUILD INFO : Thu Feb 06 22:53 2025 (git hash f9c5634)
 (MPI standard: 3.1)
Charm++> Level of thread support used: MPI_THREAD_FUNNELED (desired: MPI_THREAD_FUNNELED)
Charm++> Running in SMP mode: 1 processes, 1 worker threads (PEs) + 1 comm threads per process, 1 PEs total
Charm++> The comm. thread both sends and receives messages
Converse/Charm++ Commit ID: v8.0.1-devel-36-g3c3086b33
CharmLB> Load balancer assumes all CPUs are same.
Charm++> cpu affinity enabled. 
Charm++> Running on 1 hosts (2 sockets x 1 cores x 1 PUs = 2-way SMP)
Charm++> cpu topology info is gathered in 0.001 seconds.
CharmLB> Load balancing instrumentation for communication is off.
Running Task Benchmark
  Configuration:
    Task Graph 1:
      Time Steps: 1000
      Max Width: 1
      Dependence Type: stencil_1d
      Radix: 3
      Period: 0
      Fraction Connected: 0.250000
      Kernel:
        Type: compute_bound
        Iterations: 4
        Samples: 16
        Imbalance: 0.000000
      Output Bytes: 16
      Scratch Bytes: 0
Time for last run: 6.661415e-04
Time for last run: 6.730556e-04
Total Tasks 1000
Total Dependencies 999
  Unable to estimate local/nonlocal dependencies
Total FLOPs 576000
Total Bytes 0
Elapsed Time 6.730556e-04 seconds
FLOP/s 8.557985e+08
B/s 0.000000e+00
Transfer (estimated):
  Unable to estimate local/nonlocal transfer
[Partition 0][Node 0] End of program
=== system charm_old pes 1 iter 2 rep 4 ===
Charm++> Running on MPI library: MPI VERSION    : CRAY MPICH version 8.1.32.110 (ANL base 3.4a2)
MPI BUILD INFO : Thu Feb 06 22:53 2025 (git hash f9c5634)
 (MPI standard: 3.1)
Charm++> Level of thread support used: MPI_THREAD_FUNNELED (desired: MPI_THREAD_FUNNELED)
Charm++> Running in SMP mode: 1 processes, 1 worker threads (PEs) + 1 comm threads per process, 1 PEs total
Charm++> The comm. thread both sends and receives messages
Converse/Charm++ Commit ID: v8.0.1-devel-36-g3c3086b33
CharmLB> Load balancer assumes all CPUs are same.
Charm++> cpu affinity enabled. 
Charm++> Running on 1 hosts (2 sockets x 1 cores x 1 PUs = 2-way SMP)
Charm++> cpu topology info is gathered in 0.001 seconds.
CharmLB> Load balancing instrumentation for communication is off.
Running Task Benchmark
  Configuration:
    Task Graph 1:
      Time Steps: 1000
      Max Width: 1
      Dependence Type: stencil_1d
      Radix: 3
      Period: 0
      Fraction Connected: 0.250000
      Kernel:
        Type: compute_bound
        Iterations: 2
        Samples: 16
        Imbalance: 0.000000
      Output Bytes: 16
      Scratch Bytes: 0
Time for last run: 7.030964e-04
Time for last run: 6.570816e-04
Total Tasks 1000
Total Dependencies 999
  Unable to estimate local/nonlocal dependencies
Total FLOPs 320000
Total Bytes 0
Elapsed Time 6.570816e-04 seconds
FLOP/s 4.870019e+08
B/s 0.000000e+00
Transfer (estimated):
  Unable to estimate local/nonlocal transfer
[Partition 0][Node 0] End of program
=== system charm_old pes 1 iter 16384 rep 5 ===
Charm++> Running on MPI library: MPI VERSION    : CRAY MPICH version 8.1.32.110 (ANL base 3.4a2)
MPI BUILD INFO : Thu Feb 06 22:53 2025 (git hash f9c5634)
 (MPI standard: 3.1)
Charm++> Level of thread support used: MPI_THREAD_FUNNELED (desired: MPI_THREAD_FUNNELED)
Charm++> Running in SMP mode: 1 processes, 1 worker threads (PEs) + 1 comm threads per process, 1 PEs total
Charm++> The comm. thread both sends and receives messages
Converse/Charm++ Commit ID: v8.0.1-devel-36-g3c3086b33
CharmLB> Load balancer assumes all CPUs are same.
Charm++> cpu affinity enabled. 
Charm++> Running on 1 hosts (2 sockets x 1 cores x 1 PUs = 2-way SMP)
Charm++> cpu topology info is gathered in 0.001 seconds.
CharmLB> Load balancing instrumentation for communication is off.
Running Task Benchmark
  Configuration:
    Task Graph 1:
      Time Steps: 1000
      Max Width: 1
      Dependence Type: stencil_1d
      Radix: 3
      Period: 0
      Fraction Connected: 0.250000
      Kernel:
        Type: compute_bound
        Iterations: 16384
        Samples: 16
        Imbalance: 0.000000
      Output Bytes: 16
      Scratch Bytes: 0
Time for last run: 7.521486e-02
Time for last run: 7.192397e-02
Total Tasks 1000
Total Dependencies 999
  Unable to estimate local/nonlocal dependencies
Total FLOPs 2097216000
Total Bytes 0
Elapsed Time 7.192397e-02 seconds
FLOP/s 2.915879e+10
B/s 0.000000e+00
Transfer (estimated):
  Unable to estimate local/nonlocal transfer
[Partition 0][Node 0] End of program
=== system charm_old pes 1 iter 8192 rep 5 ===
Charm++> Running on MPI library: MPI VERSION    : CRAY MPICH version 8.1.32.110 (ANL base 3.4a2)
MPI BUILD INFO : Thu Feb 06 22:53 2025 (git hash f9c5634)
 (MPI standard: 3.1)
Charm++> Level of thread support used: MPI_THREAD_FUNNELED (desired: MPI_THREAD_FUNNELED)
Charm++> Running in SMP mode: 1 processes, 1 worker threads (PEs) + 1 comm threads per process, 1 PEs total
Charm++> The comm. thread both sends and receives messages
Converse/Charm++ Commit ID: v8.0.1-devel-36-g3c3086b33
CharmLB> Load balancer assumes all CPUs are same.
Charm++> cpu affinity enabled. 
Charm++> Running on 1 hosts (2 sockets x 1 cores x 1 PUs = 2-way SMP)
Charm++> cpu topology info is gathered in 0.001 seconds.
CharmLB> Load balancing instrumentation for communication is off.
Running Task Benchmark
  Configuration:
    Task Graph 1:
      Time Steps: 1000
      Max Width: 1
      Dependence Type: stencil_1d
      Radix: 3
      Period: 0
      Fraction Connected: 0.250000
      Kernel:
        Type: compute_bound
        Iterations: 8192
        Samples: 16
        Imbalance: 0.000000
      Output Bytes: 16
      Scratch Bytes: 0
Time for last run: 3.778887e-02
Time for last run: 3.784704e-02
Total Tasks 1000
Total Dependencies 999
  Unable to estimate local/nonlocal dependencies
Total FLOPs 1048640000
Total Bytes 0
Elapsed Time 3.784704e-02 seconds
FLOP/s 2.770732e+10
B/s 0.000000e+00
Transfer (estimated):
  Unable to estimate local/nonlocal transfer
[Partition 0][Node 0] End of program
=== system charm_old pes 1 iter 4096 rep 5 ===
Charm++> Running on MPI library: MPI VERSION    : CRAY MPICH version 8.1.32.110 (ANL base 3.4a2)
MPI BUILD INFO : Thu Feb 06 22:53 2025 (git hash f9c5634)
 (MPI standard: 3.1)
Charm++> Level of thread support used: MPI_THREAD_FUNNELED (desired: MPI_THREAD_FUNNELED)
Charm++> Running in SMP mode: 1 processes, 1 worker threads (PEs) + 1 comm threads per process, 1 PEs total
Charm++> The comm. thread both sends and receives messages
Converse/Charm++ Commit ID: v8.0.1-devel-36-g3c3086b33
CharmLB> Load balancer assumes all CPUs are same.
Charm++> cpu affinity enabled. 
Charm++> Running on 1 hosts (2 sockets x 1 cores x 1 PUs = 2-way SMP)
Charm++> cpu topology info is gathered in 0.001 seconds.
CharmLB> Load balancing instrumentation for communication is off.
Running Task Benchmark
  Configuration:
    Task Graph 1:
      Time Steps: 1000
      Max Width: 1
      Dependence Type: stencil_1d
      Radix: 3
      Period: 0
      Fraction Connected: 0.250000
      Kernel:
        Type: compute_bound
        Iterations: 4096
        Samples: 16
        Imbalance: 0.000000
      Output Bytes: 16
      Scratch Bytes: 0
Time for last run: 1.449203e-02
Time for last run: 1.453590e-02
Total Tasks 1000
Total Dependencies 999
  Unable to estimate local/nonlocal dependencies
Total FLOPs 524352000
Total Bytes 0
Elapsed Time 1.453590e-02 seconds
FLOP/s 3.607289e+10
B/s 0.000000e+00
Transfer (estimated):
  Unable to estimate local/nonlocal transfer
[Partition 0][Node 0] End of program
=== system charm_old pes 1 iter 2048 rep 5 ===
Charm++> Running on MPI library: MPI VERSION    : CRAY MPICH version 8.1.32.110 (ANL base 3.4a2)
MPI BUILD INFO : Thu Feb 06 22:53 2025 (git hash f9c5634)
 (MPI standard: 3.1)
Charm++> Level of thread support used: MPI_THREAD_FUNNELED (desired: MPI_THREAD_FUNNELED)
Charm++> Running in SMP mode: 1 processes, 1 worker threads (PEs) + 1 comm threads per process, 1 PEs total
Charm++> The comm. thread both sends and receives messages
Converse/Charm++ Commit ID: v8.0.1-devel-36-g3c3086b33
CharmLB> Load balancer assumes all CPUs are same.
Charm++> cpu affinity enabled. 
Charm++> Running on 1 hosts (2 sockets x 1 cores x 1 PUs = 2-way SMP)
Charm++> cpu topology info is gathered in 0.001 seconds.
CharmLB> Load balancing instrumentation for communication is off.
Running Task Benchmark
  Configuration:
    Task Graph 1:
      Time Steps: 1000
      Max Width: 1
      Dependence Type: stencil_1d
      Radix: 3
      Period: 0
      Fraction Connected: 0.250000
      Kernel:
        Type: compute_bound
        Iterations: 2048
        Samples: 16
        Imbalance: 0.000000
      Output Bytes: 16
      Scratch Bytes: 0
Time for last run: 7.597923e-03
Time for last run: 7.585049e-03
Total Tasks 1000
Total Dependencies 999
  Unable to estimate local/nonlocal dependencies
Total FLOPs 262208000
Total Bytes 0
Elapsed Time 7.585049e-03 seconds
FLOP/s 3.456906e+10
B/s 0.000000e+00
Transfer (estimated):
  Unable to estimate local/nonlocal transfer
[Partition 0][Node 0] End of program
=== system charm_old pes 1 iter 1024 rep 5 ===
Charm++> Running on MPI library: MPI VERSION    : CRAY MPICH version 8.1.32.110 (ANL base 3.4a2)
MPI BUILD INFO : Thu Feb 06 22:53 2025 (git hash f9c5634)
 (MPI standard: 3.1)
Charm++> Level of thread support used: MPI_THREAD_FUNNELED (desired: MPI_THREAD_FUNNELED)
Charm++> Running in SMP mode: 1 processes, 1 worker threads (PEs) + 1 comm threads per process, 1 PEs total
Charm++> The comm. thread both sends and receives messages
Converse/Charm++ Commit ID: v8.0.1-devel-36-g3c3086b33
CharmLB> Load balancer assumes all CPUs are same.
Charm++> cpu affinity enabled. 
Charm++> Running on 1 hosts (2 sockets x 1 cores x 1 PUs = 2-way SMP)
Charm++> cpu topology info is gathered in 0.001 seconds.
CharmLB> Load balancing instrumentation for communication is off.
Running Task Benchmark
  Configuration:
    Task Graph 1:
      Time Steps: 1000
      Max Width: 1
      Dependence Type: stencil_1d
      Radix: 3
      Period: 0
      Fraction Connected: 0.250000
      Kernel:
        Type: compute_bound
        Iterations: 1024
        Samples: 16
        Imbalance: 0.000000
      Output Bytes: 16
      Scratch Bytes: 0
Time for last run: 4.115105e-03
Time for last run: 4.096031e-03
Total Tasks 1000
Total Dependencies 999
  Unable to estimate local/nonlocal dependencies
Total FLOPs 131136000
Total Bytes 0
Elapsed Time 4.096031e-03 seconds
FLOP/s 3.201538e+10
B/s 0.000000e+00
Transfer (estimated):
  Unable to estimate local/nonlocal transfer
[Partition 0][Node 0] End of program
=== system charm_old pes 1 iter 512 rep 5 ===
Charm++> Running on MPI library: MPI VERSION    : CRAY MPICH version 8.1.32.110 (ANL base 3.4a2)
MPI BUILD INFO : Thu Feb 06 22:53 2025 (git hash f9c5634)
 (MPI standard: 3.1)
Charm++> Level of thread support used: MPI_THREAD_FUNNELED (desired: MPI_THREAD_FUNNELED)
Charm++> Running in SMP mode: 1 processes, 1 worker threads (PEs) + 1 comm threads per process, 1 PEs total
Charm++> The comm. thread both sends and receives messages
Converse/Charm++ Commit ID: v8.0.1-devel-36-g3c3086b33
CharmLB> Load balancer assumes all CPUs are same.
Charm++> cpu affinity enabled. 
Charm++> Running on 1 hosts (2 sockets x 1 cores x 1 PUs = 2-way SMP)
Charm++> cpu topology info is gathered in 0.001 seconds.
CharmLB> Load balancing instrumentation for communication is off.
Running Task Benchmark
  Configuration:
    Task Graph 1:
      Time Steps: 1000
      Max Width: 1
      Dependence Type: stencil_1d
      Radix: 3
      Period: 0
      Fraction Connected: 0.250000
      Kernel:
        Type: compute_bound
        Iterations: 512
        Samples: 16
        Imbalance: 0.000000
      Output Bytes: 16
      Scratch Bytes: 0
Time for last run: 2.382994e-03
Time for last run: 2.424955e-03
Total Tasks 1000
Total Dependencies 999
  Unable to estimate local/nonlocal dependencies
Total FLOPs 65600000
Total Bytes 0
Elapsed Time 2.424955e-03 seconds
FLOP/s 2.705204e+10
B/s 0.000000e+00
Transfer (estimated):
  Unable to estimate local/nonlocal transfer
[Partition 0][Node 0] End of program
=== system charm_old pes 1 iter 256 rep 5 ===
Charm++> Running on MPI library: MPI VERSION    : CRAY MPICH version 8.1.32.110 (ANL base 3.4a2)
MPI BUILD INFO : Thu Feb 06 22:53 2025 (git hash f9c5634)
 (MPI standard: 3.1)
Charm++> Level of thread support used: MPI_THREAD_FUNNELED (desired: MPI_THREAD_FUNNELED)
Charm++> Running in SMP mode: 1 processes, 1 worker threads (PEs) + 1 comm threads per process, 1 PEs total
Charm++> The comm. thread both sends and receives messages
Converse/Charm++ Commit ID: v8.0.1-devel-36-g3c3086b33
CharmLB> Load balancer assumes all CPUs are same.
Charm++> cpu affinity enabled. 
Charm++> Running on 1 hosts (2 sockets x 1 cores x 1 PUs = 2-way SMP)
Charm++> cpu topology info is gathered in 0.001 seconds.
CharmLB> Load balancing instrumentation for communication is off.
Running Task Benchmark
  Configuration:
    Task Graph 1:
      Time Steps: 1000
      Max Width: 1
      Dependence Type: stencil_1d
      Radix: 3
      Period: 0
      Fraction Connected: 0.250000
      Kernel:
        Type: compute_bound
        Iterations: 256
        Samples: 16
        Imbalance: 0.000000
      Output Bytes: 16
      Scratch Bytes: 0
Time for last run: 1.560926e-03
Time for last run: 1.518965e-03
Total Tasks 1000
Total Dependencies 999
  Unable to estimate local/nonlocal dependencies
Total FLOPs 32832000
Total Bytes 0
Elapsed Time 1.518965e-03 seconds
FLOP/s 2.161472e+10
B/s 0.000000e+00
Transfer (estimated):
  Unable to estimate local/nonlocal transfer
[Partition 0][Node 0] End of program
=== system charm_old pes 1 iter 128 rep 5 ===
Charm++> Running on MPI library: MPI VERSION    : CRAY MPICH version 8.1.32.110 (ANL base 3.4a2)
MPI BUILD INFO : Thu Feb 06 22:53 2025 (git hash f9c5634)
 (MPI standard: 3.1)
Charm++> Level of thread support used: MPI_THREAD_FUNNELED (desired: MPI_THREAD_FUNNELED)
Charm++> Running in SMP mode: 1 processes, 1 worker threads (PEs) + 1 comm threads per process, 1 PEs total
Charm++> The comm. thread both sends and receives messages
Converse/Charm++ Commit ID: v8.0.1-devel-36-g3c3086b33
CharmLB> Load balancer assumes all CPUs are same.
Charm++> cpu affinity enabled. 
Charm++> Running on 1 hosts (2 sockets x 1 cores x 1 PUs = 2-way SMP)
Charm++> cpu topology info is gathered in 0.001 seconds.
CharmLB> Load balancing instrumentation for communication is off.
Running Task Benchmark
  Configuration:
    Task Graph 1:
      Time Steps: 1000
      Max Width: 1
      Dependence Type: stencil_1d
      Radix: 3
      Period: 0
      Fraction Connected: 0.250000
      Kernel:
        Type: compute_bound
        Iterations: 128
        Samples: 16
        Imbalance: 0.000000
      Output Bytes: 16
      Scratch Bytes: 0
Time for last run: 1.091957e-03
Time for last run: 1.113892e-03
Total Tasks 1000
Total Dependencies 999
  Unable to estimate local/nonlocal dependencies
Total FLOPs 16448000
Total Bytes 0
Elapsed Time 1.113892e-03 seconds
FLOP/s 1.476625e+10
B/s 0.000000e+00
Transfer (estimated):
  Unable to estimate local/nonlocal transfer
[Partition 0][Node 0] End of program
=== system charm_old pes 1 iter 64 rep 5 ===
Charm++> Running on MPI library: MPI VERSION    : CRAY MPICH version 8.1.32.110 (ANL base 3.4a2)
MPI BUILD INFO : Thu Feb 06 22:53 2025 (git hash f9c5634)
 (MPI standard: 3.1)
Charm++> Level of thread support used: MPI_THREAD_FUNNELED (desired: MPI_THREAD_FUNNELED)
Charm++> Running in SMP mode: 1 processes, 1 worker threads (PEs) + 1 comm threads per process, 1 PEs total
Charm++> The comm. thread both sends and receives messages
Converse/Charm++ Commit ID: v8.0.1-devel-36-g3c3086b33
CharmLB> Load balancer assumes all CPUs are same.
Charm++> cpu affinity enabled. 
Charm++> Running on 1 hosts (2 sockets x 1 cores x 1 PUs = 2-way SMP)
Charm++> cpu topology info is gathered in 0.001 seconds.
CharmLB> Load balancing instrumentation for communication is off.
Running Task Benchmark
  Configuration:
    Task Graph 1:
      Time Steps: 1000
      Max Width: 1
      Dependence Type: stencil_1d
      Radix: 3
      Period: 0
      Fraction Connected: 0.250000
      Kernel:
        Type: compute_bound
        Iterations: 64
        Samples: 16
        Imbalance: 0.000000
      Output Bytes: 16
      Scratch Bytes: 0
Time for last run: 9.129047e-04
Time for last run: 8.661747e-04
Total Tasks 1000
Total Dependencies 999
  Unable to estimate local/nonlocal dependencies
Total FLOPs 8256000
Total Bytes 0
Elapsed Time 8.661747e-04 seconds
FLOP/s 9.531564e+09
B/s 0.000000e+00
Transfer (estimated):
  Unable to estimate local/nonlocal transfer
[Partition 0][Node 0] End of program
=== system charm_old pes 1 iter 32 rep 5 ===
Charm++> Running on MPI library: MPI VERSION    : CRAY MPICH version 8.1.32.110 (ANL base 3.4a2)
MPI BUILD INFO : Thu Feb 06 22:53 2025 (git hash f9c5634)
 (MPI standard: 3.1)
Charm++> Level of thread support used: MPI_THREAD_FUNNELED (desired: MPI_THREAD_FUNNELED)
Charm++> Running in SMP mode: 1 processes, 1 worker threads (PEs) + 1 comm threads per process, 1 PEs total
Charm++> The comm. thread both sends and receives messages
Converse/Charm++ Commit ID: v8.0.1-devel-36-g3c3086b33
CharmLB> Load balancer assumes all CPUs are same.
Charm++> cpu affinity enabled. 
Charm++> Running on 1 hosts (2 sockets x 1 cores x 1 PUs = 2-way SMP)
Charm++> cpu topology info is gathered in 0.001 seconds.
CharmLB> Load balancing instrumentation for communication is off.
Running Task Benchmark
  Configuration:
    Task Graph 1:
      Time Steps: 1000
      Max Width: 1
      Dependence Type: stencil_1d
      Radix: 3
      Period: 0
      Fraction Connected: 0.250000
      Kernel:
        Type: compute_bound
        Iterations: 32
        Samples: 16
        Imbalance: 0.000000
      Output Bytes: 16
      Scratch Bytes: 0
Time for last run: 7.631779e-04
Time for last run: 7.879734e-04
Total Tasks 1000
Total Dependencies 999
  Unable to estimate local/nonlocal dependencies
Total FLOPs 4160000
Total Bytes 0
Elapsed Time 7.879734e-04 seconds
FLOP/s 5.279366e+09
B/s 0.000000e+00
Transfer (estimated):
  Unable to estimate local/nonlocal transfer
[Partition 0][Node 0] End of program
=== system charm_old pes 1 iter 16 rep 5 ===
Charm++> Running on MPI library: MPI VERSION    : CRAY MPICH version 8.1.32.110 (ANL base 3.4a2)
MPI BUILD INFO : Thu Feb 06 22:53 2025 (git hash f9c5634)
 (MPI standard: 3.1)
Charm++> Level of thread support used: MPI_THREAD_FUNNELED (desired: MPI_THREAD_FUNNELED)
Charm++> Running in SMP mode: 1 processes, 1 worker threads (PEs) + 1 comm threads per process, 1 PEs total
Charm++> The comm. thread both sends and receives messages
Converse/Charm++ Commit ID: v8.0.1-devel-36-g3c3086b33
CharmLB> Load balancer assumes all CPUs are same.
Charm++> cpu affinity enabled. 
Charm++> Running on 1 hosts (2 sockets x 1 cores x 1 PUs = 2-way SMP)
Charm++> cpu topology info is gathered in 0.001 seconds.
CharmLB> Load balancing instrumentation for communication is off.
Running Task Benchmark
  Configuration:
    Task Graph 1:
      Time Steps: 1000
      Max Width: 1
      Dependence Type: stencil_1d
      Radix: 3
      Period: 0
      Fraction Connected: 0.250000
      Kernel:
        Type: compute_bound
        Iterations: 16
        Samples: 16
        Imbalance: 0.000000
      Output Bytes: 16
      Scratch Bytes: 0
Time for last run: 7.550716e-04
Time for last run: 7.040501e-04
Total Tasks 1000
Total Dependencies 999
  Unable to estimate local/nonlocal dependencies
Total FLOPs 2112000
Total Bytes 0
Elapsed Time 7.040501e-04 seconds
FLOP/s 2.999787e+09
B/s 0.000000e+00
Transfer (estimated):
  Unable to estimate local/nonlocal transfer
[Partition 0][Node 0] End of program
=== system charm_old pes 1 iter 8 rep 5 ===
Charm++> Running on MPI library: MPI VERSION    : CRAY MPICH version 8.1.32.110 (ANL base 3.4a2)
MPI BUILD INFO : Thu Feb 06 22:53 2025 (git hash f9c5634)
 (MPI standard: 3.1)
Charm++> Level of thread support used: MPI_THREAD_FUNNELED (desired: MPI_THREAD_FUNNELED)
Charm++> Running in SMP mode: 1 processes, 1 worker threads (PEs) + 1 comm threads per process, 1 PEs total
Charm++> The comm. thread both sends and receives messages
Converse/Charm++ Commit ID: v8.0.1-devel-36-g3c3086b33
CharmLB> Load balancer assumes all CPUs are same.
Charm++> cpu affinity enabled. 
Charm++> Running on 1 hosts (2 sockets x 1 cores x 1 PUs = 2-way SMP)
Charm++> cpu topology info is gathered in 0.001 seconds.
CharmLB> Load balancing instrumentation for communication is off.
Running Task Benchmark
  Configuration:
    Task Graph 1:
      Time Steps: 1000
      Max Width: 1
      Dependence Type: stencil_1d
      Radix: 3
      Period: 0
      Fraction Connected: 0.250000
      Kernel:
        Type: compute_bound
        Iterations: 8
        Samples: 16
        Imbalance: 0.000000
      Output Bytes: 16
      Scratch Bytes: 0
Time for last run: 9.169579e-04
Time for last run: 9.000301e-04
Total Tasks 1000
Total Dependencies 999
  Unable to estimate local/nonlocal dependencies
Total FLOPs 1088000
Total Bytes 0
Elapsed Time 9.000301e-04 seconds
FLOP/s 1.208848e+09
B/s 0.000000e+00
Transfer (estimated):
  Unable to estimate local/nonlocal transfer
[Partition 0][Node 0] End of program
=== system charm_old pes 1 iter 4 rep 5 ===
Charm++> Running on MPI library: MPI VERSION    : CRAY MPICH version 8.1.32.110 (ANL base 3.4a2)
MPI BUILD INFO : Thu Feb 06 22:53 2025 (git hash f9c5634)
 (MPI standard: 3.1)
Charm++> Level of thread support used: MPI_THREAD_FUNNELED (desired: MPI_THREAD_FUNNELED)
Charm++> Running in SMP mode: 1 processes, 1 worker threads (PEs) + 1 comm threads per process, 1 PEs total
Charm++> The comm. thread both sends and receives messages
Converse/Charm++ Commit ID: v8.0.1-devel-36-g3c3086b33
CharmLB> Load balancer assumes all CPUs are same.
Charm++> cpu affinity enabled. 
Charm++> Running on 1 hosts (2 sockets x 1 cores x 1 PUs = 2-way SMP)
Charm++> cpu topology info is gathered in 0.000 seconds.
CharmLB> Load balancing instrumentation for communication is off.
Running Task Benchmark
  Configuration:
    Task Graph 1:
      Time Steps: 1000
      Max Width: 1
      Dependence Type: stencil_1d
      Radix: 3
      Period: 0
      Fraction Connected: 0.250000
      Kernel:
        Type: compute_bound
        Iterations: 4
        Samples: 16
        Imbalance: 0.000000
      Output Bytes: 16
      Scratch Bytes: 0
Time for last run: 6.690025e-04
Time for last run: 6.971359e-04
Total Tasks 1000
Total Dependencies 999
  Unable to estimate local/nonlocal dependencies
Total FLOPs 576000
Total Bytes 0
Elapsed Time 6.971359e-04 seconds
FLOP/s 8.262377e+08
B/s 0.000000e+00
Transfer (estimated):
  Unable to estimate local/nonlocal transfer
[Partition 0][Node 0] End of program
=== system charm_old pes 1 iter 2 rep 5 ===
Charm++> Running on MPI library: MPI VERSION    : CRAY MPICH version 8.1.32.110 (ANL base 3.4a2)
MPI BUILD INFO : Thu Feb 06 22:53 2025 (git hash f9c5634)
 (MPI standard: 3.1)
Charm++> Level of thread support used: MPI_THREAD_FUNNELED (desired: MPI_THREAD_FUNNELED)
Charm++> Running in SMP mode: 1 processes, 1 worker threads (PEs) + 1 comm threads per process, 1 PEs total
Charm++> The comm. thread both sends and receives messages
Converse/Charm++ Commit ID: v8.0.1-devel-36-g3c3086b33
CharmLB> Load balancer assumes all CPUs are same.
Charm++> cpu affinity enabled. 
Charm++> Running on 1 hosts (2 sockets x 1 cores x 1 PUs = 2-way SMP)
Charm++> cpu topology info is gathered in 0.001 seconds.
CharmLB> Load balancing instrumentation for communication is off.
Running Task Benchmark
  Configuration:
    Task Graph 1:
      Time Steps: 1000
      Max Width: 1
      Dependence Type: stencil_1d
      Radix: 3
      Period: 0
      Fraction Connected: 0.250000
      Kernel:
        Type: compute_bound
        Iterations: 2
        Samples: 16
        Imbalance: 0.000000
      Output Bytes: 16
      Scratch Bytes: 0
Time for last run: 6.618500e-04
Time for last run: 6.439686e-04
Total Tasks 1000
Total Dependencies 999
  Unable to estimate local/nonlocal dependencies
Total FLOPs 320000
Total Bytes 0
Elapsed Time 6.439686e-04 seconds
FLOP/s 4.969187e+08
B/s 0.000000e+00
Transfer (estimated):
  Unable to estimate local/nonlocal transfer
[Partition 0][Node 0] End of program
=== system charm_old pes 1 iter 16384 rep 6 ===
Charm++> Running on MPI library: MPI VERSION    : CRAY MPICH version 8.1.32.110 (ANL base 3.4a2)
MPI BUILD INFO : Thu Feb 06 22:53 2025 (git hash f9c5634)
 (MPI standard: 3.1)
Charm++> Level of thread support used: MPI_THREAD_FUNNELED (desired: MPI_THREAD_FUNNELED)
Charm++> Running in SMP mode: 1 processes, 1 worker threads (PEs) + 1 comm threads per process, 1 PEs total
Charm++> The comm. thread both sends and receives messages
Converse/Charm++ Commit ID: v8.0.1-devel-36-g3c3086b33
CharmLB> Load balancer assumes all CPUs are same.
Charm++> cpu affinity enabled. 
Charm++> Running on 1 hosts (2 sockets x 1 cores x 1 PUs = 2-way SMP)
Charm++> cpu topology info is gathered in 0.001 seconds.
CharmLB> Load balancing instrumentation for communication is off.
Running Task Benchmark
  Configuration:
    Task Graph 1:
      Time Steps: 1000
      Max Width: 1
      Dependence Type: stencil_1d
      Radix: 3
      Period: 0
      Fraction Connected: 0.250000
      Kernel:
        Type: compute_bound
        Iterations: 16384
        Samples: 16
        Imbalance: 0.000000
      Output Bytes: 16
      Scratch Bytes: 0
Time for last run: 5.599189e-02
Time for last run: 5.595493e-02
Total Tasks 1000
Total Dependencies 999
  Unable to estimate local/nonlocal dependencies
Total FLOPs 2097216000
Total Bytes 0
Elapsed Time 5.595493e-02 seconds
FLOP/s 3.748045e+10
B/s 0.000000e+00
Transfer (estimated):
  Unable to estimate local/nonlocal transfer
[Partition 0][Node 0] End of program
=== system charm_old pes 1 iter 8192 rep 6 ===
Charm++> Running on MPI library: MPI VERSION    : CRAY MPICH version 8.1.32.110 (ANL base 3.4a2)
MPI BUILD INFO : Thu Feb 06 22:53 2025 (git hash f9c5634)
 (MPI standard: 3.1)
Charm++> Level of thread support used: MPI_THREAD_FUNNELED (desired: MPI_THREAD_FUNNELED)
Charm++> Running in SMP mode: 1 processes, 1 worker threads (PEs) + 1 comm threads per process, 1 PEs total
Charm++> The comm. thread both sends and receives messages
Converse/Charm++ Commit ID: v8.0.1-devel-36-g3c3086b33
CharmLB> Load balancer assumes all CPUs are same.
Charm++> cpu affinity enabled. 
Charm++> Running on 1 hosts (2 sockets x 1 cores x 1 PUs = 2-way SMP)
Charm++> cpu topology info is gathered in 0.001 seconds.
CharmLB> Load balancing instrumentation for communication is off.
Running Task Benchmark
  Configuration:
    Task Graph 1:
      Time Steps: 1000
      Max Width: 1
      Dependence Type: stencil_1d
      Radix: 3
      Period: 0
      Fraction Connected: 0.250000
      Kernel:
        Type: compute_bound
        Iterations: 8192
        Samples: 16
        Imbalance: 0.000000
      Output Bytes: 16
      Scratch Bytes: 0
Time for last run: 2.832794e-02
Time for last run: 2.831292e-02
Total Tasks 1000
Total Dependencies 999
  Unable to estimate local/nonlocal dependencies
Total FLOPs 1048640000
Total Bytes 0
Elapsed Time 2.831292e-02 seconds
FLOP/s 3.703751e+10
B/s 0.000000e+00
Transfer (estimated):
  Unable to estimate local/nonlocal transfer
[Partition 0][Node 0] End of program
=== system charm_old pes 1 iter 4096 rep 6 ===
Charm++> Running on MPI library: MPI VERSION    : CRAY MPICH version 8.1.32.110 (ANL base 3.4a2)
MPI BUILD INFO : Thu Feb 06 22:53 2025 (git hash f9c5634)
 (MPI standard: 3.1)
Charm++> Level of thread support used: MPI_THREAD_FUNNELED (desired: MPI_THREAD_FUNNELED)
Charm++> Running in SMP mode: 1 processes, 1 worker threads (PEs) + 1 comm threads per process, 1 PEs total
Charm++> The comm. thread both sends and receives messages
Converse/Charm++ Commit ID: v8.0.1-devel-36-g3c3086b33
CharmLB> Load balancer assumes all CPUs are same.
Charm++> cpu affinity enabled. 
Charm++> Running on 1 hosts (2 sockets x 1 cores x 1 PUs = 2-way SMP)
Charm++> cpu topology info is gathered in 0.001 seconds.
CharmLB> Load balancing instrumentation for communication is off.
Running Task Benchmark
  Configuration:
    Task Graph 1:
      Time Steps: 1000
      Max Width: 1
      Dependence Type: stencil_1d
      Radix: 3
      Period: 0
      Fraction Connected: 0.250000
      Kernel:
        Type: compute_bound
        Iterations: 4096
        Samples: 16
        Imbalance: 0.000000
      Output Bytes: 16
      Scratch Bytes: 0
Time for last run: 1.936889e-02
Time for last run: 1.942682e-02
Total Tasks 1000
Total Dependencies 999
  Unable to estimate local/nonlocal dependencies
Total FLOPs 524352000
Total Bytes 0
Elapsed Time 1.942682e-02 seconds
FLOP/s 2.699114e+10
B/s 0.000000e+00
Transfer (estimated):
  Unable to estimate local/nonlocal transfer
[Partition 0][Node 0] End of program
=== system charm_old pes 1 iter 2048 rep 6 ===
Charm++> Running on MPI library: MPI VERSION    : CRAY MPICH version 8.1.32.110 (ANL base 3.4a2)
MPI BUILD INFO : Thu Feb 06 22:53 2025 (git hash f9c5634)
 (MPI standard: 3.1)
Charm++> Level of thread support used: MPI_THREAD_FUNNELED (desired: MPI_THREAD_FUNNELED)
Charm++> Running in SMP mode: 1 processes, 1 worker threads (PEs) + 1 comm threads per process, 1 PEs total
Charm++> The comm. thread both sends and receives messages
Converse/Charm++ Commit ID: v8.0.1-devel-36-g3c3086b33
CharmLB> Load balancer assumes all CPUs are same.
Charm++> cpu affinity enabled. 
Charm++> Running on 1 hosts (2 sockets x 1 cores x 1 PUs = 2-way SMP)
Charm++> cpu topology info is gathered in 0.001 seconds.
CharmLB> Load balancing instrumentation for communication is off.
Running Task Benchmark
  Configuration:
    Task Graph 1:
      Time Steps: 1000
      Max Width: 1
      Dependence Type: stencil_1d
      Radix: 3
      Period: 0
      Fraction Connected: 0.250000
      Kernel:
        Type: compute_bound
        Iterations: 2048
        Samples: 16
        Imbalance: 0.000000
      Output Bytes: 16
      Scratch Bytes: 0
Time for last run: 1.026988e-02
Time for last run: 1.014304e-02
Total Tasks 1000
Total Dependencies 999
  Unable to estimate local/nonlocal dependencies
Total FLOPs 262208000
Total Bytes 0
Elapsed Time 1.014304e-02 seconds
FLOP/s 2.585102e+10
B/s 0.000000e+00
Transfer (estimated):
  Unable to estimate local/nonlocal transfer
[Partition 0][Node 0] End of program
=== system charm_old pes 1 iter 1024 rep 6 ===
Charm++> Running on MPI library: MPI VERSION    : CRAY MPICH version 8.1.32.110 (ANL base 3.4a2)
MPI BUILD INFO : Thu Feb 06 22:53 2025 (git hash f9c5634)
 (MPI standard: 3.1)
Charm++> Level of thread support used: MPI_THREAD_FUNNELED (desired: MPI_THREAD_FUNNELED)
Charm++> Running in SMP mode: 1 processes, 1 worker threads (PEs) + 1 comm threads per process, 1 PEs total
Charm++> The comm. thread both sends and receives messages
Converse/Charm++ Commit ID: v8.0.1-devel-36-g3c3086b33
CharmLB> Load balancer assumes all CPUs are same.
Charm++> cpu affinity enabled. 
Charm++> Running on 1 hosts (2 sockets x 1 cores x 1 PUs = 2-way SMP)
Charm++> cpu topology info is gathered in 0.001 seconds.
CharmLB> Load balancing instrumentation for communication is off.
Running Task Benchmark
  Configuration:
    Task Graph 1:
      Time Steps: 1000
      Max Width: 1
      Dependence Type: stencil_1d
      Radix: 3
      Period: 0
      Fraction Connected: 0.250000
      Kernel:
        Type: compute_bound
        Iterations: 1024
        Samples: 16
        Imbalance: 0.000000
      Output Bytes: 16
      Scratch Bytes: 0
Time for last run: 5.589962e-03
Time for last run: 5.494118e-03
Total Tasks 1000
Total Dependencies 999
  Unable to estimate local/nonlocal dependencies
Total FLOPs 131136000
Total Bytes 0
Elapsed Time 5.494118e-03 seconds
FLOP/s 2.386844e+10
B/s 0.000000e+00
Transfer (estimated):
  Unable to estimate local/nonlocal transfer
[Partition 0][Node 0] End of program
=== system charm_old pes 1 iter 512 rep 6 ===
Charm++> Running on MPI library: MPI VERSION    : CRAY MPICH version 8.1.32.110 (ANL base 3.4a2)
MPI BUILD INFO : Thu Feb 06 22:53 2025 (git hash f9c5634)
 (MPI standard: 3.1)
Charm++> Level of thread support used: MPI_THREAD_FUNNELED (desired: MPI_THREAD_FUNNELED)
Charm++> Running in SMP mode: 1 processes, 1 worker threads (PEs) + 1 comm threads per process, 1 PEs total
Charm++> The comm. thread both sends and receives messages
Converse/Charm++ Commit ID: v8.0.1-devel-36-g3c3086b33
CharmLB> Load balancer assumes all CPUs are same.
Charm++> cpu affinity enabled. 
Charm++> Running on 1 hosts (2 sockets x 1 cores x 1 PUs = 2-way SMP)
Charm++> cpu topology info is gathered in 0.001 seconds.
CharmLB> Load balancing instrumentation for communication is off.
Running Task Benchmark
  Configuration:
    Task Graph 1:
      Time Steps: 1000
      Max Width: 1
      Dependence Type: stencil_1d
      Radix: 3
      Period: 0
      Fraction Connected: 0.250000
      Kernel:
        Type: compute_bound
        Iterations: 512
        Samples: 16
        Imbalance: 0.000000
      Output Bytes: 16
      Scratch Bytes: 0
Time for last run: 3.226042e-03
Time for last run: 3.164053e-03
Total Tasks 1000
Total Dependencies 999
  Unable to estimate local/nonlocal dependencies
Total FLOPs 65600000
Total Bytes 0
Elapsed Time 3.164053e-03 seconds
FLOP/s 2.073290e+10
B/s 0.000000e+00
Transfer (estimated):
  Unable to estimate local/nonlocal transfer
[Partition 0][Node 0] End of program
=== system charm_old pes 1 iter 256 rep 6 ===
Charm++> Running on MPI library: MPI VERSION    : CRAY MPICH version 8.1.32.110 (ANL base 3.4a2)
MPI BUILD INFO : Thu Feb 06 22:53 2025 (git hash f9c5634)
 (MPI standard: 3.1)
Charm++> Level of thread support used: MPI_THREAD_FUNNELED (desired: MPI_THREAD_FUNNELED)
Charm++> Running in SMP mode: 1 processes, 1 worker threads (PEs) + 1 comm threads per process, 1 PEs total
Charm++> The comm. thread both sends and receives messages
Converse/Charm++ Commit ID: v8.0.1-devel-36-g3c3086b33
CharmLB> Load balancer assumes all CPUs are same.
Charm++> cpu affinity enabled. 
Charm++> Running on 1 hosts (2 sockets x 1 cores x 1 PUs = 2-way SMP)
Charm++> cpu topology info is gathered in 0.001 seconds.
CharmLB> Load balancing instrumentation for communication is off.
Running Task Benchmark
  Configuration:
    Task Graph 1:
      Time Steps: 1000
      Max Width: 1
      Dependence Type: stencil_1d
      Radix: 3
      Period: 0
      Fraction Connected: 0.250000
      Kernel:
        Type: compute_bound
        Iterations: 256
        Samples: 16
        Imbalance: 0.000000
      Output Bytes: 16
      Scratch Bytes: 0
Time for last run: 2.027988e-03
Time for last run: 2.015829e-03
Total Tasks 1000
Total Dependencies 999
  Unable to estimate local/nonlocal dependencies
Total FLOPs 32832000
Total Bytes 0
Elapsed Time 2.015829e-03 seconds
FLOP/s 1.628710e+10
B/s 0.000000e+00
Transfer (estimated):
  Unable to estimate local/nonlocal transfer
[Partition 0][Node 0] End of program
=== system charm_old pes 1 iter 128 rep 6 ===
Charm++> Running on MPI library: MPI VERSION    : CRAY MPICH version 8.1.32.110 (ANL base 3.4a2)
MPI BUILD INFO : Thu Feb 06 22:53 2025 (git hash f9c5634)
 (MPI standard: 3.1)
Charm++> Level of thread support used: MPI_THREAD_FUNNELED (desired: MPI_THREAD_FUNNELED)
Charm++> Running in SMP mode: 1 processes, 1 worker threads (PEs) + 1 comm threads per process, 1 PEs total
Charm++> The comm. thread both sends and receives messages
Converse/Charm++ Commit ID: v8.0.1-devel-36-g3c3086b33
CharmLB> Load balancer assumes all CPUs are same.
Charm++> cpu affinity enabled. 
Charm++> Running on 1 hosts (2 sockets x 1 cores x 1 PUs = 2-way SMP)
Charm++> cpu topology info is gathered in 0.001 seconds.
CharmLB> Load balancing instrumentation for communication is off.
Running Task Benchmark
  Configuration:
    Task Graph 1:
      Time Steps: 1000
      Max Width: 1
      Dependence Type: stencil_1d
      Radix: 3
      Period: 0
      Fraction Connected: 0.250000
      Kernel:
        Type: compute_bound
        Iterations: 128
        Samples: 16
        Imbalance: 0.000000
      Output Bytes: 16
      Scratch Bytes: 0
Time for last run: 1.461029e-03
Time for last run: 1.448154e-03
Total Tasks 1000
Total Dependencies 999
  Unable to estimate local/nonlocal dependencies
Total FLOPs 16448000
Total Bytes 0
Elapsed Time 1.448154e-03 seconds
FLOP/s 1.135790e+10
B/s 0.000000e+00
Transfer (estimated):
  Unable to estimate local/nonlocal transfer
[Partition 0][Node 0] End of program
=== system charm_old pes 1 iter 64 rep 6 ===
Charm++> Running on MPI library: MPI VERSION    : CRAY MPICH version 8.1.32.110 (ANL base 3.4a2)
MPI BUILD INFO : Thu Feb 06 22:53 2025 (git hash f9c5634)
 (MPI standard: 3.1)
Charm++> Level of thread support used: MPI_THREAD_FUNNELED (desired: MPI_THREAD_FUNNELED)
Charm++> Running in SMP mode: 1 processes, 1 worker threads (PEs) + 1 comm threads per process, 1 PEs total
Charm++> The comm. thread both sends and receives messages
Converse/Charm++ Commit ID: v8.0.1-devel-36-g3c3086b33
CharmLB> Load balancer assumes all CPUs are same.
Charm++> cpu affinity enabled. 
Charm++> Running on 1 hosts (2 sockets x 1 cores x 1 PUs = 2-way SMP)
Charm++> cpu topology info is gathered in 0.001 seconds.
CharmLB> Load balancing instrumentation for communication is off.
Running Task Benchmark
  Configuration:
    Task Graph 1:
      Time Steps: 1000
      Max Width: 1
      Dependence Type: stencil_1d
      Radix: 3
      Period: 0
      Fraction Connected: 0.250000
      Kernel:
        Type: compute_bound
        Iterations: 64
        Samples: 16
        Imbalance: 0.000000
      Output Bytes: 16
      Scratch Bytes: 0
Time for last run: 8.740425e-04
Time for last run: 9.109974e-04
Total Tasks 1000
Total Dependencies 999
  Unable to estimate local/nonlocal dependencies
Total FLOPs 8256000
Total Bytes 0
Elapsed Time 9.109974e-04 seconds
FLOP/s 9.062595e+09
B/s 0.000000e+00
Transfer (estimated):
  Unable to estimate local/nonlocal transfer
[Partition 0][Node 0] End of program
=== system charm_old pes 1 iter 32 rep 6 ===
Charm++> Running on MPI library: MPI VERSION    : CRAY MPICH version 8.1.32.110 (ANL base 3.4a2)
MPI BUILD INFO : Thu Feb 06 22:53 2025 (git hash f9c5634)
 (MPI standard: 3.1)
Charm++> Level of thread support used: MPI_THREAD_FUNNELED (desired: MPI_THREAD_FUNNELED)
Charm++> Running in SMP mode: 1 processes, 1 worker threads (PEs) + 1 comm threads per process, 1 PEs total
Charm++> The comm. thread both sends and receives messages
Converse/Charm++ Commit ID: v8.0.1-devel-36-g3c3086b33
CharmLB> Load balancer assumes all CPUs are same.
Charm++> cpu affinity enabled. 
Charm++> Running on 1 hosts (2 sockets x 1 cores x 1 PUs = 2-way SMP)
Charm++> cpu topology info is gathered in 0.001 seconds.
CharmLB> Load balancing instrumentation for communication is off.
Running Task Benchmark
  Configuration:
    Task Graph 1:
      Time Steps: 1000
      Max Width: 1
      Dependence Type: stencil_1d
      Radix: 3
      Period: 0
      Fraction Connected: 0.250000
      Kernel:
        Type: compute_bound
        Iterations: 32
        Samples: 16
        Imbalance: 0.000000
      Output Bytes: 16
      Scratch Bytes: 0
Time for last run: 8.099079e-04
Time for last run: 7.510185e-04
Total Tasks 1000
Total Dependencies 999
  Unable to estimate local/nonlocal dependencies
Total FLOPs 4160000
Total Bytes 0
Elapsed Time 7.510185e-04 seconds
FLOP/s 5.539144e+09
B/s 0.000000e+00
Transfer (estimated):
  Unable to estimate local/nonlocal transfer
[Partition 0][Node 0] End of program
=== system charm_old pes 1 iter 16 rep 6 ===
Charm++> Running on MPI library: MPI VERSION    : CRAY MPICH version 8.1.32.110 (ANL base 3.4a2)
MPI BUILD INFO : Thu Feb 06 22:53 2025 (git hash f9c5634)
 (MPI standard: 3.1)
Charm++> Level of thread support used: MPI_THREAD_FUNNELED (desired: MPI_THREAD_FUNNELED)
Charm++> Running in SMP mode: 1 processes, 1 worker threads (PEs) + 1 comm threads per process, 1 PEs total
Charm++> The comm. thread both sends and receives messages
Converse/Charm++ Commit ID: v8.0.1-devel-36-g3c3086b33
CharmLB> Load balancer assumes all CPUs are same.
Charm++> cpu affinity enabled. 
Charm++> Running on 1 hosts (2 sockets x 1 cores x 1 PUs = 2-way SMP)
Charm++> cpu topology info is gathered in 0.001 seconds.
CharmLB> Load balancing instrumentation for communication is off.
Running Task Benchmark
  Configuration:
    Task Graph 1:
      Time Steps: 1000
      Max Width: 1
      Dependence Type: stencil_1d
      Radix: 3
      Period: 0
      Fraction Connected: 0.250000
      Kernel:
        Type: compute_bound
        Iterations: 16
        Samples: 16
        Imbalance: 0.000000
      Output Bytes: 16
      Scratch Bytes: 0
Time for last run: 6.999969e-04
Time for last run: 6.928444e-04
Total Tasks 1000
Total Dependencies 999
  Unable to estimate local/nonlocal dependencies
Total FLOPs 2112000
Total Bytes 0
Elapsed Time 6.928444e-04 seconds
FLOP/s 3.048304e+09
B/s 0.000000e+00
Transfer (estimated):
  Unable to estimate local/nonlocal transfer
[Partition 0][Node 0] End of program
=== system charm_old pes 1 iter 8 rep 6 ===
Charm++> Running on MPI library: MPI VERSION    : CRAY MPICH version 8.1.32.110 (ANL base 3.4a2)
MPI BUILD INFO : Thu Feb 06 22:53 2025 (git hash f9c5634)
 (MPI standard: 3.1)
Charm++> Level of thread support used: MPI_THREAD_FUNNELED (desired: MPI_THREAD_FUNNELED)
Charm++> Running in SMP mode: 1 processes, 1 worker threads (PEs) + 1 comm threads per process, 1 PEs total
Charm++> The comm. thread both sends and receives messages
Converse/Charm++ Commit ID: v8.0.1-devel-36-g3c3086b33
CharmLB> Load balancer assumes all CPUs are same.
Charm++> cpu affinity enabled. 
Charm++> Running on 1 hosts (2 sockets x 1 cores x 1 PUs = 2-way SMP)
Charm++> cpu topology info is gathered in 0.001 seconds.
CharmLB> Load balancing instrumentation for communication is off.
Running Task Benchmark
  Configuration:
    Task Graph 1:
      Time Steps: 1000
      Max Width: 1
      Dependence Type: stencil_1d
      Radix: 3
      Period: 0
      Fraction Connected: 0.250000
      Kernel:
        Type: compute_bound
        Iterations: 8
        Samples: 16
        Imbalance: 0.000000
      Output Bytes: 16
      Scratch Bytes: 0
Time for last run: 6.849766e-04
Time for last run: 6.999969e-04
Total Tasks 1000
Total Dependencies 999
  Unable to estimate local/nonlocal dependencies
Total FLOPs 1088000
Total Bytes 0
Elapsed Time 6.999969e-04 seconds
FLOP/s 1.554292e+09
B/s 0.000000e+00
Transfer (estimated):
  Unable to estimate local/nonlocal transfer
[Partition 0][Node 0] End of program
=== system charm_old pes 1 iter 4 rep 6 ===
Charm++> Running on MPI library: MPI VERSION    : CRAY MPICH version 8.1.32.110 (ANL base 3.4a2)
MPI BUILD INFO : Thu Feb 06 22:53 2025 (git hash f9c5634)
 (MPI standard: 3.1)
Charm++> Level of thread support used: MPI_THREAD_FUNNELED (desired: MPI_THREAD_FUNNELED)
Charm++> Running in SMP mode: 1 processes, 1 worker threads (PEs) + 1 comm threads per process, 1 PEs total
Charm++> The comm. thread both sends and receives messages
Converse/Charm++ Commit ID: v8.0.1-devel-36-g3c3086b33
CharmLB> Load balancer assumes all CPUs are same.
Charm++> cpu affinity enabled. 
Charm++> Running on 1 hosts (2 sockets x 1 cores x 1 PUs = 2-way SMP)
Charm++> cpu topology info is gathered in 0.001 seconds.
CharmLB> Load balancing instrumentation for communication is off.
Running Task Benchmark
  Configuration:
    Task Graph 1:
      Time Steps: 1000
      Max Width: 1
      Dependence Type: stencil_1d
      Radix: 3
      Period: 0
      Fraction Connected: 0.250000
      Kernel:
        Type: compute_bound
        Iterations: 4
        Samples: 16
        Imbalance: 0.000000
      Output Bytes: 16
      Scratch Bytes: 0
Time for last run: 6.818771e-04
Time for last run: 6.709099e-04
Total Tasks 1000
Total Dependencies 999
  Unable to estimate local/nonlocal dependencies
Total FLOPs 576000
Total Bytes 0
Elapsed Time 6.709099e-04 seconds
FLOP/s 8.585356e+08
B/s 0.000000e+00
Transfer (estimated):
  Unable to estimate local/nonlocal transfer
[Partition 0][Node 0] End of program
=== system charm_old pes 1 iter 2 rep 6 ===
Charm++> Running on MPI library: MPI VERSION    : CRAY MPICH version 8.1.32.110 (ANL base 3.4a2)
MPI BUILD INFO : Thu Feb 06 22:53 2025 (git hash f9c5634)
 (MPI standard: 3.1)
Charm++> Level of thread support used: MPI_THREAD_FUNNELED (desired: MPI_THREAD_FUNNELED)
Charm++> Running in SMP mode: 1 processes, 1 worker threads (PEs) + 1 comm threads per process, 1 PEs total
Charm++> The comm. thread both sends and receives messages
Converse/Charm++ Commit ID: v8.0.1-devel-36-g3c3086b33
CharmLB> Load balancer assumes all CPUs are same.
Charm++> cpu affinity enabled. 
Charm++> Running on 1 hosts (2 sockets x 1 cores x 1 PUs = 2-way SMP)
Charm++> cpu topology info is gathered in 0.001 seconds.
CharmLB> Load balancing instrumentation for communication is off.
Running Task Benchmark
  Configuration:
    Task Graph 1:
      Time Steps: 1000
      Max Width: 1
      Dependence Type: stencil_1d
      Radix: 3
      Period: 0
      Fraction Connected: 0.250000
      Kernel:
        Type: compute_bound
        Iterations: 2
        Samples: 16
        Imbalance: 0.000000
      Output Bytes: 16
      Scratch Bytes: 0
Time for last run: 6.659031e-04
Time for last run: 6.558895e-04
Total Tasks 1000
Total Dependencies 999
  Unable to estimate local/nonlocal dependencies
Total FLOPs 320000
Total Bytes 0
Elapsed Time 6.558895e-04 seconds
FLOP/s 4.878871e+08
B/s 0.000000e+00
Transfer (estimated):
  Unable to estimate local/nonlocal transfer
[Partition 0][Node 0] End of program
=== system charm_old pes 1 iter 16384 rep 7 ===
Charm++> Running on MPI library: MPI VERSION    : CRAY MPICH version 8.1.32.110 (ANL base 3.4a2)
MPI BUILD INFO : Thu Feb 06 22:53 2025 (git hash f9c5634)
 (MPI standard: 3.1)
Charm++> Level of thread support used: MPI_THREAD_FUNNELED (desired: MPI_THREAD_FUNNELED)
Charm++> Running in SMP mode: 1 processes, 1 worker threads (PEs) + 1 comm threads per process, 1 PEs total
Charm++> The comm. thread both sends and receives messages
Converse/Charm++ Commit ID: v8.0.1-devel-36-g3c3086b33
CharmLB> Load balancer assumes all CPUs are same.
Charm++> cpu affinity enabled. 
Charm++> Running on 1 hosts (2 sockets x 1 cores x 1 PUs = 2-way SMP)
Charm++> cpu topology info is gathered in 0.001 seconds.
CharmLB> Load balancing instrumentation for communication is off.
Running Task Benchmark
  Configuration:
    Task Graph 1:
      Time Steps: 1000
      Max Width: 1
      Dependence Type: stencil_1d
      Radix: 3
      Period: 0
      Fraction Connected: 0.250000
      Kernel:
        Type: compute_bound
        Iterations: 16384
        Samples: 16
        Imbalance: 0.000000
      Output Bytes: 16
      Scratch Bytes: 0
Time for last run: 7.498598e-02
Time for last run: 7.265520e-02
Total Tasks 1000
Total Dependencies 999
  Unable to estimate local/nonlocal dependencies
Total FLOPs 2097216000
Total Bytes 0
Elapsed Time 7.265520e-02 seconds
FLOP/s 2.886533e+10
B/s 0.000000e+00
Transfer (estimated):
  Unable to estimate local/nonlocal transfer
[Partition 0][Node 0] End of program
=== system charm_old pes 1 iter 8192 rep 7 ===
Charm++> Running on MPI library: MPI VERSION    : CRAY MPICH version 8.1.32.110 (ANL base 3.4a2)
MPI BUILD INFO : Thu Feb 06 22:53 2025 (git hash f9c5634)
 (MPI standard: 3.1)
Charm++> Level of thread support used: MPI_THREAD_FUNNELED (desired: MPI_THREAD_FUNNELED)
Charm++> Running in SMP mode: 1 processes, 1 worker threads (PEs) + 1 comm threads per process, 1 PEs total
Charm++> The comm. thread both sends and receives messages
Converse/Charm++ Commit ID: v8.0.1-devel-36-g3c3086b33
CharmLB> Load balancer assumes all CPUs are same.
Charm++> cpu affinity enabled. 
Charm++> Running on 1 hosts (2 sockets x 1 cores x 1 PUs = 2-way SMP)
Charm++> cpu topology info is gathered in 0.001 seconds.
CharmLB> Load balancing instrumentation for communication is off.
Running Task Benchmark
  Configuration:
    Task Graph 1:
      Time Steps: 1000
      Max Width: 1
      Dependence Type: stencil_1d
      Radix: 3
      Period: 0
      Fraction Connected: 0.250000
      Kernel:
        Type: compute_bound
        Iterations: 8192
        Samples: 16
        Imbalance: 0.000000
      Output Bytes: 16
      Scratch Bytes: 0
Time for last run: 3.796005e-02
Time for last run: 3.781104e-02
Total Tasks 1000
Total Dependencies 999
  Unable to estimate local/nonlocal dependencies
Total FLOPs 1048640000
Total Bytes 0
Elapsed Time 3.781104e-02 seconds
FLOP/s 2.773370e+10
B/s 0.000000e+00
Transfer (estimated):
  Unable to estimate local/nonlocal transfer
[Partition 0][Node 0] End of program
=== system charm_old pes 1 iter 4096 rep 7 ===
Charm++> Running on MPI library: MPI VERSION    : CRAY MPICH version 8.1.32.110 (ANL base 3.4a2)
MPI BUILD INFO : Thu Feb 06 22:53 2025 (git hash f9c5634)
 (MPI standard: 3.1)
Charm++> Level of thread support used: MPI_THREAD_FUNNELED (desired: MPI_THREAD_FUNNELED)
Charm++> Running in SMP mode: 1 processes, 1 worker threads (PEs) + 1 comm threads per process, 1 PEs total
Charm++> The comm. thread both sends and receives messages
Converse/Charm++ Commit ID: v8.0.1-devel-36-g3c3086b33
CharmLB> Load balancer assumes all CPUs are same.
Charm++> cpu affinity enabled. 
Charm++> Running on 1 hosts (2 sockets x 1 cores x 1 PUs = 2-way SMP)
Charm++> cpu topology info is gathered in 0.001 seconds.
CharmLB> Load balancing instrumentation for communication is off.
Running Task Benchmark
  Configuration:
    Task Graph 1:
      Time Steps: 1000
      Max Width: 1
      Dependence Type: stencil_1d
      Radix: 3
      Period: 0
      Fraction Connected: 0.250000
      Kernel:
        Type: compute_bound
        Iterations: 4096
        Samples: 16
        Imbalance: 0.000000
      Output Bytes: 16
      Scratch Bytes: 0
Time for last run: 1.960492e-02
Time for last run: 1.937413e-02
Total Tasks 1000
Total Dependencies 999
  Unable to estimate local/nonlocal dependencies
Total FLOPs 524352000
Total Bytes 0
Elapsed Time 1.937413e-02 seconds
FLOP/s 2.706454e+10
B/s 0.000000e+00
Transfer (estimated):
  Unable to estimate local/nonlocal transfer
[Partition 0][Node 0] End of program
=== system charm_old pes 1 iter 2048 rep 7 ===
Charm++> Running on MPI library: MPI VERSION    : CRAY MPICH version 8.1.32.110 (ANL base 3.4a2)
MPI BUILD INFO : Thu Feb 06 22:53 2025 (git hash f9c5634)
 (MPI standard: 3.1)
Charm++> Level of thread support used: MPI_THREAD_FUNNELED (desired: MPI_THREAD_FUNNELED)
Charm++> Running in SMP mode: 1 processes, 1 worker threads (PEs) + 1 comm threads per process, 1 PEs total
Charm++> The comm. thread both sends and receives messages
Converse/Charm++ Commit ID: v8.0.1-devel-36-g3c3086b33
CharmLB> Load balancer assumes all CPUs are same.
Charm++> cpu affinity enabled. 
Charm++> Running on 1 hosts (2 sockets x 1 cores x 1 PUs = 2-way SMP)
Charm++> cpu topology info is gathered in 0.001 seconds.
CharmLB> Load balancing instrumentation for communication is off.
Running Task Benchmark
  Configuration:
    Task Graph 1:
      Time Steps: 1000
      Max Width: 1
      Dependence Type: stencil_1d
      Radix: 3
      Period: 0
      Fraction Connected: 0.250000
      Kernel:
        Type: compute_bound
        Iterations: 2048
        Samples: 16
        Imbalance: 0.000000
      Output Bytes: 16
      Scratch Bytes: 0
Time for last run: 9.984970e-03
Time for last run: 1.026511e-02
Total Tasks 1000
Total Dependencies 999
  Unable to estimate local/nonlocal dependencies
Total FLOPs 262208000
Total Bytes 0
Elapsed Time 1.026511e-02 seconds
FLOP/s 2.554361e+10
B/s 0.000000e+00
Transfer (estimated):
  Unable to estimate local/nonlocal transfer
[Partition 0][Node 0] End of program
=== system charm_old pes 1 iter 1024 rep 7 ===
Charm++> Running on MPI library: MPI VERSION    : CRAY MPICH version 8.1.32.110 (ANL base 3.4a2)
MPI BUILD INFO : Thu Feb 06 22:53 2025 (git hash f9c5634)
 (MPI standard: 3.1)
Charm++> Level of thread support used: MPI_THREAD_FUNNELED (desired: MPI_THREAD_FUNNELED)
Charm++> Running in SMP mode: 1 processes, 1 worker threads (PEs) + 1 comm threads per process, 1 PEs total
Charm++> The comm. thread both sends and receives messages
Converse/Charm++ Commit ID: v8.0.1-devel-36-g3c3086b33
CharmLB> Load balancer assumes all CPUs are same.
Charm++> cpu affinity enabled. 
Charm++> Running on 1 hosts (2 sockets x 1 cores x 1 PUs = 2-way SMP)
Charm++> cpu topology info is gathered in 0.001 seconds.
CharmLB> Load balancing instrumentation for communication is off.
Running Task Benchmark
  Configuration:
    Task Graph 1:
      Time Steps: 1000
      Max Width: 1
      Dependence Type: stencil_1d
      Radix: 3
      Period: 0
      Fraction Connected: 0.250000
      Kernel:
        Type: compute_bound
        Iterations: 1024
        Samples: 16
        Imbalance: 0.000000
      Output Bytes: 16
      Scratch Bytes: 0
Time for last run: 5.530119e-03
Time for last run: 5.491018e-03
Total Tasks 1000
Total Dependencies 999
  Unable to estimate local/nonlocal dependencies
Total FLOPs 131136000
Total Bytes 0
Elapsed Time 5.491018e-03 seconds
FLOP/s 2.388191e+10
B/s 0.000000e+00
Transfer (estimated):
  Unable to estimate local/nonlocal transfer
[Partition 0][Node 0] End of program
=== system charm_old pes 1 iter 512 rep 7 ===
Charm++> Running on MPI library: MPI VERSION    : CRAY MPICH version 8.1.32.110 (ANL base 3.4a2)
MPI BUILD INFO : Thu Feb 06 22:53 2025 (git hash f9c5634)
 (MPI standard: 3.1)
Charm++> Level of thread support used: MPI_THREAD_FUNNELED (desired: MPI_THREAD_FUNNELED)
Charm++> Running in SMP mode: 1 processes, 1 worker threads (PEs) + 1 comm threads per process, 1 PEs total
Charm++> The comm. thread both sends and receives messages
Converse/Charm++ Commit ID: v8.0.1-devel-36-g3c3086b33
CharmLB> Load balancer assumes all CPUs are same.
Charm++> cpu affinity enabled. 
Charm++> Running on 1 hosts (2 sockets x 1 cores x 1 PUs = 2-way SMP)
Charm++> cpu topology info is gathered in 0.001 seconds.
CharmLB> Load balancing instrumentation for communication is off.
Running Task Benchmark
  Configuration:
    Task Graph 1:
      Time Steps: 1000
      Max Width: 1
      Dependence Type: stencil_1d
      Radix: 3
      Period: 0
      Fraction Connected: 0.250000
      Kernel:
        Type: compute_bound
        Iterations: 512
        Samples: 16
        Imbalance: 0.000000
      Output Bytes: 16
      Scratch Bytes: 0
Time for last run: 3.178835e-03
Time for last run: 3.169060e-03
Total Tasks 1000
Total Dependencies 999
  Unable to estimate local/nonlocal dependencies
Total FLOPs 65600000
Total Bytes 0
Elapsed Time 3.169060e-03 seconds
FLOP/s 2.070015e+10
B/s 0.000000e+00
Transfer (estimated):
  Unable to estimate local/nonlocal transfer
[Partition 0][Node 0] End of program
=== system charm_old pes 1 iter 256 rep 7 ===
Charm++> Running on MPI library: MPI VERSION    : CRAY MPICH version 8.1.32.110 (ANL base 3.4a2)
MPI BUILD INFO : Thu Feb 06 22:53 2025 (git hash f9c5634)
 (MPI standard: 3.1)
Charm++> Level of thread support used: MPI_THREAD_FUNNELED (desired: MPI_THREAD_FUNNELED)
Charm++> Running in SMP mode: 1 processes, 1 worker threads (PEs) + 1 comm threads per process, 1 PEs total
Charm++> The comm. thread both sends and receives messages
Converse/Charm++ Commit ID: v8.0.1-devel-36-g3c3086b33
CharmLB> Load balancer assumes all CPUs are same.
Charm++> cpu affinity enabled. 
Charm++> Running on 1 hosts (2 sockets x 1 cores x 1 PUs = 2-way SMP)
Charm++> cpu topology info is gathered in 0.001 seconds.
CharmLB> Load balancing instrumentation for communication is off.
Running Task Benchmark
  Configuration:
    Task Graph 1:
      Time Steps: 1000
      Max Width: 1
      Dependence Type: stencil_1d
      Radix: 3
      Period: 0
      Fraction Connected: 0.250000
      Kernel:
        Type: compute_bound
        Iterations: 256
        Samples: 16
        Imbalance: 0.000000
      Output Bytes: 16
      Scratch Bytes: 0
Time for last run: 2.023935e-03
Time for last run: 2.018929e-03
Total Tasks 1000
Total Dependencies 999
  Unable to estimate local/nonlocal dependencies
Total FLOPs 32832000
Total Bytes 0
Elapsed Time 2.018929e-03 seconds
FLOP/s 1.626209e+10
B/s 0.000000e+00
Transfer (estimated):
  Unable to estimate local/nonlocal transfer
[Partition 0][Node 0] End of program
=== system charm_old pes 1 iter 128 rep 7 ===
Charm++> Running on MPI library: MPI VERSION    : CRAY MPICH version 8.1.32.110 (ANL base 3.4a2)
MPI BUILD INFO : Thu Feb 06 22:53 2025 (git hash f9c5634)
 (MPI standard: 3.1)
Charm++> Level of thread support used: MPI_THREAD_FUNNELED (desired: MPI_THREAD_FUNNELED)
Charm++> Running in SMP mode: 1 processes, 1 worker threads (PEs) + 1 comm threads per process, 1 PEs total
Charm++> The comm. thread both sends and receives messages
Converse/Charm++ Commit ID: v8.0.1-devel-36-g3c3086b33
CharmLB> Load balancer assumes all CPUs are same.
Charm++> cpu affinity enabled. 
Charm++> Running on 1 hosts (2 sockets x 1 cores x 1 PUs = 2-way SMP)
Charm++> cpu topology info is gathered in 0.001 seconds.
CharmLB> Load balancing instrumentation for communication is off.
Running Task Benchmark
  Configuration:
    Task Graph 1:
      Time Steps: 1000
      Max Width: 1
      Dependence Type: stencil_1d
      Radix: 3
      Period: 0
      Fraction Connected: 0.250000
      Kernel:
        Type: compute_bound
        Iterations: 128
        Samples: 16
        Imbalance: 0.000000
      Output Bytes: 16
      Scratch Bytes: 0
Time for last run: 1.448870e-03
Time for last run: 1.487970e-03
Total Tasks 1000
Total Dependencies 999
  Unable to estimate local/nonlocal dependencies
Total FLOPs 16448000
Total Bytes 0
Elapsed Time 1.487970e-03 seconds
FLOP/s 1.105398e+10
B/s 0.000000e+00
Transfer (estimated):
  Unable to estimate local/nonlocal transfer
[Partition 0][Node 0] End of program
=== system charm_old pes 1 iter 64 rep 7 ===
Charm++> Running on MPI library: MPI VERSION    : CRAY MPICH version 8.1.32.110 (ANL base 3.4a2)
MPI BUILD INFO : Thu Feb 06 22:53 2025 (git hash f9c5634)
 (MPI standard: 3.1)
Charm++> Level of thread support used: MPI_THREAD_FUNNELED (desired: MPI_THREAD_FUNNELED)
Charm++> Running in SMP mode: 1 processes, 1 worker threads (PEs) + 1 comm threads per process, 1 PEs total
Charm++> The comm. thread both sends and receives messages
Converse/Charm++ Commit ID: v8.0.1-devel-36-g3c3086b33
CharmLB> Load balancer assumes all CPUs are same.
Charm++> cpu affinity enabled. 
Charm++> Running on 1 hosts (2 sockets x 1 cores x 1 PUs = 2-way SMP)
Charm++> cpu topology info is gathered in 0.001 seconds.
CharmLB> Load balancing instrumentation for communication is off.
Running Task Benchmark
  Configuration:
    Task Graph 1:
      Time Steps: 1000
      Max Width: 1
      Dependence Type: stencil_1d
      Radix: 3
      Period: 0
      Fraction Connected: 0.250000
      Kernel:
        Type: compute_bound
        Iterations: 64
        Samples: 16
        Imbalance: 0.000000
      Output Bytes: 16
      Scratch Bytes: 0
Time for last run: 1.167059e-03
Time for last run: 1.157999e-03
Total Tasks 1000
Total Dependencies 999
  Unable to estimate local/nonlocal dependencies
Total FLOPs 8256000
Total Bytes 0
Elapsed Time 1.157999e-03 seconds
FLOP/s 7.129540e+09
B/s 0.000000e+00
Transfer (estimated):
  Unable to estimate local/nonlocal transfer
[Partition 0][Node 0] End of program
=== system charm_old pes 1 iter 32 rep 7 ===
Charm++> Running on MPI library: MPI VERSION    : CRAY MPICH version 8.1.32.110 (ANL base 3.4a2)
MPI BUILD INFO : Thu Feb 06 22:53 2025 (git hash f9c5634)
 (MPI standard: 3.1)
Charm++> Level of thread support used: MPI_THREAD_FUNNELED (desired: MPI_THREAD_FUNNELED)
Charm++> Running in SMP mode: 1 processes, 1 worker threads (PEs) + 1 comm threads per process, 1 PEs total
Charm++> The comm. thread both sends and receives messages
Converse/Charm++ Commit ID: v8.0.1-devel-36-g3c3086b33
CharmLB> Load balancer assumes all CPUs are same.
Charm++> cpu affinity enabled. 
Charm++> Running on 1 hosts (2 sockets x 1 cores x 1 PUs = 2-way SMP)
Charm++> cpu topology info is gathered in 0.001 seconds.
CharmLB> Load balancing instrumentation for communication is off.
Running Task Benchmark
  Configuration:
    Task Graph 1:
      Time Steps: 1000
      Max Width: 1
      Dependence Type: stencil_1d
      Radix: 3
      Period: 0
      Fraction Connected: 0.250000
      Kernel:
        Type: compute_bound
        Iterations: 32
        Samples: 16
        Imbalance: 0.000000
      Output Bytes: 16
      Scratch Bytes: 0
Time for last run: 7.641315e-04
Time for last run: 7.631779e-04
Total Tasks 1000
Total Dependencies 999
  Unable to estimate local/nonlocal dependencies
Total FLOPs 4160000
Total Bytes 0
Elapsed Time 7.631779e-04 seconds
FLOP/s 5.450892e+09
B/s 0.000000e+00
Transfer (estimated):
  Unable to estimate local/nonlocal transfer
[Partition 0][Node 0] End of program
=== system charm_old pes 1 iter 16 rep 7 ===
Charm++> Running on MPI library: MPI VERSION    : CRAY MPICH version 8.1.32.110 (ANL base 3.4a2)
MPI BUILD INFO : Thu Feb 06 22:53 2025 (git hash f9c5634)
 (MPI standard: 3.1)
Charm++> Level of thread support used: MPI_THREAD_FUNNELED (desired: MPI_THREAD_FUNNELED)
Charm++> Running in SMP mode: 1 processes, 1 worker threads (PEs) + 1 comm threads per process, 1 PEs total
Charm++> The comm. thread both sends and receives messages
Converse/Charm++ Commit ID: v8.0.1-devel-36-g3c3086b33
CharmLB> Load balancer assumes all CPUs are same.
Charm++> cpu affinity enabled. 
Charm++> Running on 1 hosts (2 sockets x 1 cores x 1 PUs = 2-way SMP)
Charm++> cpu topology info is gathered in 0.000 seconds.
CharmLB> Load balancing instrumentation for communication is off.
Running Task Benchmark
  Configuration:
    Task Graph 1:
      Time Steps: 1000
      Max Width: 1
      Dependence Type: stencil_1d
      Radix: 3
      Period: 0
      Fraction Connected: 0.250000
      Kernel:
        Type: compute_bound
        Iterations: 16
        Samples: 16
        Imbalance: 0.000000
      Output Bytes: 16
      Scratch Bytes: 0
Time for last run: 7.548332e-04
Time for last run: 7.379055e-04
Total Tasks 1000
Total Dependencies 999
  Unable to estimate local/nonlocal dependencies
Total FLOPs 2112000
Total Bytes 0
Elapsed Time 7.379055e-04 seconds
FLOP/s 2.862155e+09
B/s 0.000000e+00
Transfer (estimated):
  Unable to estimate local/nonlocal transfer
[Partition 0][Node 0] End of program
=== system charm_old pes 1 iter 8 rep 7 ===
Charm++> Running on MPI library: MPI VERSION    : CRAY MPICH version 8.1.32.110 (ANL base 3.4a2)
MPI BUILD INFO : Thu Feb 06 22:53 2025 (git hash f9c5634)
 (MPI standard: 3.1)
Charm++> Level of thread support used: MPI_THREAD_FUNNELED (desired: MPI_THREAD_FUNNELED)
Charm++> Running in SMP mode: 1 processes, 1 worker threads (PEs) + 1 comm threads per process, 1 PEs total
Charm++> The comm. thread both sends and receives messages
Converse/Charm++ Commit ID: v8.0.1-devel-36-g3c3086b33
CharmLB> Load balancer assumes all CPUs are same.
Charm++> cpu affinity enabled. 
Charm++> Running on 1 hosts (2 sockets x 1 cores x 1 PUs = 2-way SMP)
Charm++> cpu topology info is gathered in 0.000 seconds.
CharmLB> Load balancing instrumentation for communication is off.
Running Task Benchmark
  Configuration:
    Task Graph 1:
      Time Steps: 1000
      Max Width: 1
      Dependence Type: stencil_1d
      Radix: 3
      Period: 0
      Fraction Connected: 0.250000
      Kernel:
        Type: compute_bound
        Iterations: 8
        Samples: 16
        Imbalance: 0.000000
      Output Bytes: 16
      Scratch Bytes: 0
Time for last run: 6.799698e-04
Time for last run: 7.078648e-04
Total Tasks 1000
Total Dependencies 999
  Unable to estimate local/nonlocal dependencies
Total FLOPs 1088000
Total Bytes 0
Elapsed Time 7.078648e-04 seconds
FLOP/s 1.537017e+09
B/s 0.000000e+00
Transfer (estimated):
  Unable to estimate local/nonlocal transfer
[Partition 0][Node 0] End of program
=== system charm_old pes 1 iter 4 rep 7 ===
Charm++> Running on MPI library: MPI VERSION    : CRAY MPICH version 8.1.32.110 (ANL base 3.4a2)
MPI BUILD INFO : Thu Feb 06 22:53 2025 (git hash f9c5634)
 (MPI standard: 3.1)
Charm++> Level of thread support used: MPI_THREAD_FUNNELED (desired: MPI_THREAD_FUNNELED)
Charm++> Running in SMP mode: 1 processes, 1 worker threads (PEs) + 1 comm threads per process, 1 PEs total
Charm++> The comm. thread both sends and receives messages
Converse/Charm++ Commit ID: v8.0.1-devel-36-g3c3086b33
CharmLB> Load balancer assumes all CPUs are same.
Charm++> cpu affinity enabled. 
Charm++> Running on 1 hosts (2 sockets x 1 cores x 1 PUs = 2-way SMP)
Charm++> cpu topology info is gathered in 0.001 seconds.
CharmLB> Load balancing instrumentation for communication is off.
Running Task Benchmark
  Configuration:
    Task Graph 1:
      Time Steps: 1000
      Max Width: 1
      Dependence Type: stencil_1d
      Radix: 3
      Period: 0
      Fraction Connected: 0.250000
      Kernel:
        Type: compute_bound
        Iterations: 4
        Samples: 16
        Imbalance: 0.000000
      Output Bytes: 16
      Scratch Bytes: 0
Time for last run: 6.759167e-04
Time for last run: 6.699562e-04
Total Tasks 1000
Total Dependencies 999
  Unable to estimate local/nonlocal dependencies
Total FLOPs 576000
Total Bytes 0
Elapsed Time 6.699562e-04 seconds
FLOP/s 8.597577e+08
B/s 0.000000e+00
Transfer (estimated):
  Unable to estimate local/nonlocal transfer
[Partition 0][Node 0] End of program
=== system charm_old pes 1 iter 2 rep 7 ===
Charm++> Running on MPI library: MPI VERSION    : CRAY MPICH version 8.1.32.110 (ANL base 3.4a2)
MPI BUILD INFO : Thu Feb 06 22:53 2025 (git hash f9c5634)
 (MPI standard: 3.1)
Charm++> Level of thread support used: MPI_THREAD_FUNNELED (desired: MPI_THREAD_FUNNELED)
Charm++> Running in SMP mode: 1 processes, 1 worker threads (PEs) + 1 comm threads per process, 1 PEs total
Charm++> The comm. thread both sends and receives messages
Converse/Charm++ Commit ID: v8.0.1-devel-36-g3c3086b33
CharmLB> Load balancer assumes all CPUs are same.
Charm++> cpu affinity enabled. 
Charm++> Running on 1 hosts (2 sockets x 1 cores x 1 PUs = 2-way SMP)
Charm++> cpu topology info is gathered in 0.001 seconds.
CharmLB> Load balancing instrumentation for communication is off.
Running Task Benchmark
  Configuration:
    Task Graph 1:
      Time Steps: 1000
      Max Width: 1
      Dependence Type: stencil_1d
      Radix: 3
      Period: 0
      Fraction Connected: 0.250000
      Kernel:
        Type: compute_bound
        Iterations: 2
        Samples: 16
        Imbalance: 0.000000
      Output Bytes: 16
      Scratch Bytes: 0
Time for last run: 6.699562e-04
Time for last run: 6.580353e-04
Total Tasks 1000
Total Dependencies 999
  Unable to estimate local/nonlocal dependencies
Total FLOPs 320000
Total Bytes 0
Elapsed Time 6.580353e-04 seconds
FLOP/s 4.862961e+08
B/s 0.000000e+00
Transfer (estimated):
  Unable to estimate local/nonlocal transfer
[Partition 0][Node 0] End of program
