=== system charm_old pes 1 iter 16384 rep 1 ===
Charm++> Running on MPI library: MPI VERSION    : CRAY MPICH version 8.1.32.110 (ANL base 3.4a2)
MPI BUILD INFO : Thu Feb 06 22:53 2025 (git hash f9c5634)
 (MPI standard: 3.1)
Charm++> Level of thread support used: MPI_THREAD_FUNNELED (desired: MPI_THREAD_FUNNELED)
Charm++> Running in SMP mode: 1 processes, 1 worker threads (PEs) + 1 comm threads per process, 1 PEs total
Charm++> The comm. thread both sends and receives messages
Converse/Charm++ Commit ID: v8.0.1-devel-36-g3c3086b33
CharmLB> Load balancer assumes all CPUs are same.
Charm++> cpu affinity enabled. 
Charm++> Running on 1 hosts (2 sockets x 1 cores x 1 PUs = 2-way SMP)
Charm++> cpu topology info is gathered in 0.001 seconds.
CharmLB> Load balancing instrumentation for communication is off.
Running Task Benchmark
  Configuration:
    Task Graph 1:
      Time Steps: 1000
      Max Width: 1
      Dependence Type: stencil_1d
      Radix: 3
      Period: 0
      Fraction Connected: 0.250000
      Kernel:
        Type: compute_bound
        Iterations: 16384
        Samples: 16
        Imbalance: 0.000000
      Output Bytes: 16
      Scratch Bytes: 0
Time for last run: 5.657506e-02
Time for last run: 5.644703e-02
Total Tasks 1000
Total Dependencies 999
  Unable to estimate local/nonlocal dependencies
Total FLOPs 2097216000
Total Bytes 0
Elapsed Time 5.644703e-02 seconds
FLOP/s 3.715370e+10
B/s 0.000000e+00
Transfer (estimated):
  Unable to estimate local/nonlocal transfer
[Partition 0][Node 0] End of program
=== system charm_old pes 1 iter 8192 rep 1 ===
Charm++> Running on MPI library: MPI VERSION    : CRAY MPICH version 8.1.32.110 (ANL base 3.4a2)
MPI BUILD INFO : Thu Feb 06 22:53 2025 (git hash f9c5634)
 (MPI standard: 3.1)
Charm++> Level of thread support used: MPI_THREAD_FUNNELED (desired: MPI_THREAD_FUNNELED)
Charm++> Running in SMP mode: 1 processes, 1 worker threads (PEs) + 1 comm threads per process, 1 PEs total
Charm++> The comm. thread both sends and receives messages
Converse/Charm++ Commit ID: v8.0.1-devel-36-g3c3086b33
CharmLB> Load balancer assumes all CPUs are same.
Charm++> cpu affinity enabled. 
Charm++> Running on 1 hosts (2 sockets x 1 cores x 1 PUs = 2-way SMP)
Charm++> cpu topology info is gathered in 0.001 seconds.
CharmLB> Load balancing instrumentation for communication is off.
Running Task Benchmark
  Configuration:
    Task Graph 1:
      Time Steps: 1000
      Max Width: 1
      Dependence Type: stencil_1d
      Radix: 3
      Period: 0
      Fraction Connected: 0.250000
      Kernel:
        Type: compute_bound
        Iterations: 8192
        Samples: 16
        Imbalance: 0.000000
      Output Bytes: 16
      Scratch Bytes: 0
Time for last run: 3.585291e-02
Time for last run: 3.582001e-02
Total Tasks 1000
Total Dependencies 999
  Unable to estimate local/nonlocal dependencies
Total FLOPs 1048640000
Total Bytes 0
Elapsed Time 3.582001e-02 seconds
FLOP/s 2.927526e+10
B/s 0.000000e+00
Transfer (estimated):
  Unable to estimate local/nonlocal transfer
[Partition 0][Node 0] End of program
=== system charm_old pes 1 iter 4096 rep 1 ===
Charm++> Running on MPI library: MPI VERSION    : CRAY MPICH version 8.1.32.110 (ANL base 3.4a2)
MPI BUILD INFO : Thu Feb 06 22:53 2025 (git hash f9c5634)
 (MPI standard: 3.1)
Charm++> Level of thread support used: MPI_THREAD_FUNNELED (desired: MPI_THREAD_FUNNELED)
Charm++> Running in SMP mode: 1 processes, 1 worker threads (PEs) + 1 comm threads per process, 1 PEs total
Charm++> The comm. thread both sends and receives messages
Converse/Charm++ Commit ID: v8.0.1-devel-36-g3c3086b33
CharmLB> Load balancer assumes all CPUs are same.
Charm++> cpu affinity enabled. 
Charm++> Running on 1 hosts (2 sockets x 1 cores x 1 PUs = 2-way SMP)
Charm++> cpu topology info is gathered in 0.001 seconds.
CharmLB> Load balancing instrumentation for communication is off.
Running Task Benchmark
  Configuration:
    Task Graph 1:
      Time Steps: 1000
      Max Width: 1
      Dependence Type: stencil_1d
      Radix: 3
      Period: 0
      Fraction Connected: 0.250000
      Kernel:
        Type: compute_bound
        Iterations: 4096
        Samples: 16
        Imbalance: 0.000000
      Output Bytes: 16
      Scratch Bytes: 0
Time for last run: 1.920795e-02
Time for last run: 1.889205e-02
Total Tasks 1000
Total Dependencies 999
  Unable to estimate local/nonlocal dependencies
Total FLOPs 524352000
Total Bytes 0
Elapsed Time 1.889205e-02 seconds
FLOP/s 2.775517e+10
B/s 0.000000e+00
Transfer (estimated):
  Unable to estimate local/nonlocal transfer
[Partition 0][Node 0] End of program
=== system charm_old pes 1 iter 2048 rep 1 ===
Charm++> Running on MPI library: MPI VERSION    : CRAY MPICH version 8.1.32.110 (ANL base 3.4a2)
MPI BUILD INFO : Thu Feb 06 22:53 2025 (git hash f9c5634)
 (MPI standard: 3.1)
Charm++> Level of thread support used: MPI_THREAD_FUNNELED (desired: MPI_THREAD_FUNNELED)
Charm++> Running in SMP mode: 1 processes, 1 worker threads (PEs) + 1 comm threads per process, 1 PEs total
Charm++> The comm. thread both sends and receives messages
Converse/Charm++ Commit ID: v8.0.1-devel-36-g3c3086b33
CharmLB> Load balancer assumes all CPUs are same.
Charm++> cpu affinity enabled. 
Charm++> Running on 1 hosts (2 sockets x 1 cores x 1 PUs = 2-way SMP)
Charm++> cpu topology info is gathered in 0.001 seconds.
CharmLB> Load balancing instrumentation for communication is off.
Running Task Benchmark
  Configuration:
    Task Graph 1:
      Time Steps: 1000
      Max Width: 1
      Dependence Type: stencil_1d
      Radix: 3
      Period: 0
      Fraction Connected: 0.250000
      Kernel:
        Type: compute_bound
        Iterations: 2048
        Samples: 16
        Imbalance: 0.000000
      Output Bytes: 16
      Scratch Bytes: 0
Time for last run: 1.039004e-02
Time for last run: 1.034307e-02
Total Tasks 1000
Total Dependencies 999
  Unable to estimate local/nonlocal dependencies
Total FLOPs 262208000
Total Bytes 0
Elapsed Time 1.034307e-02 seconds
FLOP/s 2.535107e+10
B/s 0.000000e+00
Transfer (estimated):
  Unable to estimate local/nonlocal transfer
[Partition 0][Node 0] End of program
=== system charm_old pes 1 iter 1024 rep 1 ===
Charm++> Running on MPI library: MPI VERSION    : CRAY MPICH version 8.1.32.110 (ANL base 3.4a2)
MPI BUILD INFO : Thu Feb 06 22:53 2025 (git hash f9c5634)
 (MPI standard: 3.1)
Charm++> Level of thread support used: MPI_THREAD_FUNNELED (desired: MPI_THREAD_FUNNELED)
Charm++> Running in SMP mode: 1 processes, 1 worker threads (PEs) + 1 comm threads per process, 1 PEs total
Charm++> The comm. thread both sends and receives messages
Converse/Charm++ Commit ID: v8.0.1-devel-36-g3c3086b33
CharmLB> Load balancer assumes all CPUs are same.
Charm++> cpu affinity enabled. 
Charm++> Running on 1 hosts (2 sockets x 1 cores x 1 PUs = 2-way SMP)
Charm++> cpu topology info is gathered in 0.001 seconds.
CharmLB> Load balancing instrumentation for communication is off.
Running Task Benchmark
  Configuration:
    Task Graph 1:
      Time Steps: 1000
      Max Width: 1
      Dependence Type: stencil_1d
      Radix: 3
      Period: 0
      Fraction Connected: 0.250000
      Kernel:
        Type: compute_bound
        Iterations: 1024
        Samples: 16
        Imbalance: 0.000000
      Output Bytes: 16
      Scratch Bytes: 0
Time for last run: 5.728960e-03
Time for last run: 5.814075e-03
Total Tasks 1000
Total Dependencies 999
  Unable to estimate local/nonlocal dependencies
Total FLOPs 131136000
Total Bytes 0
Elapsed Time 5.814075e-03 seconds
FLOP/s 2.255492e+10
B/s 0.000000e+00
Transfer (estimated):
  Unable to estimate local/nonlocal transfer
[Partition 0][Node 0] End of program
=== system charm_old pes 1 iter 512 rep 1 ===
Charm++> Running on MPI library: MPI VERSION    : CRAY MPICH version 8.1.32.110 (ANL base 3.4a2)
MPI BUILD INFO : Thu Feb 06 22:53 2025 (git hash f9c5634)
 (MPI standard: 3.1)
Charm++> Level of thread support used: MPI_THREAD_FUNNELED (desired: MPI_THREAD_FUNNELED)
Charm++> Running in SMP mode: 1 processes, 1 worker threads (PEs) + 1 comm threads per process, 1 PEs total
Charm++> The comm. thread both sends and receives messages
Converse/Charm++ Commit ID: v8.0.1-devel-36-g3c3086b33
CharmLB> Load balancer assumes all CPUs are same.
Charm++> cpu affinity enabled. 
Charm++> Running on 1 hosts (2 sockets x 1 cores x 1 PUs = 2-way SMP)
Charm++> cpu topology info is gathered in 0.001 seconds.
CharmLB> Load balancing instrumentation for communication is off.
Running Task Benchmark
  Configuration:
    Task Graph 1:
      Time Steps: 1000
      Max Width: 1
      Dependence Type: stencil_1d
      Radix: 3
      Period: 0
      Fraction Connected: 0.250000
      Kernel:
        Type: compute_bound
        Iterations: 512
        Samples: 16
        Imbalance: 0.000000
      Output Bytes: 16
      Scratch Bytes: 0
Time for last run: 3.329992e-03
Time for last run: 3.327847e-03
Total Tasks 1000
Total Dependencies 999
  Unable to estimate local/nonlocal dependencies
Total FLOPs 65600000
Total Bytes 0
Elapsed Time 3.327847e-03 seconds
FLOP/s 1.971245e+10
B/s 0.000000e+00
Transfer (estimated):
  Unable to estimate local/nonlocal transfer
[Partition 0][Node 0] End of program
=== system charm_old pes 1 iter 256 rep 1 ===
Charm++> Running on MPI library: MPI VERSION    : CRAY MPICH version 8.1.32.110 (ANL base 3.4a2)
MPI BUILD INFO : Thu Feb 06 22:53 2025 (git hash f9c5634)
 (MPI standard: 3.1)
Charm++> Level of thread support used: MPI_THREAD_FUNNELED (desired: MPI_THREAD_FUNNELED)
Charm++> Running in SMP mode: 1 processes, 1 worker threads (PEs) + 1 comm threads per process, 1 PEs total
Charm++> The comm. thread both sends and receives messages
Converse/Charm++ Commit ID: v8.0.1-devel-36-g3c3086b33
CharmLB> Load balancer assumes all CPUs are same.
Charm++> cpu affinity enabled. 
Charm++> Running on 1 hosts (2 sockets x 1 cores x 1 PUs = 2-way SMP)
Charm++> cpu topology info is gathered in 0.001 seconds.
CharmLB> Load balancing instrumentation for communication is off.
Running Task Benchmark
  Configuration:
    Task Graph 1:
      Time Steps: 1000
      Max Width: 1
      Dependence Type: stencil_1d
      Radix: 3
      Period: 0
      Fraction Connected: 0.250000
      Kernel:
        Type: compute_bound
        Iterations: 256
        Samples: 16
        Imbalance: 0.000000
      Output Bytes: 16
      Scratch Bytes: 0
Time for last run: 1.639128e-03
Time for last run: 1.628876e-03
Total Tasks 1000
Total Dependencies 999
  Unable to estimate local/nonlocal dependencies
Total FLOPs 32832000
Total Bytes 0
Elapsed Time 1.628876e-03 seconds
FLOP/s 2.015623e+10
B/s 0.000000e+00
Transfer (estimated):
  Unable to estimate local/nonlocal transfer
[Partition 0][Node 0] End of program
=== system charm_old pes 1 iter 128 rep 1 ===
Charm++> Running on MPI library: MPI VERSION    : CRAY MPICH version 8.1.32.110 (ANL base 3.4a2)
MPI BUILD INFO : Thu Feb 06 22:53 2025 (git hash f9c5634)
 (MPI standard: 3.1)
Charm++> Level of thread support used: MPI_THREAD_FUNNELED (desired: MPI_THREAD_FUNNELED)
Charm++> Running in SMP mode: 1 processes, 1 worker threads (PEs) + 1 comm threads per process, 1 PEs total
Charm++> The comm. thread both sends and receives messages
Converse/Charm++ Commit ID: v8.0.1-devel-36-g3c3086b33
CharmLB> Load balancer assumes all CPUs are same.
Charm++> cpu affinity enabled. 
Charm++> Running on 1 hosts (2 sockets x 1 cores x 1 PUs = 2-way SMP)
Charm++> cpu topology info is gathered in 0.001 seconds.
CharmLB> Load balancing instrumentation for communication is off.
Running Task Benchmark
  Configuration:
    Task Graph 1:
      Time Steps: 1000
      Max Width: 1
      Dependence Type: stencil_1d
      Radix: 3
      Period: 0
      Fraction Connected: 0.250000
      Kernel:
        Type: compute_bound
        Iterations: 128
        Samples: 16
        Imbalance: 0.000000
      Output Bytes: 16
      Scratch Bytes: 0
Time for last run: 1.214981e-03
Time for last run: 1.198053e-03
Total Tasks 1000
Total Dependencies 999
  Unable to estimate local/nonlocal dependencies
Total FLOPs 16448000
Total Bytes 0
Elapsed Time 1.198053e-03 seconds
FLOP/s 1.372894e+10
B/s 0.000000e+00
Transfer (estimated):
  Unable to estimate local/nonlocal transfer
[Partition 0][Node 0] End of program
=== system charm_old pes 1 iter 64 rep 1 ===
Charm++> Running on MPI library: MPI VERSION    : CRAY MPICH version 8.1.32.110 (ANL base 3.4a2)
MPI BUILD INFO : Thu Feb 06 22:53 2025 (git hash f9c5634)
 (MPI standard: 3.1)
Charm++> Level of thread support used: MPI_THREAD_FUNNELED (desired: MPI_THREAD_FUNNELED)
Charm++> Running in SMP mode: 1 processes, 1 worker threads (PEs) + 1 comm threads per process, 1 PEs total
Charm++> The comm. thread both sends and receives messages
Converse/Charm++ Commit ID: v8.0.1-devel-36-g3c3086b33
CharmLB> Load balancer assumes all CPUs are same.
Charm++> cpu affinity enabled. 
Charm++> Running on 1 hosts (2 sockets x 1 cores x 1 PUs = 2-way SMP)
Charm++> cpu topology info is gathered in 0.001 seconds.
CharmLB> Load balancing instrumentation for communication is off.
Running Task Benchmark
  Configuration:
    Task Graph 1:
      Time Steps: 1000
      Max Width: 1
      Dependence Type: stencil_1d
      Radix: 3
      Period: 0
      Fraction Connected: 0.250000
      Kernel:
        Type: compute_bound
        Iterations: 64
        Samples: 16
        Imbalance: 0.000000
      Output Bytes: 16
      Scratch Bytes: 0
Time for last run: 9.739399e-04
Time for last run: 9.768009e-04
Total Tasks 1000
Total Dependencies 999
  Unable to estimate local/nonlocal dependencies
Total FLOPs 8256000
Total Bytes 0
Elapsed Time 9.768009e-04 seconds
FLOP/s 8.452081e+09
B/s 0.000000e+00
Transfer (estimated):
  Unable to estimate local/nonlocal transfer
[Partition 0][Node 0] End of program
=== system charm_old pes 1 iter 32 rep 1 ===
Charm++> Running on MPI library: MPI VERSION    : CRAY MPICH version 8.1.32.110 (ANL base 3.4a2)
MPI BUILD INFO : Thu Feb 06 22:53 2025 (git hash f9c5634)
 (MPI standard: 3.1)
Charm++> Level of thread support used: MPI_THREAD_FUNNELED (desired: MPI_THREAD_FUNNELED)
Charm++> Running in SMP mode: 1 processes, 1 worker threads (PEs) + 1 comm threads per process, 1 PEs total
Charm++> The comm. thread both sends and receives messages
Converse/Charm++ Commit ID: v8.0.1-devel-36-g3c3086b33
CharmLB> Load balancer assumes all CPUs are same.
Charm++> cpu affinity enabled. 
Charm++> Running on 1 hosts (2 sockets x 1 cores x 1 PUs = 2-way SMP)
Charm++> cpu topology info is gathered in 0.001 seconds.
CharmLB> Load balancing instrumentation for communication is off.
Running Task Benchmark
  Configuration:
    Task Graph 1:
      Time Steps: 1000
      Max Width: 1
      Dependence Type: stencil_1d
      Radix: 3
      Period: 0
      Fraction Connected: 0.250000
      Kernel:
        Type: compute_bound
        Iterations: 32
        Samples: 16
        Imbalance: 0.000000
      Output Bytes: 16
      Scratch Bytes: 0
Time for last run: 8.800030e-04
Time for last run: 8.790493e-04
Total Tasks 1000
Total Dependencies 999
  Unable to estimate local/nonlocal dependencies
Total FLOPs 4160000
Total Bytes 0
Elapsed Time 8.790493e-04 seconds
FLOP/s 4.732385e+09
B/s 0.000000e+00
Transfer (estimated):
  Unable to estimate local/nonlocal transfer
[Partition 0][Node 0] End of program
=== system charm_old pes 1 iter 16 rep 1 ===
Charm++> Running on MPI library: MPI VERSION    : CRAY MPICH version 8.1.32.110 (ANL base 3.4a2)
MPI BUILD INFO : Thu Feb 06 22:53 2025 (git hash f9c5634)
 (MPI standard: 3.1)
Charm++> Level of thread support used: MPI_THREAD_FUNNELED (desired: MPI_THREAD_FUNNELED)
Charm++> Running in SMP mode: 1 processes, 1 worker threads (PEs) + 1 comm threads per process, 1 PEs total
Charm++> The comm. thread both sends and receives messages
Converse/Charm++ Commit ID: v8.0.1-devel-36-g3c3086b33
CharmLB> Load balancer assumes all CPUs are same.
Charm++> cpu affinity enabled. 
Charm++> Running on 1 hosts (2 sockets x 1 cores x 1 PUs = 2-way SMP)
Charm++> cpu topology info is gathered in 0.001 seconds.
CharmLB> Load balancing instrumentation for communication is off.
Running Task Benchmark
  Configuration:
    Task Graph 1:
      Time Steps: 1000
      Max Width: 1
      Dependence Type: stencil_1d
      Radix: 3
      Period: 0
      Fraction Connected: 0.250000
      Kernel:
        Type: compute_bound
        Iterations: 16
        Samples: 16
        Imbalance: 0.000000
      Output Bytes: 16
      Scratch Bytes: 0
Time for last run: 8.420944e-04
Time for last run: 8.549690e-04
Total Tasks 1000
Total Dependencies 999
  Unable to estimate local/nonlocal dependencies
Total FLOPs 2112000
Total Bytes 0
Elapsed Time 8.549690e-04 seconds
FLOP/s 2.470265e+09
B/s 0.000000e+00
Transfer (estimated):
  Unable to estimate local/nonlocal transfer
[Partition 0][Node 0] End of program
=== system charm_old pes 1 iter 8 rep 1 ===
Charm++> Running on MPI library: MPI VERSION    : CRAY MPICH version 8.1.32.110 (ANL base 3.4a2)
MPI BUILD INFO : Thu Feb 06 22:53 2025 (git hash f9c5634)
 (MPI standard: 3.1)
Charm++> Level of thread support used: MPI_THREAD_FUNNELED (desired: MPI_THREAD_FUNNELED)
Charm++> Running in SMP mode: 1 processes, 1 worker threads (PEs) + 1 comm threads per process, 1 PEs total
Charm++> The comm. thread both sends and receives messages
Converse/Charm++ Commit ID: v8.0.1-devel-36-g3c3086b33
CharmLB> Load balancer assumes all CPUs are same.
Charm++> cpu affinity enabled. 
Charm++> Running on 1 hosts (2 sockets x 1 cores x 1 PUs = 2-way SMP)
Charm++> cpu topology info is gathered in 0.001 seconds.
CharmLB> Load balancing instrumentation for communication is off.
Running Task Benchmark
  Configuration:
    Task Graph 1:
      Time Steps: 1000
      Max Width: 1
      Dependence Type: stencil_1d
      Radix: 3
      Period: 0
      Fraction Connected: 0.250000
      Kernel:
        Type: compute_bound
        Iterations: 8
        Samples: 16
        Imbalance: 0.000000
      Output Bytes: 16
      Scratch Bytes: 0
Time for last run: 7.748604e-04
Time for last run: 7.920265e-04
Total Tasks 1000
Total Dependencies 999
  Unable to estimate local/nonlocal dependencies
Total FLOPs 1088000
Total Bytes 0
Elapsed Time 7.920265e-04 seconds
FLOP/s 1.373691e+09
B/s 0.000000e+00
Transfer (estimated):
  Unable to estimate local/nonlocal transfer
[Partition 0][Node 0] End of program
=== system charm_old pes 1 iter 4 rep 1 ===
Charm++> Running on MPI library: MPI VERSION    : CRAY MPICH version 8.1.32.110 (ANL base 3.4a2)
MPI BUILD INFO : Thu Feb 06 22:53 2025 (git hash f9c5634)
 (MPI standard: 3.1)
Charm++> Level of thread support used: MPI_THREAD_FUNNELED (desired: MPI_THREAD_FUNNELED)
Charm++> Running in SMP mode: 1 processes, 1 worker threads (PEs) + 1 comm threads per process, 1 PEs total
Charm++> The comm. thread both sends and receives messages
Converse/Charm++ Commit ID: v8.0.1-devel-36-g3c3086b33
CharmLB> Load balancer assumes all CPUs are same.
Charm++> cpu affinity enabled. 
Charm++> Running on 1 hosts (2 sockets x 1 cores x 1 PUs = 2-way SMP)
Charm++> cpu topology info is gathered in 0.001 seconds.
CharmLB> Load balancing instrumentation for communication is off.
Running Task Benchmark
  Configuration:
    Task Graph 1:
      Time Steps: 1000
      Max Width: 1
      Dependence Type: stencil_1d
      Radix: 3
      Period: 0
      Fraction Connected: 0.250000
      Kernel:
        Type: compute_bound
        Iterations: 4
        Samples: 16
        Imbalance: 0.000000
      Output Bytes: 16
      Scratch Bytes: 0
Time for last run: 8.039474e-04
Time for last run: 7.700920e-04
Total Tasks 1000
Total Dependencies 999
  Unable to estimate local/nonlocal dependencies
Total FLOPs 576000
Total Bytes 0
Elapsed Time 7.700920e-04 seconds
FLOP/s 7.479626e+08
B/s 0.000000e+00
Transfer (estimated):
  Unable to estimate local/nonlocal transfer
[Partition 0][Node 0] End of program
=== system charm_old pes 1 iter 2 rep 1 ===
Charm++> Running on MPI library: MPI VERSION    : CRAY MPICH version 8.1.32.110 (ANL base 3.4a2)
MPI BUILD INFO : Thu Feb 06 22:53 2025 (git hash f9c5634)
 (MPI standard: 3.1)
Charm++> Level of thread support used: MPI_THREAD_FUNNELED (desired: MPI_THREAD_FUNNELED)
Charm++> Running in SMP mode: 1 processes, 1 worker threads (PEs) + 1 comm threads per process, 1 PEs total
Charm++> The comm. thread both sends and receives messages
Converse/Charm++ Commit ID: v8.0.1-devel-36-g3c3086b33
CharmLB> Load balancer assumes all CPUs are same.
Charm++> cpu affinity enabled. 
Charm++> Running on 1 hosts (2 sockets x 1 cores x 1 PUs = 2-way SMP)
Charm++> cpu topology info is gathered in 0.001 seconds.
CharmLB> Load balancing instrumentation for communication is off.
Running Task Benchmark
  Configuration:
    Task Graph 1:
      Time Steps: 1000
      Max Width: 1
      Dependence Type: stencil_1d
      Radix: 3
      Period: 0
      Fraction Connected: 0.250000
      Kernel:
        Type: compute_bound
        Iterations: 2
        Samples: 16
        Imbalance: 0.000000
      Output Bytes: 16
      Scratch Bytes: 0
Time for last run: 7.801056e-04
Time for last run: 7.729530e-04
Total Tasks 1000
Total Dependencies 999
  Unable to estimate local/nonlocal dependencies
Total FLOPs 320000
Total Bytes 0
Elapsed Time 7.729530e-04 seconds
FLOP/s 4.139967e+08
B/s 0.000000e+00
Transfer (estimated):
  Unable to estimate local/nonlocal transfer
[Partition 0][Node 0] End of program
=== system charm_old pes 1 iter 16384 rep 2 ===
Charm++> Running on MPI library: MPI VERSION    : CRAY MPICH version 8.1.32.110 (ANL base 3.4a2)
MPI BUILD INFO : Thu Feb 06 22:53 2025 (git hash f9c5634)
 (MPI standard: 3.1)
Charm++> Level of thread support used: MPI_THREAD_FUNNELED (desired: MPI_THREAD_FUNNELED)
Charm++> Running in SMP mode: 1 processes, 1 worker threads (PEs) + 1 comm threads per process, 1 PEs total
Charm++> The comm. thread both sends and receives messages
Converse/Charm++ Commit ID: v8.0.1-devel-36-g3c3086b33
CharmLB> Load balancer assumes all CPUs are same.
Charm++> cpu affinity enabled. 
Charm++> Running on 1 hosts (2 sockets x 1 cores x 1 PUs = 2-way SMP)
Charm++> cpu topology info is gathered in 0.001 seconds.
CharmLB> Load balancing instrumentation for communication is off.
Running Task Benchmark
  Configuration:
    Task Graph 1:
      Time Steps: 1000
      Max Width: 1
      Dependence Type: stencil_1d
      Radix: 3
      Period: 0
      Fraction Connected: 0.250000
      Kernel:
        Type: compute_bound
        Iterations: 16384
        Samples: 16
        Imbalance: 0.000000
      Output Bytes: 16
      Scratch Bytes: 0
Time for last run: 5.655622e-02
Time for last run: 5.651617e-02
Total Tasks 1000
Total Dependencies 999
  Unable to estimate local/nonlocal dependencies
Total FLOPs 2097216000
Total Bytes 0
Elapsed Time 5.651617e-02 seconds
FLOP/s 3.710825e+10
B/s 0.000000e+00
Transfer (estimated):
  Unable to estimate local/nonlocal transfer
[Partition 0][Node 0] End of program
=== system charm_old pes 1 iter 8192 rep 2 ===
Charm++> Running on MPI library: MPI VERSION    : CRAY MPICH version 8.1.32.110 (ANL base 3.4a2)
MPI BUILD INFO : Thu Feb 06 22:53 2025 (git hash f9c5634)
 (MPI standard: 3.1)
Charm++> Level of thread support used: MPI_THREAD_FUNNELED (desired: MPI_THREAD_FUNNELED)
Charm++> Running in SMP mode: 1 processes, 1 worker threads (PEs) + 1 comm threads per process, 1 PEs total
Charm++> The comm. thread both sends and receives messages
Converse/Charm++ Commit ID: v8.0.1-devel-36-g3c3086b33
CharmLB> Load balancer assumes all CPUs are same.
Charm++> cpu affinity enabled. 
Charm++> Running on 1 hosts (2 sockets x 1 cores x 1 PUs = 2-way SMP)
Charm++> cpu topology info is gathered in 0.001 seconds.
CharmLB> Load balancing instrumentation for communication is off.
Running Task Benchmark
  Configuration:
    Task Graph 1:
      Time Steps: 1000
      Max Width: 1
      Dependence Type: stencil_1d
      Radix: 3
      Period: 0
      Fraction Connected: 0.250000
      Kernel:
        Type: compute_bound
        Iterations: 8192
        Samples: 16
        Imbalance: 0.000000
      Output Bytes: 16
      Scratch Bytes: 0
Time for last run: 2.872205e-02
Time for last run: 2.863216e-02
Total Tasks 1000
Total Dependencies 999
  Unable to estimate local/nonlocal dependencies
Total FLOPs 1048640000
Total Bytes 0
Elapsed Time 2.863216e-02 seconds
FLOP/s 3.662455e+10
B/s 0.000000e+00
Transfer (estimated):
  Unable to estimate local/nonlocal transfer
[Partition 0][Node 0] End of program
=== system charm_old pes 1 iter 4096 rep 2 ===
Charm++> Running on MPI library: MPI VERSION    : CRAY MPICH version 8.1.32.110 (ANL base 3.4a2)
MPI BUILD INFO : Thu Feb 06 22:53 2025 (git hash f9c5634)
 (MPI standard: 3.1)
Charm++> Level of thread support used: MPI_THREAD_FUNNELED (desired: MPI_THREAD_FUNNELED)
Charm++> Running in SMP mode: 1 processes, 1 worker threads (PEs) + 1 comm threads per process, 1 PEs total
Charm++> The comm. thread both sends and receives messages
Converse/Charm++ Commit ID: v8.0.1-devel-36-g3c3086b33
CharmLB> Load balancer assumes all CPUs are same.
Charm++> cpu affinity enabled. 
Charm++> Running on 1 hosts (2 sockets x 1 cores x 1 PUs = 2-way SMP)
Charm++> cpu topology info is gathered in 0.001 seconds.
CharmLB> Load balancing instrumentation for communication is off.
Running Task Benchmark
  Configuration:
    Task Graph 1:
      Time Steps: 1000
      Max Width: 1
      Dependence Type: stencil_1d
      Radix: 3
      Period: 0
      Fraction Connected: 0.250000
      Kernel:
        Type: compute_bound
        Iterations: 4096
        Samples: 16
        Imbalance: 0.000000
      Output Bytes: 16
      Scratch Bytes: 0
Time for last run: 1.469302e-02
Time for last run: 1.467705e-02
Total Tasks 1000
Total Dependencies 999
  Unable to estimate local/nonlocal dependencies
Total FLOPs 524352000
Total Bytes 0
Elapsed Time 1.467705e-02 seconds
FLOP/s 3.572599e+10
B/s 0.000000e+00
Transfer (estimated):
  Unable to estimate local/nonlocal transfer
[Partition 0][Node 0] End of program
=== system charm_old pes 1 iter 2048 rep 2 ===
Charm++> Running on MPI library: MPI VERSION    : CRAY MPICH version 8.1.32.110 (ANL base 3.4a2)
MPI BUILD INFO : Thu Feb 06 22:53 2025 (git hash f9c5634)
 (MPI standard: 3.1)
Charm++> Level of thread support used: MPI_THREAD_FUNNELED (desired: MPI_THREAD_FUNNELED)
Charm++> Running in SMP mode: 1 processes, 1 worker threads (PEs) + 1 comm threads per process, 1 PEs total
Charm++> The comm. thread both sends and receives messages
Converse/Charm++ Commit ID: v8.0.1-devel-36-g3c3086b33
CharmLB> Load balancer assumes all CPUs are same.
Charm++> cpu affinity enabled. 
Charm++> Running on 1 hosts (2 sockets x 1 cores x 1 PUs = 2-way SMP)
Charm++> cpu topology info is gathered in 0.001 seconds.
CharmLB> Load balancing instrumentation for communication is off.
Running Task Benchmark
  Configuration:
    Task Graph 1:
      Time Steps: 1000
      Max Width: 1
      Dependence Type: stencil_1d
      Radix: 3
      Period: 0
      Fraction Connected: 0.250000
      Kernel:
        Type: compute_bound
        Iterations: 2048
        Samples: 16
        Imbalance: 0.000000
      Output Bytes: 16
      Scratch Bytes: 0
Time for last run: 7.735014e-03
Time for last run: 7.759094e-03
Total Tasks 1000
Total Dependencies 999
  Unable to estimate local/nonlocal dependencies
Total FLOPs 262208000
Total Bytes 0
Elapsed Time 7.759094e-03 seconds
FLOP/s 3.379364e+10
B/s 0.000000e+00
Transfer (estimated):
  Unable to estimate local/nonlocal transfer
[Partition 0][Node 0] End of program
=== system charm_old pes 1 iter 1024 rep 2 ===
Charm++> Running on MPI library: MPI VERSION    : CRAY MPICH version 8.1.32.110 (ANL base 3.4a2)
MPI BUILD INFO : Thu Feb 06 22:53 2025 (git hash f9c5634)
 (MPI standard: 3.1)
Charm++> Level of thread support used: MPI_THREAD_FUNNELED (desired: MPI_THREAD_FUNNELED)
Charm++> Running in SMP mode: 1 processes, 1 worker threads (PEs) + 1 comm threads per process, 1 PEs total
Charm++> The comm. thread both sends and receives messages
Converse/Charm++ Commit ID: v8.0.1-devel-36-g3c3086b33
CharmLB> Load balancer assumes all CPUs are same.
Charm++> cpu affinity enabled. 
Charm++> Running on 1 hosts (2 sockets x 1 cores x 1 PUs = 2-way SMP)
Charm++> cpu topology info is gathered in 0.001 seconds.
CharmLB> Load balancing instrumentation for communication is off.
Running Task Benchmark
  Configuration:
    Task Graph 1:
      Time Steps: 1000
      Max Width: 1
      Dependence Type: stencil_1d
      Radix: 3
      Period: 0
      Fraction Connected: 0.250000
      Kernel:
        Type: compute_bound
        Iterations: 1024
        Samples: 16
        Imbalance: 0.000000
      Output Bytes: 16
      Scratch Bytes: 0
Time for last run: 4.317045e-03
Time for last run: 4.256010e-03
Total Tasks 1000
Total Dependencies 999
  Unable to estimate local/nonlocal dependencies
Total FLOPs 131136000
Total Bytes 0
Elapsed Time 4.256010e-03 seconds
FLOP/s 3.081196e+10
B/s 0.000000e+00
Transfer (estimated):
  Unable to estimate local/nonlocal transfer
[Partition 0][Node 0] End of program
=== system charm_old pes 1 iter 512 rep 2 ===
Charm++> Running on MPI library: MPI VERSION    : CRAY MPICH version 8.1.32.110 (ANL base 3.4a2)
MPI BUILD INFO : Thu Feb 06 22:53 2025 (git hash f9c5634)
 (MPI standard: 3.1)
Charm++> Level of thread support used: MPI_THREAD_FUNNELED (desired: MPI_THREAD_FUNNELED)
Charm++> Running in SMP mode: 1 processes, 1 worker threads (PEs) + 1 comm threads per process, 1 PEs total
Charm++> The comm. thread both sends and receives messages
Converse/Charm++ Commit ID: v8.0.1-devel-36-g3c3086b33
CharmLB> Load balancer assumes all CPUs are same.
Charm++> cpu affinity enabled. 
Charm++> Running on 1 hosts (2 sockets x 1 cores x 1 PUs = 2-way SMP)
Charm++> cpu topology info is gathered in 0.001 seconds.
CharmLB> Load balancing instrumentation for communication is off.
Running Task Benchmark
  Configuration:
    Task Graph 1:
      Time Steps: 1000
      Max Width: 1
      Dependence Type: stencil_1d
      Radix: 3
      Period: 0
      Fraction Connected: 0.250000
      Kernel:
        Type: compute_bound
        Iterations: 512
        Samples: 16
        Imbalance: 0.000000
      Output Bytes: 16
      Scratch Bytes: 0
Time for last run: 2.539158e-03
Time for last run: 2.545834e-03
Total Tasks 1000
Total Dependencies 999
  Unable to estimate local/nonlocal dependencies
Total FLOPs 65600000
Total Bytes 0
Elapsed Time 2.545834e-03 seconds
FLOP/s 2.576759e+10
B/s 0.000000e+00
Transfer (estimated):
  Unable to estimate local/nonlocal transfer
[Partition 0][Node 0] End of program
=== system charm_old pes 1 iter 256 rep 2 ===
Charm++> Running on MPI library: MPI VERSION    : CRAY MPICH version 8.1.32.110 (ANL base 3.4a2)
MPI BUILD INFO : Thu Feb 06 22:53 2025 (git hash f9c5634)
 (MPI standard: 3.1)
Charm++> Level of thread support used: MPI_THREAD_FUNNELED (desired: MPI_THREAD_FUNNELED)
Charm++> Running in SMP mode: 1 processes, 1 worker threads (PEs) + 1 comm threads per process, 1 PEs total
Charm++> The comm. thread both sends and receives messages
Converse/Charm++ Commit ID: v8.0.1-devel-36-g3c3086b33
CharmLB> Load balancer assumes all CPUs are same.
Charm++> cpu affinity enabled. 
Charm++> Running on 1 hosts (2 sockets x 1 cores x 1 PUs = 2-way SMP)
Charm++> cpu topology info is gathered in 0.001 seconds.
CharmLB> Load balancing instrumentation for communication is off.
Running Task Benchmark
  Configuration:
    Task Graph 1:
      Time Steps: 1000
      Max Width: 1
      Dependence Type: stencil_1d
      Radix: 3
      Period: 0
      Fraction Connected: 0.250000
      Kernel:
        Type: compute_bound
        Iterations: 256
        Samples: 16
        Imbalance: 0.000000
      Output Bytes: 16
      Scratch Bytes: 0
Time for last run: 1.657009e-03
Time for last run: 1.634121e-03
Total Tasks 1000
Total Dependencies 999
  Unable to estimate local/nonlocal dependencies
Total FLOPs 32832000
Total Bytes 0
Elapsed Time 1.634121e-03 seconds
FLOP/s 2.009154e+10
B/s 0.000000e+00
Transfer (estimated):
  Unable to estimate local/nonlocal transfer
[Partition 0][Node 0] End of program
=== system charm_old pes 1 iter 128 rep 2 ===
Charm++> Running on MPI library: MPI VERSION    : CRAY MPICH version 8.1.32.110 (ANL base 3.4a2)
MPI BUILD INFO : Thu Feb 06 22:53 2025 (git hash f9c5634)
 (MPI standard: 3.1)
Charm++> Level of thread support used: MPI_THREAD_FUNNELED (desired: MPI_THREAD_FUNNELED)
Charm++> Running in SMP mode: 1 processes, 1 worker threads (PEs) + 1 comm threads per process, 1 PEs total
Charm++> The comm. thread both sends and receives messages
Converse/Charm++ Commit ID: v8.0.1-devel-36-g3c3086b33
CharmLB> Load balancer assumes all CPUs are same.
Charm++> cpu affinity enabled. 
Charm++> Running on 1 hosts (2 sockets x 1 cores x 1 PUs = 2-way SMP)
Charm++> cpu topology info is gathered in 0.001 seconds.
CharmLB> Load balancing instrumentation for communication is off.
Running Task Benchmark
  Configuration:
    Task Graph 1:
      Time Steps: 1000
      Max Width: 1
      Dependence Type: stencil_1d
      Radix: 3
      Period: 0
      Fraction Connected: 0.250000
      Kernel:
        Type: compute_bound
        Iterations: 128
        Samples: 16
        Imbalance: 0.000000
      Output Bytes: 16
      Scratch Bytes: 0
Time for last run: 1.206875e-03
Time for last run: 1.233101e-03
Total Tasks 1000
Total Dependencies 999
  Unable to estimate local/nonlocal dependencies
Total FLOPs 16448000
Total Bytes 0
Elapsed Time 1.233101e-03 seconds
FLOP/s 1.333873e+10
B/s 0.000000e+00
Transfer (estimated):
  Unable to estimate local/nonlocal transfer
[Partition 0][Node 0] End of program
=== system charm_old pes 1 iter 64 rep 2 ===
Charm++> Running on MPI library: MPI VERSION    : CRAY MPICH version 8.1.32.110 (ANL base 3.4a2)
MPI BUILD INFO : Thu Feb 06 22:53 2025 (git hash f9c5634)
 (MPI standard: 3.1)
Charm++> Level of thread support used: MPI_THREAD_FUNNELED (desired: MPI_THREAD_FUNNELED)
Charm++> Running in SMP mode: 1 processes, 1 worker threads (PEs) + 1 comm threads per process, 1 PEs total
Charm++> The comm. thread both sends and receives messages
Converse/Charm++ Commit ID: v8.0.1-devel-36-g3c3086b33
CharmLB> Load balancer assumes all CPUs are same.
Charm++> cpu affinity enabled. 
Charm++> Running on 1 hosts (2 sockets x 1 cores x 1 PUs = 2-way SMP)
Charm++> cpu topology info is gathered in 0.001 seconds.
CharmLB> Load balancing instrumentation for communication is off.
Running Task Benchmark
  Configuration:
    Task Graph 1:
      Time Steps: 1000
      Max Width: 1
      Dependence Type: stencil_1d
      Radix: 3
      Period: 0
      Fraction Connected: 0.250000
      Kernel:
        Type: compute_bound
        Iterations: 64
        Samples: 16
        Imbalance: 0.000000
      Output Bytes: 16
      Scratch Bytes: 0
Time for last run: 9.801388e-04
Time for last run: 9.880066e-04
Total Tasks 1000
Total Dependencies 999
  Unable to estimate local/nonlocal dependencies
Total FLOPs 8256000
Total Bytes 0
Elapsed Time 9.880066e-04 seconds
FLOP/s 8.356220e+09
B/s 0.000000e+00
Transfer (estimated):
  Unable to estimate local/nonlocal transfer
[Partition 0][Node 0] End of program
=== system charm_old pes 1 iter 32 rep 2 ===
Charm++> Running on MPI library: MPI VERSION    : CRAY MPICH version 8.1.32.110 (ANL base 3.4a2)
MPI BUILD INFO : Thu Feb 06 22:53 2025 (git hash f9c5634)
 (MPI standard: 3.1)
Charm++> Level of thread support used: MPI_THREAD_FUNNELED (desired: MPI_THREAD_FUNNELED)
Charm++> Running in SMP mode: 1 processes, 1 worker threads (PEs) + 1 comm threads per process, 1 PEs total
Charm++> The comm. thread both sends and receives messages
Converse/Charm++ Commit ID: v8.0.1-devel-36-g3c3086b33
CharmLB> Load balancer assumes all CPUs are same.
Charm++> cpu affinity enabled. 
Charm++> Running on 1 hosts (2 sockets x 1 cores x 1 PUs = 2-way SMP)
Charm++> cpu topology info is gathered in 0.001 seconds.
CharmLB> Load balancing instrumentation for communication is off.
Running Task Benchmark
  Configuration:
    Task Graph 1:
      Time Steps: 1000
      Max Width: 1
      Dependence Type: stencil_1d
      Radix: 3
      Period: 0
      Fraction Connected: 0.250000
      Kernel:
        Type: compute_bound
        Iterations: 32
        Samples: 16
        Imbalance: 0.000000
      Output Bytes: 16
      Scratch Bytes: 0
Time for last run: 8.990765e-04
Time for last run: 8.919239e-04
Total Tasks 1000
Total Dependencies 999
  Unable to estimate local/nonlocal dependencies
Total FLOPs 4160000
Total Bytes 0
Elapsed Time 8.919239e-04 seconds
FLOP/s 4.664075e+09
B/s 0.000000e+00
Transfer (estimated):
  Unable to estimate local/nonlocal transfer
[Partition 0][Node 0] End of program
=== system charm_old pes 1 iter 16 rep 2 ===
Charm++> Running on MPI library: MPI VERSION    : CRAY MPICH version 8.1.32.110 (ANL base 3.4a2)
MPI BUILD INFO : Thu Feb 06 22:53 2025 (git hash f9c5634)
 (MPI standard: 3.1)
Charm++> Level of thread support used: MPI_THREAD_FUNNELED (desired: MPI_THREAD_FUNNELED)
Charm++> Running in SMP mode: 1 processes, 1 worker threads (PEs) + 1 comm threads per process, 1 PEs total
Charm++> The comm. thread both sends and receives messages
Converse/Charm++ Commit ID: v8.0.1-devel-36-g3c3086b33
CharmLB> Load balancer assumes all CPUs are same.
Charm++> cpu affinity enabled. 
Charm++> Running on 1 hosts (2 sockets x 1 cores x 1 PUs = 2-way SMP)
Charm++> cpu topology info is gathered in 0.001 seconds.
CharmLB> Load balancing instrumentation for communication is off.
Running Task Benchmark
  Configuration:
    Task Graph 1:
      Time Steps: 1000
      Max Width: 1
      Dependence Type: stencil_1d
      Radix: 3
      Period: 0
      Fraction Connected: 0.250000
      Kernel:
        Type: compute_bound
        Iterations: 16
        Samples: 16
        Imbalance: 0.000000
      Output Bytes: 16
      Scratch Bytes: 0
Time for last run: 8.819103e-04
Time for last run: 8.139610e-04
Total Tasks 1000
Total Dependencies 999
  Unable to estimate local/nonlocal dependencies
Total FLOPs 2112000
Total Bytes 0
Elapsed Time 8.139610e-04 seconds
FLOP/s 2.594719e+09
B/s 0.000000e+00
Transfer (estimated):
  Unable to estimate local/nonlocal transfer
[Partition 0][Node 0] End of program
=== system charm_old pes 1 iter 8 rep 2 ===
Charm++> Running on MPI library: MPI VERSION    : CRAY MPICH version 8.1.32.110 (ANL base 3.4a2)
MPI BUILD INFO : Thu Feb 06 22:53 2025 (git hash f9c5634)
 (MPI standard: 3.1)
Charm++> Level of thread support used: MPI_THREAD_FUNNELED (desired: MPI_THREAD_FUNNELED)
Charm++> Running in SMP mode: 1 processes, 1 worker threads (PEs) + 1 comm threads per process, 1 PEs total
Charm++> The comm. thread both sends and receives messages
Converse/Charm++ Commit ID: v8.0.1-devel-36-g3c3086b33
CharmLB> Load balancer assumes all CPUs are same.
Charm++> cpu affinity enabled. 
Charm++> Running on 1 hosts (2 sockets x 1 cores x 1 PUs = 2-way SMP)
Charm++> cpu topology info is gathered in 0.001 seconds.
CharmLB> Load balancing instrumentation for communication is off.
Running Task Benchmark
  Configuration:
    Task Graph 1:
      Time Steps: 1000
      Max Width: 1
      Dependence Type: stencil_1d
      Radix: 3
      Period: 0
      Fraction Connected: 0.250000
      Kernel:
        Type: compute_bound
        Iterations: 8
        Samples: 16
        Imbalance: 0.000000
      Output Bytes: 16
      Scratch Bytes: 0
Time for last run: 8.120537e-04
Time for last run: 7.960796e-04
Total Tasks 1000
Total Dependencies 999
  Unable to estimate local/nonlocal dependencies
Total FLOPs 1088000
Total Bytes 0
Elapsed Time 7.960796e-04 seconds
FLOP/s 1.366697e+09
B/s 0.000000e+00
Transfer (estimated):
  Unable to estimate local/nonlocal transfer
[Partition 0][Node 0] End of program
=== system charm_old pes 1 iter 4 rep 2 ===
Charm++> Running on MPI library: MPI VERSION    : CRAY MPICH version 8.1.32.110 (ANL base 3.4a2)
MPI BUILD INFO : Thu Feb 06 22:53 2025 (git hash f9c5634)
 (MPI standard: 3.1)
Charm++> Level of thread support used: MPI_THREAD_FUNNELED (desired: MPI_THREAD_FUNNELED)
Charm++> Running in SMP mode: 1 processes, 1 worker threads (PEs) + 1 comm threads per process, 1 PEs total
Charm++> The comm. thread both sends and receives messages
Converse/Charm++ Commit ID: v8.0.1-devel-36-g3c3086b33
CharmLB> Load balancer assumes all CPUs are same.
Charm++> cpu affinity enabled. 
Charm++> Running on 1 hosts (2 sockets x 1 cores x 1 PUs = 2-way SMP)
Charm++> cpu topology info is gathered in 0.001 seconds.
CharmLB> Load balancing instrumentation for communication is off.
Running Task Benchmark
  Configuration:
    Task Graph 1:
      Time Steps: 1000
      Max Width: 1
      Dependence Type: stencil_1d
      Radix: 3
      Period: 0
      Fraction Connected: 0.250000
      Kernel:
        Type: compute_bound
        Iterations: 4
        Samples: 16
        Imbalance: 0.000000
      Output Bytes: 16
      Scratch Bytes: 0
Time for last run: 7.901192e-04
Time for last run: 7.851124e-04
Total Tasks 1000
Total Dependencies 999
  Unable to estimate local/nonlocal dependencies
Total FLOPs 576000
Total Bytes 0
Elapsed Time 7.851124e-04 seconds
FLOP/s 7.336529e+08
B/s 0.000000e+00
Transfer (estimated):
  Unable to estimate local/nonlocal transfer
[Partition 0][Node 0] End of program
=== system charm_old pes 1 iter 2 rep 2 ===
Charm++> Running on MPI library: MPI VERSION    : CRAY MPICH version 8.1.32.110 (ANL base 3.4a2)
MPI BUILD INFO : Thu Feb 06 22:53 2025 (git hash f9c5634)
 (MPI standard: 3.1)
Charm++> Level of thread support used: MPI_THREAD_FUNNELED (desired: MPI_THREAD_FUNNELED)
Charm++> Running in SMP mode: 1 processes, 1 worker threads (PEs) + 1 comm threads per process, 1 PEs total
Charm++> The comm. thread both sends and receives messages
Converse/Charm++ Commit ID: v8.0.1-devel-36-g3c3086b33
CharmLB> Load balancer assumes all CPUs are same.
Charm++> cpu affinity enabled. 
Charm++> Running on 1 hosts (2 sockets x 1 cores x 1 PUs = 2-way SMP)
Charm++> cpu topology info is gathered in 0.001 seconds.
CharmLB> Load balancing instrumentation for communication is off.
Running Task Benchmark
  Configuration:
    Task Graph 1:
      Time Steps: 1000
      Max Width: 1
      Dependence Type: stencil_1d
      Radix: 3
      Period: 0
      Fraction Connected: 0.250000
      Kernel:
        Type: compute_bound
        Iterations: 2
        Samples: 16
        Imbalance: 0.000000
      Output Bytes: 16
      Scratch Bytes: 0
Time for last run: 1.004934e-03
Time for last run: 1.010895e-03
Total Tasks 1000
Total Dependencies 999
  Unable to estimate local/nonlocal dependencies
Total FLOPs 320000
Total Bytes 0
Elapsed Time 1.010895e-03 seconds
FLOP/s 3.165512e+08
B/s 0.000000e+00
Transfer (estimated):
  Unable to estimate local/nonlocal transfer
[Partition 0][Node 0] End of program
=== system charm_old pes 1 iter 16384 rep 3 ===
Charm++> Running on MPI library: MPI VERSION    : CRAY MPICH version 8.1.32.110 (ANL base 3.4a2)
MPI BUILD INFO : Thu Feb 06 22:53 2025 (git hash f9c5634)
 (MPI standard: 3.1)
Charm++> Level of thread support used: MPI_THREAD_FUNNELED (desired: MPI_THREAD_FUNNELED)
Charm++> Running in SMP mode: 1 processes, 1 worker threads (PEs) + 1 comm threads per process, 1 PEs total
Charm++> The comm. thread both sends and receives messages
Converse/Charm++ Commit ID: v8.0.1-devel-36-g3c3086b33
CharmLB> Load balancer assumes all CPUs are same.
Charm++> cpu affinity enabled. 
Charm++> Running on 1 hosts (2 sockets x 1 cores x 1 PUs = 2-way SMP)
Charm++> cpu topology info is gathered in 0.001 seconds.
CharmLB> Load balancing instrumentation for communication is off.
Running Task Benchmark
  Configuration:
    Task Graph 1:
      Time Steps: 1000
      Max Width: 1
      Dependence Type: stencil_1d
      Radix: 3
      Period: 0
      Fraction Connected: 0.250000
      Kernel:
        Type: compute_bound
        Iterations: 16384
        Samples: 16
        Imbalance: 0.000000
      Output Bytes: 16
      Scratch Bytes: 0
Time for last run: 5.646515e-02
Time for last run: 5.648184e-02
Total Tasks 1000
Total Dependencies 999
  Unable to estimate local/nonlocal dependencies
Total FLOPs 2097216000
Total Bytes 0
Elapsed Time 5.648184e-02 seconds
FLOP/s 3.713080e+10
B/s 0.000000e+00
Transfer (estimated):
  Unable to estimate local/nonlocal transfer
[Partition 0][Node 0] End of program
=== system charm_old pes 1 iter 8192 rep 3 ===
Charm++> Running on MPI library: MPI VERSION    : CRAY MPICH version 8.1.32.110 (ANL base 3.4a2)
MPI BUILD INFO : Thu Feb 06 22:53 2025 (git hash f9c5634)
 (MPI standard: 3.1)
Charm++> Level of thread support used: MPI_THREAD_FUNNELED (desired: MPI_THREAD_FUNNELED)
Charm++> Running in SMP mode: 1 processes, 1 worker threads (PEs) + 1 comm threads per process, 1 PEs total
Charm++> The comm. thread both sends and receives messages
Converse/Charm++ Commit ID: v8.0.1-devel-36-g3c3086b33
CharmLB> Load balancer assumes all CPUs are same.
Charm++> cpu affinity enabled. 
Charm++> Running on 1 hosts (2 sockets x 1 cores x 1 PUs = 2-way SMP)
Charm++> cpu topology info is gathered in 0.001 seconds.
CharmLB> Load balancing instrumentation for communication is off.
Running Task Benchmark
  Configuration:
    Task Graph 1:
      Time Steps: 1000
      Max Width: 1
      Dependence Type: stencil_1d
      Radix: 3
      Period: 0
      Fraction Connected: 0.250000
      Kernel:
        Type: compute_bound
        Iterations: 8192
        Samples: 16
        Imbalance: 0.000000
      Output Bytes: 16
      Scratch Bytes: 0
Time for last run: 3.579283e-02
Time for last run: 3.575206e-02
Total Tasks 1000
Total Dependencies 999
  Unable to estimate local/nonlocal dependencies
Total FLOPs 1048640000
Total Bytes 0
Elapsed Time 3.575206e-02 seconds
FLOP/s 2.933090e+10
B/s 0.000000e+00
Transfer (estimated):
  Unable to estimate local/nonlocal transfer
[Partition 0][Node 0] End of program
=== system charm_old pes 1 iter 4096 rep 3 ===
Charm++> Running on MPI library: MPI VERSION    : CRAY MPICH version 8.1.32.110 (ANL base 3.4a2)
MPI BUILD INFO : Thu Feb 06 22:53 2025 (git hash f9c5634)
 (MPI standard: 3.1)
Charm++> Level of thread support used: MPI_THREAD_FUNNELED (desired: MPI_THREAD_FUNNELED)
Charm++> Running in SMP mode: 1 processes, 1 worker threads (PEs) + 1 comm threads per process, 1 PEs total
Charm++> The comm. thread both sends and receives messages
Converse/Charm++ Commit ID: v8.0.1-devel-36-g3c3086b33
CharmLB> Load balancer assumes all CPUs are same.
Charm++> cpu affinity enabled. 
Charm++> Running on 1 hosts (2 sockets x 1 cores x 1 PUs = 2-way SMP)
Charm++> cpu topology info is gathered in 0.001 seconds.
CharmLB> Load balancing instrumentation for communication is off.
Running Task Benchmark
  Configuration:
    Task Graph 1:
      Time Steps: 1000
      Max Width: 1
      Dependence Type: stencil_1d
      Radix: 3
      Period: 0
      Fraction Connected: 0.250000
      Kernel:
        Type: compute_bound
        Iterations: 4096
        Samples: 16
        Imbalance: 0.000000
      Output Bytes: 16
      Scratch Bytes: 0
Time for last run: 1.972294e-02
Time for last run: 1.967096e-02
Total Tasks 1000
Total Dependencies 999
  Unable to estimate local/nonlocal dependencies
Total FLOPs 524352000
Total Bytes 0
Elapsed Time 1.967096e-02 seconds
FLOP/s 2.665614e+10
B/s 0.000000e+00
Transfer (estimated):
  Unable to estimate local/nonlocal transfer
[Partition 0][Node 0] End of program
=== system charm_old pes 1 iter 2048 rep 3 ===
Charm++> Running on MPI library: MPI VERSION    : CRAY MPICH version 8.1.32.110 (ANL base 3.4a2)
MPI BUILD INFO : Thu Feb 06 22:53 2025 (git hash f9c5634)
 (MPI standard: 3.1)
Charm++> Level of thread support used: MPI_THREAD_FUNNELED (desired: MPI_THREAD_FUNNELED)
Charm++> Running in SMP mode: 1 processes, 1 worker threads (PEs) + 1 comm threads per process, 1 PEs total
Charm++> The comm. thread both sends and receives messages
Converse/Charm++ Commit ID: v8.0.1-devel-36-g3c3086b33
CharmLB> Load balancer assumes all CPUs are same.
Charm++> cpu affinity enabled. 
Charm++> Running on 1 hosts (2 sockets x 1 cores x 1 PUs = 2-way SMP)
Charm++> cpu topology info is gathered in 0.001 seconds.
CharmLB> Load balancing instrumentation for communication is off.
Running Task Benchmark
  Configuration:
    Task Graph 1:
      Time Steps: 1000
      Max Width: 1
      Dependence Type: stencil_1d
      Radix: 3
      Period: 0
      Fraction Connected: 0.250000
      Kernel:
        Type: compute_bound
        Iterations: 2048
        Samples: 16
        Imbalance: 0.000000
      Output Bytes: 16
      Scratch Bytes: 0
Time for last run: 9.785175e-03
Time for last run: 9.742022e-03
Total Tasks 1000
Total Dependencies 999
  Unable to estimate local/nonlocal dependencies
Total FLOPs 262208000
Total Bytes 0
Elapsed Time 9.742022e-03 seconds
FLOP/s 2.691515e+10
B/s 0.000000e+00
Transfer (estimated):
  Unable to estimate local/nonlocal transfer
[Partition 0][Node 0] End of program
=== system charm_old pes 1 iter 1024 rep 3 ===
Charm++> Running on MPI library: MPI VERSION    : CRAY MPICH version 8.1.32.110 (ANL base 3.4a2)
MPI BUILD INFO : Thu Feb 06 22:53 2025 (git hash f9c5634)
 (MPI standard: 3.1)
Charm++> Level of thread support used: MPI_THREAD_FUNNELED (desired: MPI_THREAD_FUNNELED)
Charm++> Running in SMP mode: 1 processes, 1 worker threads (PEs) + 1 comm threads per process, 1 PEs total
Charm++> The comm. thread both sends and receives messages
Converse/Charm++ Commit ID: v8.0.1-devel-36-g3c3086b33
CharmLB> Load balancer assumes all CPUs are same.
Charm++> cpu affinity enabled. 
Charm++> Running on 1 hosts (2 sockets x 1 cores x 1 PUs = 2-way SMP)
Charm++> cpu topology info is gathered in 0.001 seconds.
CharmLB> Load balancing instrumentation for communication is off.
Running Task Benchmark
  Configuration:
    Task Graph 1:
      Time Steps: 1000
      Max Width: 1
      Dependence Type: stencil_1d
      Radix: 3
      Period: 0
      Fraction Connected: 0.250000
      Kernel:
        Type: compute_bound
        Iterations: 1024
        Samples: 16
        Imbalance: 0.000000
      Output Bytes: 16
      Scratch Bytes: 0
Time for last run: 5.706072e-03
Time for last run: 5.635977e-03
Total Tasks 1000
Total Dependencies 999
  Unable to estimate local/nonlocal dependencies
Total FLOPs 131136000
Total Bytes 0
Elapsed Time 5.635977e-03 seconds
FLOP/s 2.326766e+10
B/s 0.000000e+00
Transfer (estimated):
  Unable to estimate local/nonlocal transfer
[Partition 0][Node 0] End of program
=== system charm_old pes 1 iter 512 rep 3 ===
Charm++> Running on MPI library: MPI VERSION    : CRAY MPICH version 8.1.32.110 (ANL base 3.4a2)
MPI BUILD INFO : Thu Feb 06 22:53 2025 (git hash f9c5634)
 (MPI standard: 3.1)
Charm++> Level of thread support used: MPI_THREAD_FUNNELED (desired: MPI_THREAD_FUNNELED)
Charm++> Running in SMP mode: 1 processes, 1 worker threads (PEs) + 1 comm threads per process, 1 PEs total
Charm++> The comm. thread both sends and receives messages
Converse/Charm++ Commit ID: v8.0.1-devel-36-g3c3086b33
CharmLB> Load balancer assumes all CPUs are same.
Charm++> cpu affinity enabled. 
Charm++> Running on 1 hosts (2 sockets x 1 cores x 1 PUs = 2-way SMP)
Charm++> cpu topology info is gathered in 0.001 seconds.
CharmLB> Load balancing instrumentation for communication is off.
Running Task Benchmark
  Configuration:
    Task Graph 1:
      Time Steps: 1000
      Max Width: 1
      Dependence Type: stencil_1d
      Radix: 3
      Period: 0
      Fraction Connected: 0.250000
      Kernel:
        Type: compute_bound
        Iterations: 512
        Samples: 16
        Imbalance: 0.000000
      Output Bytes: 16
      Scratch Bytes: 0
Time for last run: 3.141165e-03
Time for last run: 3.091097e-03
Total Tasks 1000
Total Dependencies 999
  Unable to estimate local/nonlocal dependencies
Total FLOPs 65600000
Total Bytes 0
Elapsed Time 3.091097e-03 seconds
FLOP/s 2.122224e+10
B/s 0.000000e+00
Transfer (estimated):
  Unable to estimate local/nonlocal transfer
[Partition 0][Node 0] End of program
=== system charm_old pes 1 iter 256 rep 3 ===
Charm++> Running on MPI library: MPI VERSION    : CRAY MPICH version 8.1.32.110 (ANL base 3.4a2)
MPI BUILD INFO : Thu Feb 06 22:53 2025 (git hash f9c5634)
 (MPI standard: 3.1)
Charm++> Level of thread support used: MPI_THREAD_FUNNELED (desired: MPI_THREAD_FUNNELED)
Charm++> Running in SMP mode: 1 processes, 1 worker threads (PEs) + 1 comm threads per process, 1 PEs total
Charm++> The comm. thread both sends and receives messages
Converse/Charm++ Commit ID: v8.0.1-devel-36-g3c3086b33
CharmLB> Load balancer assumes all CPUs are same.
Charm++> cpu affinity enabled. 
Charm++> Running on 1 hosts (2 sockets x 1 cores x 1 PUs = 2-way SMP)
Charm++> cpu topology info is gathered in 0.001 seconds.
CharmLB> Load balancing instrumentation for communication is off.
Running Task Benchmark
  Configuration:
    Task Graph 1:
      Time Steps: 1000
      Max Width: 1
      Dependence Type: stencil_1d
      Radix: 3
      Period: 0
      Fraction Connected: 0.250000
      Kernel:
        Type: compute_bound
        Iterations: 256
        Samples: 16
        Imbalance: 0.000000
      Output Bytes: 16
      Scratch Bytes: 0
Time for last run: 2.183914e-03
Time for last run: 2.202034e-03
Total Tasks 1000
Total Dependencies 999
  Unable to estimate local/nonlocal dependencies
Total FLOPs 32832000
Total Bytes 0
Elapsed Time 2.202034e-03 seconds
FLOP/s 1.490985e+10
B/s 0.000000e+00
Transfer (estimated):
  Unable to estimate local/nonlocal transfer
[Partition 0][Node 0] End of program
=== system charm_old pes 1 iter 128 rep 3 ===
Charm++> Running on MPI library: MPI VERSION    : CRAY MPICH version 8.1.32.110 (ANL base 3.4a2)
MPI BUILD INFO : Thu Feb 06 22:53 2025 (git hash f9c5634)
 (MPI standard: 3.1)
Charm++> Level of thread support used: MPI_THREAD_FUNNELED (desired: MPI_THREAD_FUNNELED)
Charm++> Running in SMP mode: 1 processes, 1 worker threads (PEs) + 1 comm threads per process, 1 PEs total
Charm++> The comm. thread both sends and receives messages
Converse/Charm++ Commit ID: v8.0.1-devel-36-g3c3086b33
CharmLB> Load balancer assumes all CPUs are same.
Charm++> cpu affinity enabled. 
Charm++> Running on 1 hosts (2 sockets x 1 cores x 1 PUs = 2-way SMP)
Charm++> cpu topology info is gathered in 0.001 seconds.
CharmLB> Load balancing instrumentation for communication is off.
Running Task Benchmark
  Configuration:
    Task Graph 1:
      Time Steps: 1000
      Max Width: 1
      Dependence Type: stencil_1d
      Radix: 3
      Period: 0
      Fraction Connected: 0.250000
      Kernel:
        Type: compute_bound
        Iterations: 128
        Samples: 16
        Imbalance: 0.000000
      Output Bytes: 16
      Scratch Bytes: 0
Time for last run: 1.482964e-03
Time for last run: 1.471996e-03
Total Tasks 1000
Total Dependencies 999
  Unable to estimate local/nonlocal dependencies
Total FLOPs 16448000
Total Bytes 0
Elapsed Time 1.471996e-03 seconds
FLOP/s 1.117394e+10
B/s 0.000000e+00
Transfer (estimated):
  Unable to estimate local/nonlocal transfer
[Partition 0][Node 0] End of program
=== system charm_old pes 1 iter 64 rep 3 ===
Charm++> Running on MPI library: MPI VERSION    : CRAY MPICH version 8.1.32.110 (ANL base 3.4a2)
MPI BUILD INFO : Thu Feb 06 22:53 2025 (git hash f9c5634)
 (MPI standard: 3.1)
Charm++> Level of thread support used: MPI_THREAD_FUNNELED (desired: MPI_THREAD_FUNNELED)
Charm++> Running in SMP mode: 1 processes, 1 worker threads (PEs) + 1 comm threads per process, 1 PEs total
Charm++> The comm. thread both sends and receives messages
Converse/Charm++ Commit ID: v8.0.1-devel-36-g3c3086b33
CharmLB> Load balancer assumes all CPUs are same.
Charm++> cpu affinity enabled. 
Charm++> Running on 1 hosts (2 sockets x 1 cores x 1 PUs = 2-way SMP)
Charm++> cpu topology info is gathered in 0.001 seconds.
CharmLB> Load balancing instrumentation for communication is off.
Running Task Benchmark
  Configuration:
    Task Graph 1:
      Time Steps: 1000
      Max Width: 1
      Dependence Type: stencil_1d
      Radix: 3
      Period: 0
      Fraction Connected: 0.250000
      Kernel:
        Type: compute_bound
        Iterations: 64
        Samples: 16
        Imbalance: 0.000000
      Output Bytes: 16
      Scratch Bytes: 0
Time for last run: 1.317024e-03
Time for last run: 1.326084e-03
Total Tasks 1000
Total Dependencies 999
  Unable to estimate local/nonlocal dependencies
Total FLOPs 8256000
Total Bytes 0
Elapsed Time 1.326084e-03 seconds
FLOP/s 6.225849e+09
B/s 0.000000e+00
Transfer (estimated):
  Unable to estimate local/nonlocal transfer
[Partition 0][Node 0] End of program
=== system charm_old pes 1 iter 32 rep 3 ===
Charm++> Running on MPI library: MPI VERSION    : CRAY MPICH version 8.1.32.110 (ANL base 3.4a2)
MPI BUILD INFO : Thu Feb 06 22:53 2025 (git hash f9c5634)
 (MPI standard: 3.1)
Charm++> Level of thread support used: MPI_THREAD_FUNNELED (desired: MPI_THREAD_FUNNELED)
Charm++> Running in SMP mode: 1 processes, 1 worker threads (PEs) + 1 comm threads per process, 1 PEs total
Charm++> The comm. thread both sends and receives messages
Converse/Charm++ Commit ID: v8.0.1-devel-36-g3c3086b33
CharmLB> Load balancer assumes all CPUs are same.
Charm++> cpu affinity enabled. 
Charm++> Running on 1 hosts (2 sockets x 1 cores x 1 PUs = 2-way SMP)
Charm++> cpu topology info is gathered in 0.001 seconds.
CharmLB> Load balancing instrumentation for communication is off.
Running Task Benchmark
  Configuration:
    Task Graph 1:
      Time Steps: 1000
      Max Width: 1
      Dependence Type: stencil_1d
      Radix: 3
      Period: 0
      Fraction Connected: 0.250000
      Kernel:
        Type: compute_bound
        Iterations: 32
        Samples: 16
        Imbalance: 0.000000
      Output Bytes: 16
      Scratch Bytes: 0
Time for last run: 1.147985e-03
Time for last run: 1.133919e-03
Total Tasks 1000
Total Dependencies 999
  Unable to estimate local/nonlocal dependencies
Total FLOPs 4160000
Total Bytes 0
Elapsed Time 1.133919e-03 seconds
FLOP/s 3.668693e+09
B/s 0.000000e+00
Transfer (estimated):
  Unable to estimate local/nonlocal transfer
[Partition 0][Node 0] End of program
=== system charm_old pes 1 iter 16 rep 3 ===
Charm++> Running on MPI library: MPI VERSION    : CRAY MPICH version 8.1.32.110 (ANL base 3.4a2)
MPI BUILD INFO : Thu Feb 06 22:53 2025 (git hash f9c5634)
 (MPI standard: 3.1)
Charm++> Level of thread support used: MPI_THREAD_FUNNELED (desired: MPI_THREAD_FUNNELED)
Charm++> Running in SMP mode: 1 processes, 1 worker threads (PEs) + 1 comm threads per process, 1 PEs total
Charm++> The comm. thread both sends and receives messages
Converse/Charm++ Commit ID: v8.0.1-devel-36-g3c3086b33
CharmLB> Load balancer assumes all CPUs are same.
Charm++> cpu affinity enabled. 
Charm++> Running on 1 hosts (2 sockets x 1 cores x 1 PUs = 2-way SMP)
Charm++> cpu topology info is gathered in 0.001 seconds.
CharmLB> Load balancing instrumentation for communication is off.
Running Task Benchmark
  Configuration:
    Task Graph 1:
      Time Steps: 1000
      Max Width: 1
      Dependence Type: stencil_1d
      Radix: 3
      Period: 0
      Fraction Connected: 0.250000
      Kernel:
        Type: compute_bound
        Iterations: 16
        Samples: 16
        Imbalance: 0.000000
      Output Bytes: 16
      Scratch Bytes: 0
Time for last run: 1.045227e-03
Time for last run: 9.961128e-04
Total Tasks 1000
Total Dependencies 999
  Unable to estimate local/nonlocal dependencies
Total FLOPs 2112000
Total Bytes 0
Elapsed Time 9.961128e-04 seconds
FLOP/s 2.120242e+09
B/s 0.000000e+00
Transfer (estimated):
  Unable to estimate local/nonlocal transfer
[Partition 0][Node 0] End of program
=== system charm_old pes 1 iter 8 rep 3 ===
Charm++> Running on MPI library: MPI VERSION    : CRAY MPICH version 8.1.32.110 (ANL base 3.4a2)
MPI BUILD INFO : Thu Feb 06 22:53 2025 (git hash f9c5634)
 (MPI standard: 3.1)
Charm++> Level of thread support used: MPI_THREAD_FUNNELED (desired: MPI_THREAD_FUNNELED)
Charm++> Running in SMP mode: 1 processes, 1 worker threads (PEs) + 1 comm threads per process, 1 PEs total
Charm++> The comm. thread both sends and receives messages
Converse/Charm++ Commit ID: v8.0.1-devel-36-g3c3086b33
CharmLB> Load balancer assumes all CPUs are same.
Charm++> cpu affinity enabled. 
Charm++> Running on 1 hosts (2 sockets x 1 cores x 1 PUs = 2-way SMP)
Charm++> cpu topology info is gathered in 0.001 seconds.
CharmLB> Load balancing instrumentation for communication is off.
Running Task Benchmark
  Configuration:
    Task Graph 1:
      Time Steps: 1000
      Max Width: 1
      Dependence Type: stencil_1d
      Radix: 3
      Period: 0
      Fraction Connected: 0.250000
      Kernel:
        Type: compute_bound
        Iterations: 8
        Samples: 16
        Imbalance: 0.000000
      Output Bytes: 16
      Scratch Bytes: 0
Time for last run: 1.071930e-03
Time for last run: 1.017094e-03
Total Tasks 1000
Total Dependencies 999
  Unable to estimate local/nonlocal dependencies
Total FLOPs 1088000
Total Bytes 0
Elapsed Time 1.017094e-03 seconds
FLOP/s 1.069715e+09
B/s 0.000000e+00
Transfer (estimated):
  Unable to estimate local/nonlocal transfer
[Partition 0][Node 0] End of program
=== system charm_old pes 1 iter 4 rep 3 ===
Charm++> Running on MPI library: MPI VERSION    : CRAY MPICH version 8.1.32.110 (ANL base 3.4a2)
MPI BUILD INFO : Thu Feb 06 22:53 2025 (git hash f9c5634)
 (MPI standard: 3.1)
Charm++> Level of thread support used: MPI_THREAD_FUNNELED (desired: MPI_THREAD_FUNNELED)
Charm++> Running in SMP mode: 1 processes, 1 worker threads (PEs) + 1 comm threads per process, 1 PEs total
Charm++> The comm. thread both sends and receives messages
Converse/Charm++ Commit ID: v8.0.1-devel-36-g3c3086b33
CharmLB> Load balancer assumes all CPUs are same.
Charm++> cpu affinity enabled. 
Charm++> Running on 1 hosts (2 sockets x 1 cores x 1 PUs = 2-way SMP)
Charm++> cpu topology info is gathered in 0.001 seconds.
CharmLB> Load balancing instrumentation for communication is off.
Running Task Benchmark
  Configuration:
    Task Graph 1:
      Time Steps: 1000
      Max Width: 1
      Dependence Type: stencil_1d
      Radix: 3
      Period: 0
      Fraction Connected: 0.250000
      Kernel:
        Type: compute_bound
        Iterations: 4
        Samples: 16
        Imbalance: 0.000000
      Output Bytes: 16
      Scratch Bytes: 0
Time for last run: 9.648800e-04
Time for last run: 9.498596e-04
Total Tasks 1000
Total Dependencies 999
  Unable to estimate local/nonlocal dependencies
Total FLOPs 576000
Total Bytes 0
Elapsed Time 9.498596e-04 seconds
FLOP/s 6.064054e+08
B/s 0.000000e+00
Transfer (estimated):
  Unable to estimate local/nonlocal transfer
[Partition 0][Node 0] End of program
=== system charm_old pes 1 iter 2 rep 3 ===
Charm++> Running on MPI library: MPI VERSION    : CRAY MPICH version 8.1.32.110 (ANL base 3.4a2)
MPI BUILD INFO : Thu Feb 06 22:53 2025 (git hash f9c5634)
 (MPI standard: 3.1)
Charm++> Level of thread support used: MPI_THREAD_FUNNELED (desired: MPI_THREAD_FUNNELED)
Charm++> Running in SMP mode: 1 processes, 1 worker threads (PEs) + 1 comm threads per process, 1 PEs total
Charm++> The comm. thread both sends and receives messages
Converse/Charm++ Commit ID: v8.0.1-devel-36-g3c3086b33
CharmLB> Load balancer assumes all CPUs are same.
Charm++> cpu affinity enabled. 
Charm++> Running on 1 hosts (2 sockets x 1 cores x 1 PUs = 2-way SMP)
Charm++> cpu topology info is gathered in 0.001 seconds.
CharmLB> Load balancing instrumentation for communication is off.
Running Task Benchmark
  Configuration:
    Task Graph 1:
      Time Steps: 1000
      Max Width: 1
      Dependence Type: stencil_1d
      Radix: 3
      Period: 0
      Fraction Connected: 0.250000
      Kernel:
        Type: compute_bound
        Iterations: 2
        Samples: 16
        Imbalance: 0.000000
      Output Bytes: 16
      Scratch Bytes: 0
Time for last run: 9.970665e-04
Time for last run: 9.739399e-04
Total Tasks 1000
Total Dependencies 999
  Unable to estimate local/nonlocal dependencies
Total FLOPs 320000
Total Bytes 0
Elapsed Time 9.739399e-04 seconds
FLOP/s 3.285624e+08
B/s 0.000000e+00
Transfer (estimated):
  Unable to estimate local/nonlocal transfer
[Partition 0][Node 0] End of program
=== system charm_old pes 1 iter 16384 rep 4 ===
Charm++> Running on MPI library: MPI VERSION    : CRAY MPICH version 8.1.32.110 (ANL base 3.4a2)
MPI BUILD INFO : Thu Feb 06 22:53 2025 (git hash f9c5634)
 (MPI standard: 3.1)
Charm++> Level of thread support used: MPI_THREAD_FUNNELED (desired: MPI_THREAD_FUNNELED)
Charm++> Running in SMP mode: 1 processes, 1 worker threads (PEs) + 1 comm threads per process, 1 PEs total
Charm++> The comm. thread both sends and receives messages
Converse/Charm++ Commit ID: v8.0.1-devel-36-g3c3086b33
CharmLB> Load balancer assumes all CPUs are same.
Charm++> cpu affinity enabled. 
Charm++> Running on 1 hosts (2 sockets x 1 cores x 1 PUs = 2-way SMP)
Charm++> cpu topology info is gathered in 0.001 seconds.
CharmLB> Load balancing instrumentation for communication is off.
Running Task Benchmark
  Configuration:
    Task Graph 1:
      Time Steps: 1000
      Max Width: 1
      Dependence Type: stencil_1d
      Radix: 3
      Period: 0
      Fraction Connected: 0.250000
      Kernel:
        Type: compute_bound
        Iterations: 16384
        Samples: 16
        Imbalance: 0.000000
      Output Bytes: 16
      Scratch Bytes: 0
Time for last run: 5.652285e-02
Time for last run: 5.645585e-02
Total Tasks 1000
Total Dependencies 999
  Unable to estimate local/nonlocal dependencies
Total FLOPs 2097216000
Total Bytes 0
Elapsed Time 5.645585e-02 seconds
FLOP/s 3.714789e+10
B/s 0.000000e+00
Transfer (estimated):
  Unable to estimate local/nonlocal transfer
[Partition 0][Node 0] End of program
=== system charm_old pes 1 iter 8192 rep 4 ===
Charm++> Running on MPI library: MPI VERSION    : CRAY MPICH version 8.1.32.110 (ANL base 3.4a2)
MPI BUILD INFO : Thu Feb 06 22:53 2025 (git hash f9c5634)
 (MPI standard: 3.1)
Charm++> Level of thread support used: MPI_THREAD_FUNNELED (desired: MPI_THREAD_FUNNELED)
Charm++> Running in SMP mode: 1 processes, 1 worker threads (PEs) + 1 comm threads per process, 1 PEs total
Charm++> The comm. thread both sends and receives messages
Converse/Charm++ Commit ID: v8.0.1-devel-36-g3c3086b33
CharmLB> Load balancer assumes all CPUs are same.
Charm++> cpu affinity enabled. 
Charm++> Running on 1 hosts (2 sockets x 1 cores x 1 PUs = 2-way SMP)
Charm++> cpu topology info is gathered in 0.001 seconds.
CharmLB> Load balancing instrumentation for communication is off.
Running Task Benchmark
  Configuration:
    Task Graph 1:
      Time Steps: 1000
      Max Width: 1
      Dependence Type: stencil_1d
      Radix: 3
      Period: 0
      Fraction Connected: 0.250000
      Kernel:
        Type: compute_bound
        Iterations: 8192
        Samples: 16
        Imbalance: 0.000000
      Output Bytes: 16
      Scratch Bytes: 0
Time for last run: 2.866507e-02
Time for last run: 2.869701e-02
Total Tasks 1000
Total Dependencies 999
  Unable to estimate local/nonlocal dependencies
Total FLOPs 1048640000
Total Bytes 0
Elapsed Time 2.869701e-02 seconds
FLOP/s 3.654178e+10
B/s 0.000000e+00
Transfer (estimated):
  Unable to estimate local/nonlocal transfer
[Partition 0][Node 0] End of program
=== system charm_old pes 1 iter 4096 rep 4 ===
Charm++> Running on MPI library: MPI VERSION    : CRAY MPICH version 8.1.32.110 (ANL base 3.4a2)
MPI BUILD INFO : Thu Feb 06 22:53 2025 (git hash f9c5634)
 (MPI standard: 3.1)
Charm++> Level of thread support used: MPI_THREAD_FUNNELED (desired: MPI_THREAD_FUNNELED)
Charm++> Running in SMP mode: 1 processes, 1 worker threads (PEs) + 1 comm threads per process, 1 PEs total
Charm++> The comm. thread both sends and receives messages
Converse/Charm++ Commit ID: v8.0.1-devel-36-g3c3086b33
CharmLB> Load balancer assumes all CPUs are same.
Charm++> cpu affinity enabled. 
Charm++> Running on 1 hosts (2 sockets x 1 cores x 1 PUs = 2-way SMP)
Charm++> cpu topology info is gathered in 0.001 seconds.
CharmLB> Load balancing instrumentation for communication is off.
Running Task Benchmark
  Configuration:
    Task Graph 1:
      Time Steps: 1000
      Max Width: 1
      Dependence Type: stencil_1d
      Radix: 3
      Period: 0
      Fraction Connected: 0.250000
      Kernel:
        Type: compute_bound
        Iterations: 4096
        Samples: 16
        Imbalance: 0.000000
      Output Bytes: 16
      Scratch Bytes: 0
Time for last run: 1.971006e-02
Time for last run: 1.927304e-02
Total Tasks 1000
Total Dependencies 999
  Unable to estimate local/nonlocal dependencies
Total FLOPs 524352000
Total Bytes 0
Elapsed Time 1.927304e-02 seconds
FLOP/s 2.720650e+10
B/s 0.000000e+00
Transfer (estimated):
  Unable to estimate local/nonlocal transfer
[Partition 0][Node 0] End of program
=== system charm_old pes 1 iter 2048 rep 4 ===
Charm++> Running on MPI library: MPI VERSION    : CRAY MPICH version 8.1.32.110 (ANL base 3.4a2)
MPI BUILD INFO : Thu Feb 06 22:53 2025 (git hash f9c5634)
 (MPI standard: 3.1)
Charm++> Level of thread support used: MPI_THREAD_FUNNELED (desired: MPI_THREAD_FUNNELED)
Charm++> Running in SMP mode: 1 processes, 1 worker threads (PEs) + 1 comm threads per process, 1 PEs total
Charm++> The comm. thread both sends and receives messages
Converse/Charm++ Commit ID: v8.0.1-devel-36-g3c3086b33
CharmLB> Load balancer assumes all CPUs are same.
Charm++> cpu affinity enabled. 
Charm++> Running on 1 hosts (2 sockets x 1 cores x 1 PUs = 2-way SMP)
Charm++> cpu topology info is gathered in 0.001 seconds.
CharmLB> Load balancing instrumentation for communication is off.
Running Task Benchmark
  Configuration:
    Task Graph 1:
      Time Steps: 1000
      Max Width: 1
      Dependence Type: stencil_1d
      Radix: 3
      Period: 0
      Fraction Connected: 0.250000
      Kernel:
        Type: compute_bound
        Iterations: 2048
        Samples: 16
        Imbalance: 0.000000
      Output Bytes: 16
      Scratch Bytes: 0
Time for last run: 9.703159e-03
Time for last run: 9.751081e-03
Total Tasks 1000
Total Dependencies 999
  Unable to estimate local/nonlocal dependencies
Total FLOPs 262208000
Total Bytes 0
Elapsed Time 9.751081e-03 seconds
FLOP/s 2.689015e+10
B/s 0.000000e+00
Transfer (estimated):
  Unable to estimate local/nonlocal transfer
[Partition 0][Node 0] End of program
=== system charm_old pes 1 iter 1024 rep 4 ===
Charm++> Running on MPI library: MPI VERSION    : CRAY MPICH version 8.1.32.110 (ANL base 3.4a2)
MPI BUILD INFO : Thu Feb 06 22:53 2025 (git hash f9c5634)
 (MPI standard: 3.1)
Charm++> Level of thread support used: MPI_THREAD_FUNNELED (desired: MPI_THREAD_FUNNELED)
Charm++> Running in SMP mode: 1 processes, 1 worker threads (PEs) + 1 comm threads per process, 1 PEs total
Charm++> The comm. thread both sends and receives messages
Converse/Charm++ Commit ID: v8.0.1-devel-36-g3c3086b33
CharmLB> Load balancer assumes all CPUs are same.
Charm++> cpu affinity enabled. 
Charm++> Running on 1 hosts (2 sockets x 1 cores x 1 PUs = 2-way SMP)
Charm++> cpu topology info is gathered in 0.001 seconds.
CharmLB> Load balancing instrumentation for communication is off.
Running Task Benchmark
  Configuration:
    Task Graph 1:
      Time Steps: 1000
      Max Width: 1
      Dependence Type: stencil_1d
      Radix: 3
      Period: 0
      Fraction Connected: 0.250000
      Kernel:
        Type: compute_bound
        Iterations: 1024
        Samples: 16
        Imbalance: 0.000000
      Output Bytes: 16
      Scratch Bytes: 0
Time for last run: 5.672932e-03
Time for last run: 5.708933e-03
Total Tasks 1000
Total Dependencies 999
  Unable to estimate local/nonlocal dependencies
Total FLOPs 131136000
Total Bytes 0
Elapsed Time 5.708933e-03 seconds
FLOP/s 2.297032e+10
B/s 0.000000e+00
Transfer (estimated):
  Unable to estimate local/nonlocal transfer
[Partition 0][Node 0] End of program
=== system charm_old pes 1 iter 512 rep 4 ===
Charm++> Running on MPI library: MPI VERSION    : CRAY MPICH version 8.1.32.110 (ANL base 3.4a2)
MPI BUILD INFO : Thu Feb 06 22:53 2025 (git hash f9c5634)
 (MPI standard: 3.1)
Charm++> Level of thread support used: MPI_THREAD_FUNNELED (desired: MPI_THREAD_FUNNELED)
Charm++> Running in SMP mode: 1 processes, 1 worker threads (PEs) + 1 comm threads per process, 1 PEs total
Charm++> The comm. thread both sends and receives messages
Converse/Charm++ Commit ID: v8.0.1-devel-36-g3c3086b33
CharmLB> Load balancer assumes all CPUs are same.
Charm++> cpu affinity enabled. 
Charm++> Running on 1 hosts (2 sockets x 1 cores x 1 PUs = 2-way SMP)
Charm++> cpu topology info is gathered in 0.001 seconds.
CharmLB> Load balancing instrumentation for communication is off.
Running Task Benchmark
  Configuration:
    Task Graph 1:
      Time Steps: 1000
      Max Width: 1
      Dependence Type: stencil_1d
      Radix: 3
      Period: 0
      Fraction Connected: 0.250000
      Kernel:
        Type: compute_bound
        Iterations: 512
        Samples: 16
        Imbalance: 0.000000
      Output Bytes: 16
      Scratch Bytes: 0
Time for last run: 3.170967e-03
Time for last run: 3.102064e-03
Total Tasks 1000
Total Dependencies 999
  Unable to estimate local/nonlocal dependencies
Total FLOPs 65600000
Total Bytes 0
Elapsed Time 3.102064e-03 seconds
FLOP/s 2.114721e+10
B/s 0.000000e+00
Transfer (estimated):
  Unable to estimate local/nonlocal transfer
[Partition 0][Node 0] End of program
=== system charm_old pes 1 iter 256 rep 4 ===
Charm++> Running on MPI library: MPI VERSION    : CRAY MPICH version 8.1.32.110 (ANL base 3.4a2)
MPI BUILD INFO : Thu Feb 06 22:53 2025 (git hash f9c5634)
 (MPI standard: 3.1)
Charm++> Level of thread support used: MPI_THREAD_FUNNELED (desired: MPI_THREAD_FUNNELED)
Charm++> Running in SMP mode: 1 processes, 1 worker threads (PEs) + 1 comm threads per process, 1 PEs total
Charm++> The comm. thread both sends and receives messages
Converse/Charm++ Commit ID: v8.0.1-devel-36-g3c3086b33
CharmLB> Load balancer assumes all CPUs are same.
Charm++> cpu affinity enabled. 
Charm++> Running on 1 hosts (2 sockets x 1 cores x 1 PUs = 2-way SMP)
Charm++> cpu topology info is gathered in 0.001 seconds.
CharmLB> Load balancing instrumentation for communication is off.
Running Task Benchmark
  Configuration:
    Task Graph 1:
      Time Steps: 1000
      Max Width: 1
      Dependence Type: stencil_1d
      Radix: 3
      Period: 0
      Fraction Connected: 0.250000
      Kernel:
        Type: compute_bound
        Iterations: 256
        Samples: 16
        Imbalance: 0.000000
      Output Bytes: 16
      Scratch Bytes: 0
Time for last run: 2.074957e-03
Time for last run: 2.018929e-03
Total Tasks 1000
Total Dependencies 999
  Unable to estimate local/nonlocal dependencies
Total FLOPs 32832000
Total Bytes 0
Elapsed Time 2.018929e-03 seconds
FLOP/s 1.626209e+10
B/s 0.000000e+00
Transfer (estimated):
  Unable to estimate local/nonlocal transfer
[Partition 0][Node 0] End of program
=== system charm_old pes 1 iter 128 rep 4 ===
Charm++> Running on MPI library: MPI VERSION    : CRAY MPICH version 8.1.32.110 (ANL base 3.4a2)
MPI BUILD INFO : Thu Feb 06 22:53 2025 (git hash f9c5634)
 (MPI standard: 3.1)
Charm++> Level of thread support used: MPI_THREAD_FUNNELED (desired: MPI_THREAD_FUNNELED)
Charm++> Running in SMP mode: 1 processes, 1 worker threads (PEs) + 1 comm threads per process, 1 PEs total
Charm++> The comm. thread both sends and receives messages
Converse/Charm++ Commit ID: v8.0.1-devel-36-g3c3086b33
CharmLB> Load balancer assumes all CPUs are same.
Charm++> cpu affinity enabled. 
Charm++> Running on 1 hosts (2 sockets x 1 cores x 1 PUs = 2-way SMP)
Charm++> cpu topology info is gathered in 0.001 seconds.
CharmLB> Load balancing instrumentation for communication is off.
Running Task Benchmark
  Configuration:
    Task Graph 1:
      Time Steps: 1000
      Max Width: 1
      Dependence Type: stencil_1d
      Radix: 3
      Period: 0
      Fraction Connected: 0.250000
      Kernel:
        Type: compute_bound
        Iterations: 128
        Samples: 16
        Imbalance: 0.000000
      Output Bytes: 16
      Scratch Bytes: 0
Time for last run: 1.498938e-03
Time for last run: 1.503944e-03
Total Tasks 1000
Total Dependencies 999
  Unable to estimate local/nonlocal dependencies
Total FLOPs 16448000
Total Bytes 0
Elapsed Time 1.503944e-03 seconds
FLOP/s 1.093657e+10
B/s 0.000000e+00
Transfer (estimated):
  Unable to estimate local/nonlocal transfer
[Partition 0][Node 0] End of program
=== system charm_old pes 1 iter 64 rep 4 ===
Charm++> Running on MPI library: MPI VERSION    : CRAY MPICH version 8.1.32.110 (ANL base 3.4a2)
MPI BUILD INFO : Thu Feb 06 22:53 2025 (git hash f9c5634)
 (MPI standard: 3.1)
Charm++> Level of thread support used: MPI_THREAD_FUNNELED (desired: MPI_THREAD_FUNNELED)
Charm++> Running in SMP mode: 1 processes, 1 worker threads (PEs) + 1 comm threads per process, 1 PEs total
Charm++> The comm. thread both sends and receives messages
Converse/Charm++ Commit ID: v8.0.1-devel-36-g3c3086b33
CharmLB> Load balancer assumes all CPUs are same.
Charm++> cpu affinity enabled. 
Charm++> Running on 1 hosts (2 sockets x 1 cores x 1 PUs = 2-way SMP)
Charm++> cpu topology info is gathered in 0.001 seconds.
CharmLB> Load balancing instrumentation for communication is off.
Running Task Benchmark
  Configuration:
    Task Graph 1:
      Time Steps: 1000
      Max Width: 1
      Dependence Type: stencil_1d
      Radix: 3
      Period: 0
      Fraction Connected: 0.250000
      Kernel:
        Type: compute_bound
        Iterations: 64
        Samples: 16
        Imbalance: 0.000000
      Output Bytes: 16
      Scratch Bytes: 0
Time for last run: 1.351833e-03
Time for last run: 1.270056e-03
Total Tasks 1000
Total Dependencies 999
  Unable to estimate local/nonlocal dependencies
Total FLOPs 8256000
Total Bytes 0
Elapsed Time 1.270056e-03 seconds
FLOP/s 6.500502e+09
B/s 0.000000e+00
Transfer (estimated):
  Unable to estimate local/nonlocal transfer
[Partition 0][Node 0] End of program
=== system charm_old pes 1 iter 32 rep 4 ===
Charm++> Running on MPI library: MPI VERSION    : CRAY MPICH version 8.1.32.110 (ANL base 3.4a2)
MPI BUILD INFO : Thu Feb 06 22:53 2025 (git hash f9c5634)
 (MPI standard: 3.1)
Charm++> Level of thread support used: MPI_THREAD_FUNNELED (desired: MPI_THREAD_FUNNELED)
Charm++> Running in SMP mode: 1 processes, 1 worker threads (PEs) + 1 comm threads per process, 1 PEs total
Charm++> The comm. thread both sends and receives messages
Converse/Charm++ Commit ID: v8.0.1-devel-36-g3c3086b33
CharmLB> Load balancer assumes all CPUs are same.
Charm++> cpu affinity enabled. 
Charm++> Running on 1 hosts (2 sockets x 1 cores x 1 PUs = 2-way SMP)
Charm++> cpu topology info is gathered in 0.001 seconds.
CharmLB> Load balancing instrumentation for communication is off.
Running Task Benchmark
  Configuration:
    Task Graph 1:
      Time Steps: 1000
      Max Width: 1
      Dependence Type: stencil_1d
      Radix: 3
      Period: 0
      Fraction Connected: 0.250000
      Kernel:
        Type: compute_bound
        Iterations: 32
        Samples: 16
        Imbalance: 0.000000
      Output Bytes: 16
      Scratch Bytes: 0
Time for last run: 1.079082e-03
Time for last run: 1.065969e-03
Total Tasks 1000
Total Dependencies 999
  Unable to estimate local/nonlocal dependencies
Total FLOPs 4160000
Total Bytes 0
Elapsed Time 1.065969e-03 seconds
FLOP/s 3.902551e+09
B/s 0.000000e+00
Transfer (estimated):
  Unable to estimate local/nonlocal transfer
[Partition 0][Node 0] End of program
=== system charm_old pes 1 iter 16 rep 4 ===
Charm++> Running on MPI library: MPI VERSION    : CRAY MPICH version 8.1.32.110 (ANL base 3.4a2)
MPI BUILD INFO : Thu Feb 06 22:53 2025 (git hash f9c5634)
 (MPI standard: 3.1)
Charm++> Level of thread support used: MPI_THREAD_FUNNELED (desired: MPI_THREAD_FUNNELED)
Charm++> Running in SMP mode: 1 processes, 1 worker threads (PEs) + 1 comm threads per process, 1 PEs total
Charm++> The comm. thread both sends and receives messages
Converse/Charm++ Commit ID: v8.0.1-devel-36-g3c3086b33
CharmLB> Load balancer assumes all CPUs are same.
Charm++> cpu affinity enabled. 
Charm++> Running on 1 hosts (2 sockets x 1 cores x 1 PUs = 2-way SMP)
Charm++> cpu topology info is gathered in 0.001 seconds.
CharmLB> Load balancing instrumentation for communication is off.
Running Task Benchmark
  Configuration:
    Task Graph 1:
      Time Steps: 1000
      Max Width: 1
      Dependence Type: stencil_1d
      Radix: 3
      Period: 0
      Fraction Connected: 0.250000
      Kernel:
        Type: compute_bound
        Iterations: 16
        Samples: 16
        Imbalance: 0.000000
      Output Bytes: 16
      Scratch Bytes: 0
Time for last run: 8.730888e-04
Time for last run: 8.299351e-04
Total Tasks 1000
Total Dependencies 999
  Unable to estimate local/nonlocal dependencies
Total FLOPs 2112000
Total Bytes 0
Elapsed Time 8.299351e-04 seconds
FLOP/s 2.544777e+09
B/s 0.000000e+00
Transfer (estimated):
  Unable to estimate local/nonlocal transfer
[Partition 0][Node 0] End of program
=== system charm_old pes 1 iter 8 rep 4 ===
Charm++> Running on MPI library: MPI VERSION    : CRAY MPICH version 8.1.32.110 (ANL base 3.4a2)
MPI BUILD INFO : Thu Feb 06 22:53 2025 (git hash f9c5634)
 (MPI standard: 3.1)
Charm++> Level of thread support used: MPI_THREAD_FUNNELED (desired: MPI_THREAD_FUNNELED)
Charm++> Running in SMP mode: 1 processes, 1 worker threads (PEs) + 1 comm threads per process, 1 PEs total
Charm++> The comm. thread both sends and receives messages
Converse/Charm++ Commit ID: v8.0.1-devel-36-g3c3086b33
CharmLB> Load balancer assumes all CPUs are same.
Charm++> cpu affinity enabled. 
Charm++> Running on 1 hosts (2 sockets x 1 cores x 1 PUs = 2-way SMP)
Charm++> cpu topology info is gathered in 0.001 seconds.
CharmLB> Load balancing instrumentation for communication is off.
Running Task Benchmark
  Configuration:
    Task Graph 1:
      Time Steps: 1000
      Max Width: 1
      Dependence Type: stencil_1d
      Radix: 3
      Period: 0
      Fraction Connected: 0.250000
      Kernel:
        Type: compute_bound
        Iterations: 8
        Samples: 16
        Imbalance: 0.000000
      Output Bytes: 16
      Scratch Bytes: 0
Time for last run: 8.521080e-04
Time for last run: 7.669926e-04
Total Tasks 1000
Total Dependencies 999
  Unable to estimate local/nonlocal dependencies
Total FLOPs 1088000
Total Bytes 0
Elapsed Time 7.669926e-04 seconds
FLOP/s 1.418527e+09
B/s 0.000000e+00
Transfer (estimated):
  Unable to estimate local/nonlocal transfer
[Partition 0][Node 0] End of program
=== system charm_old pes 1 iter 4 rep 4 ===
Charm++> Running on MPI library: MPI VERSION    : CRAY MPICH version 8.1.32.110 (ANL base 3.4a2)
MPI BUILD INFO : Thu Feb 06 22:53 2025 (git hash f9c5634)
 (MPI standard: 3.1)
Charm++> Level of thread support used: MPI_THREAD_FUNNELED (desired: MPI_THREAD_FUNNELED)
Charm++> Running in SMP mode: 1 processes, 1 worker threads (PEs) + 1 comm threads per process, 1 PEs total
Charm++> The comm. thread both sends and receives messages
Converse/Charm++ Commit ID: v8.0.1-devel-36-g3c3086b33
CharmLB> Load balancer assumes all CPUs are same.
Charm++> cpu affinity enabled. 
Charm++> Running on 1 hosts (2 sockets x 1 cores x 1 PUs = 2-way SMP)
Charm++> cpu topology info is gathered in 0.001 seconds.
CharmLB> Load balancing instrumentation for communication is off.
Running Task Benchmark
  Configuration:
    Task Graph 1:
      Time Steps: 1000
      Max Width: 1
      Dependence Type: stencil_1d
      Radix: 3
      Period: 0
      Fraction Connected: 0.250000
      Kernel:
        Type: compute_bound
        Iterations: 4
        Samples: 16
        Imbalance: 0.000000
      Output Bytes: 16
      Scratch Bytes: 0
Time for last run: 7.698536e-04
Time for last run: 7.679462e-04
Total Tasks 1000
Total Dependencies 999
  Unable to estimate local/nonlocal dependencies
Total FLOPs 576000
Total Bytes 0
Elapsed Time 7.679462e-04 seconds
FLOP/s 7.500525e+08
B/s 0.000000e+00
Transfer (estimated):
  Unable to estimate local/nonlocal transfer
[Partition 0][Node 0] End of program
=== system charm_old pes 1 iter 2 rep 4 ===
Charm++> Running on MPI library: MPI VERSION    : CRAY MPICH version 8.1.32.110 (ANL base 3.4a2)
MPI BUILD INFO : Thu Feb 06 22:53 2025 (git hash f9c5634)
 (MPI standard: 3.1)
Charm++> Level of thread support used: MPI_THREAD_FUNNELED (desired: MPI_THREAD_FUNNELED)
Charm++> Running in SMP mode: 1 processes, 1 worker threads (PEs) + 1 comm threads per process, 1 PEs total
Charm++> The comm. thread both sends and receives messages
Converse/Charm++ Commit ID: v8.0.1-devel-36-g3c3086b33
CharmLB> Load balancer assumes all CPUs are same.
Charm++> cpu affinity enabled. 
Charm++> Running on 1 hosts (2 sockets x 1 cores x 1 PUs = 2-way SMP)
Charm++> cpu topology info is gathered in 0.001 seconds.
CharmLB> Load balancing instrumentation for communication is off.
Running Task Benchmark
  Configuration:
    Task Graph 1:
      Time Steps: 1000
      Max Width: 1
      Dependence Type: stencil_1d
      Radix: 3
      Period: 0
      Fraction Connected: 0.250000
      Kernel:
        Type: compute_bound
        Iterations: 2
        Samples: 16
        Imbalance: 0.000000
      Output Bytes: 16
      Scratch Bytes: 0
Time for last run: 8.149147e-04
Time for last run: 7.650852e-04
Total Tasks 1000
Total Dependencies 999
  Unable to estimate local/nonlocal dependencies
Total FLOPs 320000
Total Bytes 0
Elapsed Time 7.650852e-04 seconds
FLOP/s 4.182541e+08
B/s 0.000000e+00
Transfer (estimated):
  Unable to estimate local/nonlocal transfer
[Partition 0][Node 0] End of program
=== system charm_old pes 1 iter 16384 rep 5 ===
Charm++> Running on MPI library: MPI VERSION    : CRAY MPICH version 8.1.32.110 (ANL base 3.4a2)
MPI BUILD INFO : Thu Feb 06 22:53 2025 (git hash f9c5634)
 (MPI standard: 3.1)
Charm++> Level of thread support used: MPI_THREAD_FUNNELED (desired: MPI_THREAD_FUNNELED)
Charm++> Running in SMP mode: 1 processes, 1 worker threads (PEs) + 1 comm threads per process, 1 PEs total
Charm++> The comm. thread both sends and receives messages
Converse/Charm++ Commit ID: v8.0.1-devel-36-g3c3086b33
CharmLB> Load balancer assumes all CPUs are same.
Charm++> cpu affinity enabled. 
Charm++> Running on 1 hosts (2 sockets x 1 cores x 1 PUs = 2-way SMP)
Charm++> cpu topology info is gathered in 0.001 seconds.
CharmLB> Load balancing instrumentation for communication is off.
Running Task Benchmark
  Configuration:
    Task Graph 1:
      Time Steps: 1000
      Max Width: 1
      Dependence Type: stencil_1d
      Radix: 3
      Period: 0
      Fraction Connected: 0.250000
      Kernel:
        Type: compute_bound
        Iterations: 16384
        Samples: 16
        Imbalance: 0.000000
      Output Bytes: 16
      Scratch Bytes: 0
Time for last run: 5.660796e-02
Time for last run: 5.642605e-02
Total Tasks 1000
Total Dependencies 999
  Unable to estimate local/nonlocal dependencies
Total FLOPs 2097216000
Total Bytes 0
Elapsed Time 5.642605e-02 seconds
FLOP/s 3.716752e+10
B/s 0.000000e+00
Transfer (estimated):
  Unable to estimate local/nonlocal transfer
[Partition 0][Node 0] End of program
=== system charm_old pes 1 iter 8192 rep 5 ===
Charm++> Running on MPI library: MPI VERSION    : CRAY MPICH version 8.1.32.110 (ANL base 3.4a2)
MPI BUILD INFO : Thu Feb 06 22:53 2025 (git hash f9c5634)
 (MPI standard: 3.1)
Charm++> Level of thread support used: MPI_THREAD_FUNNELED (desired: MPI_THREAD_FUNNELED)
Charm++> Running in SMP mode: 1 processes, 1 worker threads (PEs) + 1 comm threads per process, 1 PEs total
Charm++> The comm. thread both sends and receives messages
Converse/Charm++ Commit ID: v8.0.1-devel-36-g3c3086b33
CharmLB> Load balancer assumes all CPUs are same.
Charm++> cpu affinity enabled. 
Charm++> Running on 1 hosts (2 sockets x 1 cores x 1 PUs = 2-way SMP)
Charm++> cpu topology info is gathered in 0.001 seconds.
CharmLB> Load balancing instrumentation for communication is off.
Running Task Benchmark
  Configuration:
    Task Graph 1:
      Time Steps: 1000
      Max Width: 1
      Dependence Type: stencil_1d
      Radix: 3
      Period: 0
      Fraction Connected: 0.250000
      Kernel:
        Type: compute_bound
        Iterations: 8192
        Samples: 16
        Imbalance: 0.000000
      Output Bytes: 16
      Scratch Bytes: 0
Time for last run: 2.868605e-02
Time for last run: 2.861881e-02
Total Tasks 1000
Total Dependencies 999
  Unable to estimate local/nonlocal dependencies
Total FLOPs 1048640000
Total Bytes 0
Elapsed Time 2.861881e-02 seconds
FLOP/s 3.664163e+10
B/s 0.000000e+00
Transfer (estimated):
  Unable to estimate local/nonlocal transfer
[Partition 0][Node 0] End of program
=== system charm_old pes 1 iter 4096 rep 5 ===
Charm++> Running on MPI library: MPI VERSION    : CRAY MPICH version 8.1.32.110 (ANL base 3.4a2)
MPI BUILD INFO : Thu Feb 06 22:53 2025 (git hash f9c5634)
 (MPI standard: 3.1)
Charm++> Level of thread support used: MPI_THREAD_FUNNELED (desired: MPI_THREAD_FUNNELED)
Charm++> Running in SMP mode: 1 processes, 1 worker threads (PEs) + 1 comm threads per process, 1 PEs total
Charm++> The comm. thread both sends and receives messages
Converse/Charm++ Commit ID: v8.0.1-devel-36-g3c3086b33
CharmLB> Load balancer assumes all CPUs are same.
Charm++> cpu affinity enabled. 
Charm++> Running on 1 hosts (2 sockets x 1 cores x 1 PUs = 2-way SMP)
Charm++> cpu topology info is gathered in 0.001 seconds.
CharmLB> Load balancing instrumentation for communication is off.
Running Task Benchmark
  Configuration:
    Task Graph 1:
      Time Steps: 1000
      Max Width: 1
      Dependence Type: stencil_1d
      Radix: 3
      Period: 0
      Fraction Connected: 0.250000
      Kernel:
        Type: compute_bound
        Iterations: 4096
        Samples: 16
        Imbalance: 0.000000
      Output Bytes: 16
      Scratch Bytes: 0
Time for last run: 1.476812e-02
Time for last run: 1.468301e-02
Total Tasks 1000
Total Dependencies 999
  Unable to estimate local/nonlocal dependencies
Total FLOPs 524352000
Total Bytes 0
Elapsed Time 1.468301e-02 seconds
FLOP/s 3.571148e+10
B/s 0.000000e+00
Transfer (estimated):
  Unable to estimate local/nonlocal transfer
[Partition 0][Node 0] End of program
=== system charm_old pes 1 iter 2048 rep 5 ===
Charm++> Running on MPI library: MPI VERSION    : CRAY MPICH version 8.1.32.110 (ANL base 3.4a2)
MPI BUILD INFO : Thu Feb 06 22:53 2025 (git hash f9c5634)
 (MPI standard: 3.1)
Charm++> Level of thread support used: MPI_THREAD_FUNNELED (desired: MPI_THREAD_FUNNELED)
Charm++> Running in SMP mode: 1 processes, 1 worker threads (PEs) + 1 comm threads per process, 1 PEs total
Charm++> The comm. thread both sends and receives messages
Converse/Charm++ Commit ID: v8.0.1-devel-36-g3c3086b33
CharmLB> Load balancer assumes all CPUs are same.
Charm++> cpu affinity enabled. 
Charm++> Running on 1 hosts (2 sockets x 1 cores x 1 PUs = 2-way SMP)
Charm++> cpu topology info is gathered in 0.001 seconds.
CharmLB> Load balancing instrumentation for communication is off.
Running Task Benchmark
  Configuration:
    Task Graph 1:
      Time Steps: 1000
      Max Width: 1
      Dependence Type: stencil_1d
      Radix: 3
      Period: 0
      Fraction Connected: 0.250000
      Kernel:
        Type: compute_bound
        Iterations: 2048
        Samples: 16
        Imbalance: 0.000000
      Output Bytes: 16
      Scratch Bytes: 0
Time for last run: 7.749081e-03
Time for last run: 7.777929e-03
Total Tasks 1000
Total Dependencies 999
  Unable to estimate local/nonlocal dependencies
Total FLOPs 262208000
Total Bytes 0
Elapsed Time 7.777929e-03 seconds
FLOP/s 3.371180e+10
B/s 0.000000e+00
Transfer (estimated):
  Unable to estimate local/nonlocal transfer
[Partition 0][Node 0] End of program
=== system charm_old pes 1 iter 1024 rep 5 ===
Charm++> Running on MPI library: MPI VERSION    : CRAY MPICH version 8.1.32.110 (ANL base 3.4a2)
MPI BUILD INFO : Thu Feb 06 22:53 2025 (git hash f9c5634)
 (MPI standard: 3.1)
Charm++> Level of thread support used: MPI_THREAD_FUNNELED (desired: MPI_THREAD_FUNNELED)
Charm++> Running in SMP mode: 1 processes, 1 worker threads (PEs) + 1 comm threads per process, 1 PEs total
Charm++> The comm. thread both sends and receives messages
Converse/Charm++ Commit ID: v8.0.1-devel-36-g3c3086b33
CharmLB> Load balancer assumes all CPUs are same.
Charm++> cpu affinity enabled. 
Charm++> Running on 1 hosts (2 sockets x 1 cores x 1 PUs = 2-way SMP)
Charm++> cpu topology info is gathered in 0.001 seconds.
CharmLB> Load balancing instrumentation for communication is off.
Running Task Benchmark
  Configuration:
    Task Graph 1:
      Time Steps: 1000
      Max Width: 1
      Dependence Type: stencil_1d
      Radix: 3
      Period: 0
      Fraction Connected: 0.250000
      Kernel:
        Type: compute_bound
        Iterations: 1024
        Samples: 16
        Imbalance: 0.000000
      Output Bytes: 16
      Scratch Bytes: 0
Time for last run: 4.265070e-03
Time for last run: 4.287958e-03
Total Tasks 1000
Total Dependencies 999
  Unable to estimate local/nonlocal dependencies
Total FLOPs 131136000
Total Bytes 0
Elapsed Time 4.287958e-03 seconds
FLOP/s 3.058239e+10
B/s 0.000000e+00
Transfer (estimated):
  Unable to estimate local/nonlocal transfer
[Partition 0][Node 0] End of program
=== system charm_old pes 1 iter 512 rep 5 ===
Charm++> Running on MPI library: MPI VERSION    : CRAY MPICH version 8.1.32.110 (ANL base 3.4a2)
MPI BUILD INFO : Thu Feb 06 22:53 2025 (git hash f9c5634)
 (MPI standard: 3.1)
Charm++> Level of thread support used: MPI_THREAD_FUNNELED (desired: MPI_THREAD_FUNNELED)
Charm++> Running in SMP mode: 1 processes, 1 worker threads (PEs) + 1 comm threads per process, 1 PEs total
Charm++> The comm. thread both sends and receives messages
Converse/Charm++ Commit ID: v8.0.1-devel-36-g3c3086b33
CharmLB> Load balancer assumes all CPUs are same.
Charm++> cpu affinity enabled. 
Charm++> Running on 1 hosts (2 sockets x 1 cores x 1 PUs = 2-way SMP)
Charm++> cpu topology info is gathered in 0.001 seconds.
CharmLB> Load balancing instrumentation for communication is off.
Running Task Benchmark
  Configuration:
    Task Graph 1:
      Time Steps: 1000
      Max Width: 1
      Dependence Type: stencil_1d
      Radix: 3
      Period: 0
      Fraction Connected: 0.250000
      Kernel:
        Type: compute_bound
        Iterations: 512
        Samples: 16
        Imbalance: 0.000000
      Output Bytes: 16
      Scratch Bytes: 0
Time for last run: 2.526045e-03
Time for last run: 2.498150e-03
Total Tasks 1000
Total Dependencies 999
  Unable to estimate local/nonlocal dependencies
Total FLOPs 65600000
Total Bytes 0
Elapsed Time 2.498150e-03 seconds
FLOP/s 2.625943e+10
B/s 0.000000e+00
Transfer (estimated):
  Unable to estimate local/nonlocal transfer
[Partition 0][Node 0] End of program
=== system charm_old pes 1 iter 256 rep 5 ===
Charm++> Running on MPI library: MPI VERSION    : CRAY MPICH version 8.1.32.110 (ANL base 3.4a2)
MPI BUILD INFO : Thu Feb 06 22:53 2025 (git hash f9c5634)
 (MPI standard: 3.1)
Charm++> Level of thread support used: MPI_THREAD_FUNNELED (desired: MPI_THREAD_FUNNELED)
Charm++> Running in SMP mode: 1 processes, 1 worker threads (PEs) + 1 comm threads per process, 1 PEs total
Charm++> The comm. thread both sends and receives messages
Converse/Charm++ Commit ID: v8.0.1-devel-36-g3c3086b33
CharmLB> Load balancer assumes all CPUs are same.
Charm++> cpu affinity enabled. 
Charm++> Running on 1 hosts (2 sockets x 1 cores x 1 PUs = 2-way SMP)
Charm++> cpu topology info is gathered in 0.001 seconds.
CharmLB> Load balancing instrumentation for communication is off.
Running Task Benchmark
  Configuration:
    Task Graph 1:
      Time Steps: 1000
      Max Width: 1
      Dependence Type: stencil_1d
      Radix: 3
      Period: 0
      Fraction Connected: 0.250000
      Kernel:
        Type: compute_bound
        Iterations: 256
        Samples: 16
        Imbalance: 0.000000
      Output Bytes: 16
      Scratch Bytes: 0
Time for last run: 1.625061e-03
Time for last run: 1.953840e-03
Total Tasks 1000
Total Dependencies 999
  Unable to estimate local/nonlocal dependencies
Total FLOPs 32832000
Total Bytes 0
Elapsed Time 1.953840e-03 seconds
FLOP/s 1.680383e+10
B/s 0.000000e+00
Transfer (estimated):
  Unable to estimate local/nonlocal transfer
[Partition 0][Node 0] End of program
=== system charm_old pes 1 iter 128 rep 5 ===
Charm++> Running on MPI library: MPI VERSION    : CRAY MPICH version 8.1.32.110 (ANL base 3.4a2)
MPI BUILD INFO : Thu Feb 06 22:53 2025 (git hash f9c5634)
 (MPI standard: 3.1)
Charm++> Level of thread support used: MPI_THREAD_FUNNELED (desired: MPI_THREAD_FUNNELED)
Charm++> Running in SMP mode: 1 processes, 1 worker threads (PEs) + 1 comm threads per process, 1 PEs total
Charm++> The comm. thread both sends and receives messages
Converse/Charm++ Commit ID: v8.0.1-devel-36-g3c3086b33
CharmLB> Load balancer assumes all CPUs are same.
Charm++> cpu affinity enabled. 
Charm++> Running on 1 hosts (2 sockets x 1 cores x 1 PUs = 2-way SMP)
Charm++> cpu topology info is gathered in 0.001 seconds.
CharmLB> Load balancing instrumentation for communication is off.
Running Task Benchmark
  Configuration:
    Task Graph 1:
      Time Steps: 1000
      Max Width: 1
      Dependence Type: stencil_1d
      Radix: 3
      Period: 0
      Fraction Connected: 0.250000
      Kernel:
        Type: compute_bound
        Iterations: 128
        Samples: 16
        Imbalance: 0.000000
      Output Bytes: 16
      Scratch Bytes: 0
Time for last run: 1.232862e-03
Time for last run: 1.219988e-03
Total Tasks 1000
Total Dependencies 999
  Unable to estimate local/nonlocal dependencies
Total FLOPs 16448000
Total Bytes 0
Elapsed Time 1.219988e-03 seconds
FLOP/s 1.348210e+10
B/s 0.000000e+00
Transfer (estimated):
  Unable to estimate local/nonlocal transfer
[Partition 0][Node 0] End of program
=== system charm_old pes 1 iter 64 rep 5 ===
Charm++> Running on MPI library: MPI VERSION    : CRAY MPICH version 8.1.32.110 (ANL base 3.4a2)
MPI BUILD INFO : Thu Feb 06 22:53 2025 (git hash f9c5634)
 (MPI standard: 3.1)
Charm++> Level of thread support used: MPI_THREAD_FUNNELED (desired: MPI_THREAD_FUNNELED)
Charm++> Running in SMP mode: 1 processes, 1 worker threads (PEs) + 1 comm threads per process, 1 PEs total
Charm++> The comm. thread both sends and receives messages
Converse/Charm++ Commit ID: v8.0.1-devel-36-g3c3086b33
CharmLB> Load balancer assumes all CPUs are same.
Charm++> cpu affinity enabled. 
Charm++> Running on 1 hosts (2 sockets x 1 cores x 1 PUs = 2-way SMP)
Charm++> cpu topology info is gathered in 0.001 seconds.
CharmLB> Load balancing instrumentation for communication is off.
Running Task Benchmark
  Configuration:
    Task Graph 1:
      Time Steps: 1000
      Max Width: 1
      Dependence Type: stencil_1d
      Radix: 3
      Period: 0
      Fraction Connected: 0.250000
      Kernel:
        Type: compute_bound
        Iterations: 64
        Samples: 16
        Imbalance: 0.000000
      Output Bytes: 16
      Scratch Bytes: 0
Time for last run: 1.019001e-03
Time for last run: 9.758472e-04
Total Tasks 1000
Total Dependencies 999
  Unable to estimate local/nonlocal dependencies
Total FLOPs 8256000
Total Bytes 0
Elapsed Time 9.758472e-04 seconds
FLOP/s 8.460341e+09
B/s 0.000000e+00
Transfer (estimated):
  Unable to estimate local/nonlocal transfer
[Partition 0][Node 0] End of program
=== system charm_old pes 1 iter 32 rep 5 ===
Charm++> Running on MPI library: MPI VERSION    : CRAY MPICH version 8.1.32.110 (ANL base 3.4a2)
MPI BUILD INFO : Thu Feb 06 22:53 2025 (git hash f9c5634)
 (MPI standard: 3.1)
Charm++> Level of thread support used: MPI_THREAD_FUNNELED (desired: MPI_THREAD_FUNNELED)
Charm++> Running in SMP mode: 1 processes, 1 worker threads (PEs) + 1 comm threads per process, 1 PEs total
Charm++> The comm. thread both sends and receives messages
Converse/Charm++ Commit ID: v8.0.1-devel-36-g3c3086b33
CharmLB> Load balancer assumes all CPUs are same.
Charm++> cpu affinity enabled. 
Charm++> Running on 1 hosts (2 sockets x 1 cores x 1 PUs = 2-way SMP)
Charm++> cpu topology info is gathered in 0.001 seconds.
CharmLB> Load balancing instrumentation for communication is off.
Running Task Benchmark
  Configuration:
    Task Graph 1:
      Time Steps: 1000
      Max Width: 1
      Dependence Type: stencil_1d
      Radix: 3
      Period: 0
      Fraction Connected: 0.250000
      Kernel:
        Type: compute_bound
        Iterations: 32
        Samples: 16
        Imbalance: 0.000000
      Output Bytes: 16
      Scratch Bytes: 0
Time for last run: 8.771420e-04
Time for last run: 8.909702e-04
Total Tasks 1000
Total Dependencies 999
  Unable to estimate local/nonlocal dependencies
Total FLOPs 4160000
Total Bytes 0
Elapsed Time 8.909702e-04 seconds
FLOP/s 4.669067e+09
B/s 0.000000e+00
Transfer (estimated):
  Unable to estimate local/nonlocal transfer
[Partition 0][Node 0] End of program
=== system charm_old pes 1 iter 16 rep 5 ===
Charm++> Running on MPI library: MPI VERSION    : CRAY MPICH version 8.1.32.110 (ANL base 3.4a2)
MPI BUILD INFO : Thu Feb 06 22:53 2025 (git hash f9c5634)
 (MPI standard: 3.1)
Charm++> Level of thread support used: MPI_THREAD_FUNNELED (desired: MPI_THREAD_FUNNELED)
Charm++> Running in SMP mode: 1 processes, 1 worker threads (PEs) + 1 comm threads per process, 1 PEs total
Charm++> The comm. thread both sends and receives messages
Converse/Charm++ Commit ID: v8.0.1-devel-36-g3c3086b33
CharmLB> Load balancer assumes all CPUs are same.
Charm++> cpu affinity enabled. 
Charm++> Running on 1 hosts (2 sockets x 1 cores x 1 PUs = 2-way SMP)
Charm++> cpu topology info is gathered in 0.001 seconds.
CharmLB> Load balancing instrumentation for communication is off.
Running Task Benchmark
  Configuration:
    Task Graph 1:
      Time Steps: 1000
      Max Width: 1
      Dependence Type: stencil_1d
      Radix: 3
      Period: 0
      Fraction Connected: 0.250000
      Kernel:
        Type: compute_bound
        Iterations: 16
        Samples: 16
        Imbalance: 0.000000
      Output Bytes: 16
      Scratch Bytes: 0
Time for last run: 8.211136e-04
Time for last run: 8.211136e-04
Total Tasks 1000
Total Dependencies 999
  Unable to estimate local/nonlocal dependencies
Total FLOPs 2112000
Total Bytes 0
Elapsed Time 8.211136e-04 seconds
FLOP/s 2.572117e+09
B/s 0.000000e+00
Transfer (estimated):
  Unable to estimate local/nonlocal transfer
[Partition 0][Node 0] End of program
=== system charm_old pes 1 iter 8 rep 5 ===
Charm++> Running on MPI library: MPI VERSION    : CRAY MPICH version 8.1.32.110 (ANL base 3.4a2)
MPI BUILD INFO : Thu Feb 06 22:53 2025 (git hash f9c5634)
 (MPI standard: 3.1)
Charm++> Level of thread support used: MPI_THREAD_FUNNELED (desired: MPI_THREAD_FUNNELED)
Charm++> Running in SMP mode: 1 processes, 1 worker threads (PEs) + 1 comm threads per process, 1 PEs total
Charm++> The comm. thread both sends and receives messages
Converse/Charm++ Commit ID: v8.0.1-devel-36-g3c3086b33
CharmLB> Load balancer assumes all CPUs are same.
Charm++> cpu affinity enabled. 
Charm++> Running on 1 hosts (2 sockets x 1 cores x 1 PUs = 2-way SMP)
Charm++> cpu topology info is gathered in 0.001 seconds.
CharmLB> Load balancing instrumentation for communication is off.
Running Task Benchmark
  Configuration:
    Task Graph 1:
      Time Steps: 1000
      Max Width: 1
      Dependence Type: stencil_1d
      Radix: 3
      Period: 0
      Fraction Connected: 0.250000
      Kernel:
        Type: compute_bound
        Iterations: 8
        Samples: 16
        Imbalance: 0.000000
      Output Bytes: 16
      Scratch Bytes: 0
Time for last run: 9.880066e-04
Time for last run: 9.548664e-04
Total Tasks 1000
Total Dependencies 999
  Unable to estimate local/nonlocal dependencies
Total FLOPs 1088000
Total Bytes 0
Elapsed Time 9.548664e-04 seconds
FLOP/s 1.139426e+09
B/s 0.000000e+00
Transfer (estimated):
  Unable to estimate local/nonlocal transfer
[Partition 0][Node 0] End of program
=== system charm_old pes 1 iter 4 rep 5 ===
Charm++> Running on MPI library: MPI VERSION    : CRAY MPICH version 8.1.32.110 (ANL base 3.4a2)
MPI BUILD INFO : Thu Feb 06 22:53 2025 (git hash f9c5634)
 (MPI standard: 3.1)
Charm++> Level of thread support used: MPI_THREAD_FUNNELED (desired: MPI_THREAD_FUNNELED)
Charm++> Running in SMP mode: 1 processes, 1 worker threads (PEs) + 1 comm threads per process, 1 PEs total
Charm++> The comm. thread both sends and receives messages
Converse/Charm++ Commit ID: v8.0.1-devel-36-g3c3086b33
CharmLB> Load balancer assumes all CPUs are same.
Charm++> cpu affinity enabled. 
Charm++> Running on 1 hosts (2 sockets x 1 cores x 1 PUs = 2-way SMP)
Charm++> cpu topology info is gathered in 0.001 seconds.
CharmLB> Load balancing instrumentation for communication is off.
Running Task Benchmark
  Configuration:
    Task Graph 1:
      Time Steps: 1000
      Max Width: 1
      Dependence Type: stencil_1d
      Radix: 3
      Period: 0
      Fraction Connected: 0.250000
      Kernel:
        Type: compute_bound
        Iterations: 4
        Samples: 16
        Imbalance: 0.000000
      Output Bytes: 16
      Scratch Bytes: 0
Time for last run: 7.789135e-04
Time for last run: 7.841587e-04
Total Tasks 1000
Total Dependencies 999
  Unable to estimate local/nonlocal dependencies
Total FLOPs 576000
Total Bytes 0
Elapsed Time 7.841587e-04 seconds
FLOP/s 7.345452e+08
B/s 0.000000e+00
Transfer (estimated):
  Unable to estimate local/nonlocal transfer
[Partition 0][Node 0] End of program
=== system charm_old pes 1 iter 2 rep 5 ===
Charm++> Running on MPI library: MPI VERSION    : CRAY MPICH version 8.1.32.110 (ANL base 3.4a2)
MPI BUILD INFO : Thu Feb 06 22:53 2025 (git hash f9c5634)
 (MPI standard: 3.1)
Charm++> Level of thread support used: MPI_THREAD_FUNNELED (desired: MPI_THREAD_FUNNELED)
Charm++> Running in SMP mode: 1 processes, 1 worker threads (PEs) + 1 comm threads per process, 1 PEs total
Charm++> The comm. thread both sends and receives messages
Converse/Charm++ Commit ID: v8.0.1-devel-36-g3c3086b33
CharmLB> Load balancer assumes all CPUs are same.
Charm++> cpu affinity enabled. 
Charm++> Running on 1 hosts (2 sockets x 1 cores x 1 PUs = 2-way SMP)
Charm++> cpu topology info is gathered in 0.001 seconds.
CharmLB> Load balancing instrumentation for communication is off.
Running Task Benchmark
  Configuration:
    Task Graph 1:
      Time Steps: 1000
      Max Width: 1
      Dependence Type: stencil_1d
      Radix: 3
      Period: 0
      Fraction Connected: 0.250000
      Kernel:
        Type: compute_bound
        Iterations: 2
        Samples: 16
        Imbalance: 0.000000
      Output Bytes: 16
      Scratch Bytes: 0
Time for last run: 1.008034e-03
Time for last run: 9.930134e-04
Total Tasks 1000
Total Dependencies 999
  Unable to estimate local/nonlocal dependencies
Total FLOPs 320000
Total Bytes 0
Elapsed Time 9.930134e-04 seconds
FLOP/s 3.222514e+08
B/s 0.000000e+00
Transfer (estimated):
  Unable to estimate local/nonlocal transfer
[Partition 0][Node 0] End of program
