=== system charm_old pes 2 iter 16384 rep 1 ===
Charm++> Running on MPI library: MPI VERSION    : CRAY MPICH version 8.1.32.110 (ANL base 3.4a2)
MPI BUILD INFO : Thu Feb 06 22:53 2025 (git hash f9c5634)
 (MPI standard: 3.1)
Charm++> Level of thread support used: MPI_THREAD_FUNNELED (desired: MPI_THREAD_FUNNELED)
Charm++> Running in SMP mode: 1 processes, 2 worker threads (PEs) + 1 comm threads per process, 2 PEs total
Charm++> The comm. thread both sends and receives messages
Converse/Charm++ Commit ID: v8.0.1-devel-36-g3c3086b33
CharmLB> Load balancer assumes all CPUs are same.
Charm++> cpu affinity enabled. 
Charm++> Running on 1 hosts (2 sockets x 1 cores x 1 PUs = 3-way SMP)
Charm++> cpu topology info is gathered in 0.001 seconds.
CharmLB> Load balancing instrumentation for communication is off.
Running Task Benchmark
  Configuration:
    Task Graph 1:
      Time Steps: 1000
      Max Width: 2
      Dependence Type: stencil_1d
      Radix: 3
      Period: 0
      Fraction Connected: 0.250000
      Kernel:
        Type: compute_bound
        Iterations: 16384
        Samples: 16
        Imbalance: 0.000000
      Output Bytes: 16
      Scratch Bytes: 0
Time for last run: 7.249188e-02
Time for last run: 7.250094e-02
Total Tasks 2000
Total Dependencies 3996
  Unable to estimate local/nonlocal dependencies
Total FLOPs 4194432000
Total Bytes 0
Elapsed Time 7.250094e-02 seconds
FLOP/s 5.785348e+10
B/s 0.000000e+00
Transfer (estimated):
  Unable to estimate local/nonlocal transfer
[Partition 0][Node 0] End of program
=== system charm_old pes 2 iter 8192 rep 1 ===
Charm++> Running on MPI library: MPI VERSION    : CRAY MPICH version 8.1.32.110 (ANL base 3.4a2)
MPI BUILD INFO : Thu Feb 06 22:53 2025 (git hash f9c5634)
 (MPI standard: 3.1)
Charm++> Level of thread support used: MPI_THREAD_FUNNELED (desired: MPI_THREAD_FUNNELED)
Charm++> Running in SMP mode: 1 processes, 2 worker threads (PEs) + 1 comm threads per process, 2 PEs total
Charm++> The comm. thread both sends and receives messages
Converse/Charm++ Commit ID: v8.0.1-devel-36-g3c3086b33
CharmLB> Load balancer assumes all CPUs are same.
Charm++> cpu affinity enabled. 
Charm++> Running on 1 hosts (2 sockets x 1 cores x 1 PUs = 3-way SMP)
Charm++> cpu topology info is gathered in 0.001 seconds.
CharmLB> Load balancing instrumentation for communication is off.
Running Task Benchmark
  Configuration:
    Task Graph 1:
      Time Steps: 1000
      Max Width: 2
      Dependence Type: stencil_1d
      Radix: 3
      Period: 0
      Fraction Connected: 0.250000
      Kernel:
        Type: compute_bound
        Iterations: 8192
        Samples: 16
        Imbalance: 0.000000
      Output Bytes: 16
      Scratch Bytes: 0
Time for last run: 3.868794e-02
Time for last run: 3.848004e-02
Total Tasks 2000
Total Dependencies 3996
  Unable to estimate local/nonlocal dependencies
Total FLOPs 2097280000
Total Bytes 0
Elapsed Time 3.848004e-02 seconds
FLOP/s 5.450306e+10
B/s 0.000000e+00
Transfer (estimated):
  Unable to estimate local/nonlocal transfer
[Partition 0][Node 0] End of program
=== system charm_old pes 2 iter 4096 rep 1 ===
Charm++> Running on MPI library: MPI VERSION    : CRAY MPICH version 8.1.32.110 (ANL base 3.4a2)
MPI BUILD INFO : Thu Feb 06 22:53 2025 (git hash f9c5634)
 (MPI standard: 3.1)
Charm++> Level of thread support used: MPI_THREAD_FUNNELED (desired: MPI_THREAD_FUNNELED)
Charm++> Running in SMP mode: 1 processes, 2 worker threads (PEs) + 1 comm threads per process, 2 PEs total
Charm++> The comm. thread both sends and receives messages
Converse/Charm++ Commit ID: v8.0.1-devel-36-g3c3086b33
CharmLB> Load balancer assumes all CPUs are same.
Charm++> cpu affinity enabled. 
Charm++> Running on 1 hosts (2 sockets x 1 cores x 1 PUs = 3-way SMP)
Charm++> cpu topology info is gathered in 0.001 seconds.
CharmLB> Load balancing instrumentation for communication is off.
Running Task Benchmark
  Configuration:
    Task Graph 1:
      Time Steps: 1000
      Max Width: 2
      Dependence Type: stencil_1d
      Radix: 3
      Period: 0
      Fraction Connected: 0.250000
      Kernel:
        Type: compute_bound
        Iterations: 4096
        Samples: 16
        Imbalance: 0.000000
      Output Bytes: 16
      Scratch Bytes: 0
Time for last run: 2.257013e-02
Time for last run: 2.242398e-02
Total Tasks 2000
Total Dependencies 3996
  Unable to estimate local/nonlocal dependencies
Total FLOPs 1048704000
Total Bytes 0
Elapsed Time 2.242398e-02 seconds
FLOP/s 4.676707e+10
B/s 0.000000e+00
Transfer (estimated):
  Unable to estimate local/nonlocal transfer
[Partition 0][Node 0] End of program
=== system charm_old pes 2 iter 2048 rep 1 ===
Charm++> Running on MPI library: MPI VERSION    : CRAY MPICH version 8.1.32.110 (ANL base 3.4a2)
MPI BUILD INFO : Thu Feb 06 22:53 2025 (git hash f9c5634)
 (MPI standard: 3.1)
Charm++> Level of thread support used: MPI_THREAD_FUNNELED (desired: MPI_THREAD_FUNNELED)
Charm++> Running in SMP mode: 1 processes, 2 worker threads (PEs) + 1 comm threads per process, 2 PEs total
Charm++> The comm. thread both sends and receives messages
Converse/Charm++ Commit ID: v8.0.1-devel-36-g3c3086b33
CharmLB> Load balancer assumes all CPUs are same.
Charm++> cpu affinity enabled. 
Charm++> Running on 1 hosts (2 sockets x 1 cores x 1 PUs = 3-way SMP)
Charm++> cpu topology info is gathered in 0.001 seconds.
CharmLB> Load balancing instrumentation for communication is off.
Running Task Benchmark
  Configuration:
    Task Graph 1:
      Time Steps: 1000
      Max Width: 2
      Dependence Type: stencil_1d
      Radix: 3
      Period: 0
      Fraction Connected: 0.250000
      Kernel:
        Type: compute_bound
        Iterations: 2048
        Samples: 16
        Imbalance: 0.000000
      Output Bytes: 16
      Scratch Bytes: 0
Time for last run: 1.489687e-02
Time for last run: 1.443410e-02
Total Tasks 2000
Total Dependencies 3996
  Unable to estimate local/nonlocal dependencies
Total FLOPs 524416000
Total Bytes 0
Elapsed Time 1.443410e-02 seconds
FLOP/s 3.633174e+10
B/s 0.000000e+00
Transfer (estimated):
  Unable to estimate local/nonlocal transfer
[Partition 0][Node 0] End of program
=== system charm_old pes 2 iter 1024 rep 1 ===
Charm++> Running on MPI library: MPI VERSION    : CRAY MPICH version 8.1.32.110 (ANL base 3.4a2)
MPI BUILD INFO : Thu Feb 06 22:53 2025 (git hash f9c5634)
 (MPI standard: 3.1)
Charm++> Level of thread support used: MPI_THREAD_FUNNELED (desired: MPI_THREAD_FUNNELED)
Charm++> Running in SMP mode: 1 processes, 2 worker threads (PEs) + 1 comm threads per process, 2 PEs total
Charm++> The comm. thread both sends and receives messages
Converse/Charm++ Commit ID: v8.0.1-devel-36-g3c3086b33
CharmLB> Load balancer assumes all CPUs are same.
Charm++> cpu affinity enabled. 
Charm++> Running on 1 hosts (2 sockets x 1 cores x 1 PUs = 3-way SMP)
Charm++> cpu topology info is gathered in 0.001 seconds.
CharmLB> Load balancing instrumentation for communication is off.
Running Task Benchmark
  Configuration:
    Task Graph 1:
      Time Steps: 1000
      Max Width: 2
      Dependence Type: stencil_1d
      Radix: 3
      Period: 0
      Fraction Connected: 0.250000
      Kernel:
        Type: compute_bound
        Iterations: 1024
        Samples: 16
        Imbalance: 0.000000
      Output Bytes: 16
      Scratch Bytes: 0
Time for last run: 1.312304e-02
Time for last run: 1.328897e-02
Total Tasks 2000
Total Dependencies 3996
  Unable to estimate local/nonlocal dependencies
Total FLOPs 262272000
Total Bytes 0
Elapsed Time 1.328897e-02 seconds
FLOP/s 1.973606e+10
B/s 0.000000e+00
Transfer (estimated):
  Unable to estimate local/nonlocal transfer
[Partition 0][Node 0] End of program
=== system charm_old pes 2 iter 512 rep 1 ===
Charm++> Running on MPI library: MPI VERSION    : CRAY MPICH version 8.1.32.110 (ANL base 3.4a2)
MPI BUILD INFO : Thu Feb 06 22:53 2025 (git hash f9c5634)
 (MPI standard: 3.1)
Charm++> Level of thread support used: MPI_THREAD_FUNNELED (desired: MPI_THREAD_FUNNELED)
Charm++> Running in SMP mode: 1 processes, 2 worker threads (PEs) + 1 comm threads per process, 2 PEs total
Charm++> The comm. thread both sends and receives messages
Converse/Charm++ Commit ID: v8.0.1-devel-36-g3c3086b33
CharmLB> Load balancer assumes all CPUs are same.
Charm++> cpu affinity enabled. 
Charm++> Running on 1 hosts (2 sockets x 1 cores x 1 PUs = 3-way SMP)
Charm++> cpu topology info is gathered in 0.001 seconds.
CharmLB> Load balancing instrumentation for communication is off.
Running Task Benchmark
  Configuration:
    Task Graph 1:
      Time Steps: 1000
      Max Width: 2
      Dependence Type: stencil_1d
      Radix: 3
      Period: 0
      Fraction Connected: 0.250000
      Kernel:
        Type: compute_bound
        Iterations: 512
        Samples: 16
        Imbalance: 0.000000
      Output Bytes: 16
      Scratch Bytes: 0
Time for last run: 9.424925e-03
Time for last run: 9.745836e-03
Total Tasks 2000
Total Dependencies 3996
  Unable to estimate local/nonlocal dependencies
Total FLOPs 131200000
Total Bytes 0
Elapsed Time 9.745836e-03 seconds
FLOP/s 1.346216e+10
B/s 0.000000e+00
Transfer (estimated):
  Unable to estimate local/nonlocal transfer
[Partition 0][Node 0] End of program
=== system charm_old pes 2 iter 256 rep 1 ===
Charm++> Running on MPI library: MPI VERSION    : CRAY MPICH version 8.1.32.110 (ANL base 3.4a2)
MPI BUILD INFO : Thu Feb 06 22:53 2025 (git hash f9c5634)
 (MPI standard: 3.1)
Charm++> Level of thread support used: MPI_THREAD_FUNNELED (desired: MPI_THREAD_FUNNELED)
Charm++> Running in SMP mode: 1 processes, 2 worker threads (PEs) + 1 comm threads per process, 2 PEs total
Charm++> The comm. thread both sends and receives messages
Converse/Charm++ Commit ID: v8.0.1-devel-36-g3c3086b33
CharmLB> Load balancer assumes all CPUs are same.
Charm++> cpu affinity enabled. 
Charm++> Running on 1 hosts (2 sockets x 1 cores x 1 PUs = 3-way SMP)
Charm++> cpu topology info is gathered in 0.001 seconds.
CharmLB> Load balancing instrumentation for communication is off.
Running Task Benchmark
  Configuration:
    Task Graph 1:
      Time Steps: 1000
      Max Width: 2
      Dependence Type: stencil_1d
      Radix: 3
      Period: 0
      Fraction Connected: 0.250000
      Kernel:
        Type: compute_bound
        Iterations: 256
        Samples: 16
        Imbalance: 0.000000
      Output Bytes: 16
      Scratch Bytes: 0
Time for last run: 9.009123e-03
Time for last run: 9.053946e-03
Total Tasks 2000
Total Dependencies 3996
  Unable to estimate local/nonlocal dependencies
Total FLOPs 65664000
Total Bytes 0
Elapsed Time 9.053946e-03 seconds
FLOP/s 7.252529e+09
B/s 0.000000e+00
Transfer (estimated):
  Unable to estimate local/nonlocal transfer
[Partition 0][Node 0] End of program
=== system charm_old pes 2 iter 128 rep 1 ===
Charm++> Running on MPI library: MPI VERSION    : CRAY MPICH version 8.1.32.110 (ANL base 3.4a2)
MPI BUILD INFO : Thu Feb 06 22:53 2025 (git hash f9c5634)
 (MPI standard: 3.1)
Charm++> Level of thread support used: MPI_THREAD_FUNNELED (desired: MPI_THREAD_FUNNELED)
Charm++> Running in SMP mode: 1 processes, 2 worker threads (PEs) + 1 comm threads per process, 2 PEs total
Charm++> The comm. thread both sends and receives messages
Converse/Charm++ Commit ID: v8.0.1-devel-36-g3c3086b33
CharmLB> Load balancer assumes all CPUs are same.
Charm++> cpu affinity enabled. 
Charm++> Running on 1 hosts (2 sockets x 1 cores x 1 PUs = 3-way SMP)
Charm++> cpu topology info is gathered in 0.001 seconds.
CharmLB> Load balancing instrumentation for communication is off.
Running Task Benchmark
  Configuration:
    Task Graph 1:
      Time Steps: 1000
      Max Width: 2
      Dependence Type: stencil_1d
      Radix: 3
      Period: 0
      Fraction Connected: 0.250000
      Kernel:
        Type: compute_bound
        Iterations: 128
        Samples: 16
        Imbalance: 0.000000
      Output Bytes: 16
      Scratch Bytes: 0
Time for last run: 7.749081e-03
Time for last run: 7.762909e-03
Total Tasks 2000
Total Dependencies 3996
  Unable to estimate local/nonlocal dependencies
Total FLOPs 32896000
Total Bytes 0
Elapsed Time 7.762909e-03 seconds
FLOP/s 4.237587e+09
B/s 0.000000e+00
Transfer (estimated):
  Unable to estimate local/nonlocal transfer
[Partition 0][Node 0] End of program
=== system charm_old pes 2 iter 64 rep 1 ===
Charm++> Running on MPI library: MPI VERSION    : CRAY MPICH version 8.1.32.110 (ANL base 3.4a2)
MPI BUILD INFO : Thu Feb 06 22:53 2025 (git hash f9c5634)
 (MPI standard: 3.1)
Charm++> Level of thread support used: MPI_THREAD_FUNNELED (desired: MPI_THREAD_FUNNELED)
Charm++> Running in SMP mode: 1 processes, 2 worker threads (PEs) + 1 comm threads per process, 2 PEs total
Charm++> The comm. thread both sends and receives messages
Converse/Charm++ Commit ID: v8.0.1-devel-36-g3c3086b33
CharmLB> Load balancer assumes all CPUs are same.
Charm++> cpu affinity enabled. 
Charm++> Running on 1 hosts (2 sockets x 1 cores x 1 PUs = 3-way SMP)
Charm++> cpu topology info is gathered in 0.001 seconds.
CharmLB> Load balancing instrumentation for communication is off.
Running Task Benchmark
  Configuration:
    Task Graph 1:
      Time Steps: 1000
      Max Width: 2
      Dependence Type: stencil_1d
      Radix: 3
      Period: 0
      Fraction Connected: 0.250000
      Kernel:
        Type: compute_bound
        Iterations: 64
        Samples: 16
        Imbalance: 0.000000
      Output Bytes: 16
      Scratch Bytes: 0
Time for last run: 8.069992e-03
Time for last run: 8.316994e-03
Total Tasks 2000
Total Dependencies 3996
  Unable to estimate local/nonlocal dependencies
Total FLOPs 16512000
Total Bytes 0
Elapsed Time 8.316994e-03 seconds
FLOP/s 1.985333e+09
B/s 0.000000e+00
Transfer (estimated):
  Unable to estimate local/nonlocal transfer
[Partition 0][Node 0] End of program
=== system charm_old pes 2 iter 32 rep 1 ===
Charm++> Running on MPI library: MPI VERSION    : CRAY MPICH version 8.1.32.110 (ANL base 3.4a2)
MPI BUILD INFO : Thu Feb 06 22:53 2025 (git hash f9c5634)
 (MPI standard: 3.1)
Charm++> Level of thread support used: MPI_THREAD_FUNNELED (desired: MPI_THREAD_FUNNELED)
Charm++> Running in SMP mode: 1 processes, 2 worker threads (PEs) + 1 comm threads per process, 2 PEs total
Charm++> The comm. thread both sends and receives messages
Converse/Charm++ Commit ID: v8.0.1-devel-36-g3c3086b33
CharmLB> Load balancer assumes all CPUs are same.
Charm++> cpu affinity enabled. 
Charm++> Running on 1 hosts (2 sockets x 1 cores x 1 PUs = 3-way SMP)
Charm++> cpu topology info is gathered in 0.001 seconds.
CharmLB> Load balancing instrumentation for communication is off.
Running Task Benchmark
  Configuration:
    Task Graph 1:
      Time Steps: 1000
      Max Width: 2
      Dependence Type: stencil_1d
      Radix: 3
      Period: 0
      Fraction Connected: 0.250000
      Kernel:
        Type: compute_bound
        Iterations: 32
        Samples: 16
        Imbalance: 0.000000
      Output Bytes: 16
      Scratch Bytes: 0
Time for last run: 7.367134e-03
Time for last run: 7.403135e-03
Total Tasks 2000
Total Dependencies 3996
  Unable to estimate local/nonlocal dependencies
Total FLOPs 8320000
Total Bytes 0
Elapsed Time 7.403135e-03 seconds
FLOP/s 1.123848e+09
B/s 0.000000e+00
Transfer (estimated):
  Unable to estimate local/nonlocal transfer
[Partition 0][Node 0] End of program
=== system charm_old pes 2 iter 16 rep 1 ===
Charm++> Running on MPI library: MPI VERSION    : CRAY MPICH version 8.1.32.110 (ANL base 3.4a2)
MPI BUILD INFO : Thu Feb 06 22:53 2025 (git hash f9c5634)
 (MPI standard: 3.1)
Charm++> Level of thread support used: MPI_THREAD_FUNNELED (desired: MPI_THREAD_FUNNELED)
Charm++> Running in SMP mode: 1 processes, 2 worker threads (PEs) + 1 comm threads per process, 2 PEs total
Charm++> The comm. thread both sends and receives messages
Converse/Charm++ Commit ID: v8.0.1-devel-36-g3c3086b33
CharmLB> Load balancer assumes all CPUs are same.
Charm++> cpu affinity enabled. 
Charm++> Running on 1 hosts (2 sockets x 1 cores x 1 PUs = 3-way SMP)
Charm++> cpu topology info is gathered in 0.001 seconds.
CharmLB> Load balancing instrumentation for communication is off.
Running Task Benchmark
  Configuration:
    Task Graph 1:
      Time Steps: 1000
      Max Width: 2
      Dependence Type: stencil_1d
      Radix: 3
      Period: 0
      Fraction Connected: 0.250000
      Kernel:
        Type: compute_bound
        Iterations: 16
        Samples: 16
        Imbalance: 0.000000
      Output Bytes: 16
      Scratch Bytes: 0
Time for last run: 7.828951e-03
Time for last run: 7.819891e-03
Total Tasks 2000
Total Dependencies 3996
  Unable to estimate local/nonlocal dependencies
Total FLOPs 4224000
Total Bytes 0
Elapsed Time 7.819891e-03 seconds
FLOP/s 5.401610e+08
B/s 0.000000e+00
Transfer (estimated):
  Unable to estimate local/nonlocal transfer
[Partition 0][Node 0] End of program
=== system charm_old pes 2 iter 8 rep 1 ===
Charm++> Running on MPI library: MPI VERSION    : CRAY MPICH version 8.1.32.110 (ANL base 3.4a2)
MPI BUILD INFO : Thu Feb 06 22:53 2025 (git hash f9c5634)
 (MPI standard: 3.1)
Charm++> Level of thread support used: MPI_THREAD_FUNNELED (desired: MPI_THREAD_FUNNELED)
Charm++> Running in SMP mode: 1 processes, 2 worker threads (PEs) + 1 comm threads per process, 2 PEs total
Charm++> The comm. thread both sends and receives messages
Converse/Charm++ Commit ID: v8.0.1-devel-36-g3c3086b33
CharmLB> Load balancer assumes all CPUs are same.
Charm++> cpu affinity enabled. 
Charm++> Running on 1 hosts (2 sockets x 1 cores x 1 PUs = 3-way SMP)
Charm++> cpu topology info is gathered in 0.001 seconds.
CharmLB> Load balancing instrumentation for communication is off.
Running Task Benchmark
  Configuration:
    Task Graph 1:
      Time Steps: 1000
      Max Width: 2
      Dependence Type: stencil_1d
      Radix: 3
      Period: 0
      Fraction Connected: 0.250000
      Kernel:
        Type: compute_bound
        Iterations: 8
        Samples: 16
        Imbalance: 0.000000
      Output Bytes: 16
      Scratch Bytes: 0
Time for last run: 7.848978e-03
Time for last run: 7.817984e-03
Total Tasks 2000
Total Dependencies 3996
  Unable to estimate local/nonlocal dependencies
Total FLOPs 2176000
Total Bytes 0
Elapsed Time 7.817984e-03 seconds
FLOP/s 2.783326e+08
B/s 0.000000e+00
Transfer (estimated):
  Unable to estimate local/nonlocal transfer
[Partition 0][Node 0] End of program
=== system charm_old pes 2 iter 4 rep 1 ===
Charm++> Running on MPI library: MPI VERSION    : CRAY MPICH version 8.1.32.110 (ANL base 3.4a2)
MPI BUILD INFO : Thu Feb 06 22:53 2025 (git hash f9c5634)
 (MPI standard: 3.1)
Charm++> Level of thread support used: MPI_THREAD_FUNNELED (desired: MPI_THREAD_FUNNELED)
Charm++> Running in SMP mode: 1 processes, 2 worker threads (PEs) + 1 comm threads per process, 2 PEs total
Charm++> The comm. thread both sends and receives messages
Converse/Charm++ Commit ID: v8.0.1-devel-36-g3c3086b33
CharmLB> Load balancer assumes all CPUs are same.
Charm++> cpu affinity enabled. 
Charm++> Running on 1 hosts (2 sockets x 1 cores x 1 PUs = 3-way SMP)
Charm++> cpu topology info is gathered in 0.001 seconds.
CharmLB> Load balancing instrumentation for communication is off.
Running Task Benchmark
  Configuration:
    Task Graph 1:
      Time Steps: 1000
      Max Width: 2
      Dependence Type: stencil_1d
      Radix: 3
      Period: 0
      Fraction Connected: 0.250000
      Kernel:
        Type: compute_bound
        Iterations: 4
        Samples: 16
        Imbalance: 0.000000
      Output Bytes: 16
      Scratch Bytes: 0
Time for last run: 8.088827e-03
Time for last run: 7.810831e-03
Total Tasks 2000
Total Dependencies 3996
  Unable to estimate local/nonlocal dependencies
Total FLOPs 1152000
Total Bytes 0
Elapsed Time 7.810831e-03 seconds
FLOP/s 1.474875e+08
B/s 0.000000e+00
Transfer (estimated):
  Unable to estimate local/nonlocal transfer
[Partition 0][Node 0] End of program
=== system charm_old pes 2 iter 2 rep 1 ===
Charm++> Running on MPI library: MPI VERSION    : CRAY MPICH version 8.1.32.110 (ANL base 3.4a2)
MPI BUILD INFO : Thu Feb 06 22:53 2025 (git hash f9c5634)
 (MPI standard: 3.1)
Charm++> Level of thread support used: MPI_THREAD_FUNNELED (desired: MPI_THREAD_FUNNELED)
Charm++> Running in SMP mode: 1 processes, 2 worker threads (PEs) + 1 comm threads per process, 2 PEs total
Charm++> The comm. thread both sends and receives messages
Converse/Charm++ Commit ID: v8.0.1-devel-36-g3c3086b33
CharmLB> Load balancer assumes all CPUs are same.
Charm++> cpu affinity enabled. 
Charm++> Running on 1 hosts (2 sockets x 1 cores x 1 PUs = 3-way SMP)
Charm++> cpu topology info is gathered in 0.001 seconds.
CharmLB> Load balancing instrumentation for communication is off.
Running Task Benchmark
  Configuration:
    Task Graph 1:
      Time Steps: 1000
      Max Width: 2
      Dependence Type: stencil_1d
      Radix: 3
      Period: 0
      Fraction Connected: 0.250000
      Kernel:
        Type: compute_bound
        Iterations: 2
        Samples: 16
        Imbalance: 0.000000
      Output Bytes: 16
      Scratch Bytes: 0
Time for last run: 7.837057e-03
Time for last run: 8.032084e-03
Total Tasks 2000
Total Dependencies 3996
  Unable to estimate local/nonlocal dependencies
Total FLOPs 640000
Total Bytes 0
Elapsed Time 8.032084e-03 seconds
FLOP/s 7.968045e+07
B/s 0.000000e+00
Transfer (estimated):
  Unable to estimate local/nonlocal transfer
[Partition 0][Node 0] End of program
=== system charm_old pes 2 iter 16384 rep 2 ===
Charm++> Running on MPI library: MPI VERSION    : CRAY MPICH version 8.1.32.110 (ANL base 3.4a2)
MPI BUILD INFO : Thu Feb 06 22:53 2025 (git hash f9c5634)
 (MPI standard: 3.1)
Charm++> Level of thread support used: MPI_THREAD_FUNNELED (desired: MPI_THREAD_FUNNELED)
Charm++> Running in SMP mode: 1 processes, 2 worker threads (PEs) + 1 comm threads per process, 2 PEs total
Charm++> The comm. thread both sends and receives messages
Converse/Charm++ Commit ID: v8.0.1-devel-36-g3c3086b33
CharmLB> Load balancer assumes all CPUs are same.
Charm++> cpu affinity enabled. 
Charm++> Running on 1 hosts (2 sockets x 1 cores x 1 PUs = 3-way SMP)
Charm++> cpu topology info is gathered in 0.001 seconds.
CharmLB> Load balancing instrumentation for communication is off.
Running Task Benchmark
  Configuration:
    Task Graph 1:
      Time Steps: 1000
      Max Width: 2
      Dependence Type: stencil_1d
      Radix: 3
      Period: 0
      Fraction Connected: 0.250000
      Kernel:
        Type: compute_bound
        Iterations: 16384
        Samples: 16
        Imbalance: 0.000000
      Output Bytes: 16
      Scratch Bytes: 0
Time for last run: 7.222700e-02
Time for last run: 7.218504e-02
Total Tasks 2000
Total Dependencies 3996
  Unable to estimate local/nonlocal dependencies
Total FLOPs 4194432000
Total Bytes 0
Elapsed Time 7.218504e-02 seconds
FLOP/s 5.810667e+10
B/s 0.000000e+00
Transfer (estimated):
  Unable to estimate local/nonlocal transfer
[Partition 0][Node 0] End of program
=== system charm_old pes 2 iter 8192 rep 2 ===
Charm++> Running on MPI library: MPI VERSION    : CRAY MPICH version 8.1.32.110 (ANL base 3.4a2)
MPI BUILD INFO : Thu Feb 06 22:53 2025 (git hash f9c5634)
 (MPI standard: 3.1)
Charm++> Level of thread support used: MPI_THREAD_FUNNELED (desired: MPI_THREAD_FUNNELED)
Charm++> Running in SMP mode: 1 processes, 2 worker threads (PEs) + 1 comm threads per process, 2 PEs total
Charm++> The comm. thread both sends and receives messages
Converse/Charm++ Commit ID: v8.0.1-devel-36-g3c3086b33
CharmLB> Load balancer assumes all CPUs are same.
Charm++> cpu affinity enabled. 
Charm++> Running on 1 hosts (2 sockets x 1 cores x 1 PUs = 3-way SMP)
Charm++> cpu topology info is gathered in 0.001 seconds.
CharmLB> Load balancing instrumentation for communication is off.
Running Task Benchmark
  Configuration:
    Task Graph 1:
      Time Steps: 1000
      Max Width: 2
      Dependence Type: stencil_1d
      Radix: 3
      Period: 0
      Fraction Connected: 0.250000
      Kernel:
        Type: compute_bound
        Iterations: 8192
        Samples: 16
        Imbalance: 0.000000
      Output Bytes: 16
      Scratch Bytes: 0
Time for last run: 3.866601e-02
Time for last run: 3.855205e-02
Total Tasks 2000
Total Dependencies 3996
  Unable to estimate local/nonlocal dependencies
Total FLOPs 2097280000
Total Bytes 0
Elapsed Time 3.855205e-02 seconds
FLOP/s 5.440126e+10
B/s 0.000000e+00
Transfer (estimated):
  Unable to estimate local/nonlocal transfer
[Partition 0][Node 0] End of program
=== system charm_old pes 2 iter 4096 rep 2 ===
Charm++> Running on MPI library: MPI VERSION    : CRAY MPICH version 8.1.32.110 (ANL base 3.4a2)
MPI BUILD INFO : Thu Feb 06 22:53 2025 (git hash f9c5634)
 (MPI standard: 3.1)
Charm++> Level of thread support used: MPI_THREAD_FUNNELED (desired: MPI_THREAD_FUNNELED)
Charm++> Running in SMP mode: 1 processes, 2 worker threads (PEs) + 1 comm threads per process, 2 PEs total
Charm++> The comm. thread both sends and receives messages
Converse/Charm++ Commit ID: v8.0.1-devel-36-g3c3086b33
CharmLB> Load balancer assumes all CPUs are same.
Charm++> cpu affinity enabled. 
Charm++> Running on 1 hosts (2 sockets x 1 cores x 1 PUs = 3-way SMP)
Charm++> cpu topology info is gathered in 0.001 seconds.
CharmLB> Load balancing instrumentation for communication is off.
Running Task Benchmark
  Configuration:
    Task Graph 1:
      Time Steps: 1000
      Max Width: 2
      Dependence Type: stencil_1d
      Radix: 3
      Period: 0
      Fraction Connected: 0.250000
      Kernel:
        Type: compute_bound
        Iterations: 4096
        Samples: 16
        Imbalance: 0.000000
      Output Bytes: 16
      Scratch Bytes: 0
Time for last run: 2.251005e-02
Time for last run: 2.235198e-02
Total Tasks 2000
Total Dependencies 3996
  Unable to estimate local/nonlocal dependencies
Total FLOPs 1048704000
Total Bytes 0
Elapsed Time 2.235198e-02 seconds
FLOP/s 4.691772e+10
B/s 0.000000e+00
Transfer (estimated):
  Unable to estimate local/nonlocal transfer
[Partition 0][Node 0] End of program
=== system charm_old pes 2 iter 2048 rep 2 ===
Charm++> Running on MPI library: MPI VERSION    : CRAY MPICH version 8.1.32.110 (ANL base 3.4a2)
MPI BUILD INFO : Thu Feb 06 22:53 2025 (git hash f9c5634)
 (MPI standard: 3.1)
Charm++> Level of thread support used: MPI_THREAD_FUNNELED (desired: MPI_THREAD_FUNNELED)
Charm++> Running in SMP mode: 1 processes, 2 worker threads (PEs) + 1 comm threads per process, 2 PEs total
Charm++> The comm. thread both sends and receives messages
Converse/Charm++ Commit ID: v8.0.1-devel-36-g3c3086b33
CharmLB> Load balancer assumes all CPUs are same.
Charm++> cpu affinity enabled. 
Charm++> Running on 1 hosts (2 sockets x 1 cores x 1 PUs = 3-way SMP)
Charm++> cpu topology info is gathered in 0.001 seconds.
CharmLB> Load balancing instrumentation for communication is off.
Running Task Benchmark
  Configuration:
    Task Graph 1:
      Time Steps: 1000
      Max Width: 2
      Dependence Type: stencil_1d
      Radix: 3
      Period: 0
      Fraction Connected: 0.250000
      Kernel:
        Type: compute_bound
        Iterations: 2048
        Samples: 16
        Imbalance: 0.000000
      Output Bytes: 16
      Scratch Bytes: 0
Time for last run: 1.464701e-02
Time for last run: 1.449513e-02
Total Tasks 2000
Total Dependencies 3996
  Unable to estimate local/nonlocal dependencies
Total FLOPs 524416000
Total Bytes 0
Elapsed Time 1.449513e-02 seconds
FLOP/s 3.617876e+10
B/s 0.000000e+00
Transfer (estimated):
  Unable to estimate local/nonlocal transfer
[Partition 0][Node 0] End of program
=== system charm_old pes 2 iter 1024 rep 2 ===
Charm++> Running on MPI library: MPI VERSION    : CRAY MPICH version 8.1.32.110 (ANL base 3.4a2)
MPI BUILD INFO : Thu Feb 06 22:53 2025 (git hash f9c5634)
 (MPI standard: 3.1)
Charm++> Level of thread support used: MPI_THREAD_FUNNELED (desired: MPI_THREAD_FUNNELED)
Charm++> Running in SMP mode: 1 processes, 2 worker threads (PEs) + 1 comm threads per process, 2 PEs total
Charm++> The comm. thread both sends and receives messages
Converse/Charm++ Commit ID: v8.0.1-devel-36-g3c3086b33
CharmLB> Load balancer assumes all CPUs are same.
Charm++> cpu affinity enabled. 
Charm++> Running on 1 hosts (2 sockets x 1 cores x 1 PUs = 3-way SMP)
Charm++> cpu topology info is gathered in 0.001 seconds.
CharmLB> Load balancing instrumentation for communication is off.
Running Task Benchmark
  Configuration:
    Task Graph 1:
      Time Steps: 1000
      Max Width: 2
      Dependence Type: stencil_1d
      Radix: 3
      Period: 0
      Fraction Connected: 0.250000
      Kernel:
        Type: compute_bound
        Iterations: 1024
        Samples: 16
        Imbalance: 0.000000
      Output Bytes: 16
      Scratch Bytes: 0
Time for last run: 1.075101e-02
Time for last run: 1.083922e-02
Total Tasks 2000
Total Dependencies 3996
  Unable to estimate local/nonlocal dependencies
Total FLOPs 262272000
Total Bytes 0
Elapsed Time 1.083922e-02 seconds
FLOP/s 2.419657e+10
B/s 0.000000e+00
Transfer (estimated):
  Unable to estimate local/nonlocal transfer
[Partition 0][Node 0] End of program
=== system charm_old pes 2 iter 512 rep 2 ===
Charm++> Running on MPI library: MPI VERSION    : CRAY MPICH version 8.1.32.110 (ANL base 3.4a2)
MPI BUILD INFO : Thu Feb 06 22:53 2025 (git hash f9c5634)
 (MPI standard: 3.1)
Charm++> Level of thread support used: MPI_THREAD_FUNNELED (desired: MPI_THREAD_FUNNELED)
Charm++> Running in SMP mode: 1 processes, 2 worker threads (PEs) + 1 comm threads per process, 2 PEs total
Charm++> The comm. thread both sends and receives messages
Converse/Charm++ Commit ID: v8.0.1-devel-36-g3c3086b33
CharmLB> Load balancer assumes all CPUs are same.
Charm++> cpu affinity enabled. 
Charm++> Running on 1 hosts (2 sockets x 1 cores x 1 PUs = 3-way SMP)
Charm++> cpu topology info is gathered in 0.001 seconds.
CharmLB> Load balancing instrumentation for communication is off.
Running Task Benchmark
  Configuration:
    Task Graph 1:
      Time Steps: 1000
      Max Width: 2
      Dependence Type: stencil_1d
      Radix: 3
      Period: 0
      Fraction Connected: 0.250000
      Kernel:
        Type: compute_bound
        Iterations: 512
        Samples: 16
        Imbalance: 0.000000
      Output Bytes: 16
      Scratch Bytes: 0
Time for last run: 1.081300e-02
Time for last run: 1.079702e-02
Total Tasks 2000
Total Dependencies 3996
  Unable to estimate local/nonlocal dependencies
Total FLOPs 131200000
Total Bytes 0
Elapsed Time 1.079702e-02 seconds
FLOP/s 1.215150e+10
B/s 0.000000e+00
Transfer (estimated):
  Unable to estimate local/nonlocal transfer
[Partition 0][Node 0] End of program
=== system charm_old pes 2 iter 256 rep 2 ===
Charm++> Running on MPI library: MPI VERSION    : CRAY MPICH version 8.1.32.110 (ANL base 3.4a2)
MPI BUILD INFO : Thu Feb 06 22:53 2025 (git hash f9c5634)
 (MPI standard: 3.1)
Charm++> Level of thread support used: MPI_THREAD_FUNNELED (desired: MPI_THREAD_FUNNELED)
Charm++> Running in SMP mode: 1 processes, 2 worker threads (PEs) + 1 comm threads per process, 2 PEs total
Charm++> The comm. thread both sends and receives messages
Converse/Charm++ Commit ID: v8.0.1-devel-36-g3c3086b33
CharmLB> Load balancer assumes all CPUs are same.
Charm++> cpu affinity enabled. 
Charm++> Running on 1 hosts (2 sockets x 1 cores x 1 PUs = 3-way SMP)
Charm++> cpu topology info is gathered in 0.001 seconds.
CharmLB> Load balancing instrumentation for communication is off.
Running Task Benchmark
  Configuration:
    Task Graph 1:
      Time Steps: 1000
      Max Width: 2
      Dependence Type: stencil_1d
      Radix: 3
      Period: 0
      Fraction Connected: 0.250000
      Kernel:
        Type: compute_bound
        Iterations: 256
        Samples: 16
        Imbalance: 0.000000
      Output Bytes: 16
      Scratch Bytes: 0
Time for last run: 8.940935e-03
Time for last run: 8.814096e-03
Total Tasks 2000
Total Dependencies 3996
  Unable to estimate local/nonlocal dependencies
Total FLOPs 65664000
Total Bytes 0
Elapsed Time 8.814096e-03 seconds
FLOP/s 7.449884e+09
B/s 0.000000e+00
Transfer (estimated):
  Unable to estimate local/nonlocal transfer
[Partition 0][Node 0] End of program
=== system charm_old pes 2 iter 128 rep 2 ===
Charm++> Running on MPI library: MPI VERSION    : CRAY MPICH version 8.1.32.110 (ANL base 3.4a2)
MPI BUILD INFO : Thu Feb 06 22:53 2025 (git hash f9c5634)
 (MPI standard: 3.1)
Charm++> Level of thread support used: MPI_THREAD_FUNNELED (desired: MPI_THREAD_FUNNELED)
Charm++> Running in SMP mode: 1 processes, 2 worker threads (PEs) + 1 comm threads per process, 2 PEs total
Charm++> The comm. thread both sends and receives messages
Converse/Charm++ Commit ID: v8.0.1-devel-36-g3c3086b33
CharmLB> Load balancer assumes all CPUs are same.
Charm++> cpu affinity enabled. 
Charm++> Running on 1 hosts (2 sockets x 1 cores x 1 PUs = 3-way SMP)
Charm++> cpu topology info is gathered in 0.001 seconds.
CharmLB> Load balancing instrumentation for communication is off.
Running Task Benchmark
  Configuration:
    Task Graph 1:
      Time Steps: 1000
      Max Width: 2
      Dependence Type: stencil_1d
      Radix: 3
      Period: 0
      Fraction Connected: 0.250000
      Kernel:
        Type: compute_bound
        Iterations: 128
        Samples: 16
        Imbalance: 0.000000
      Output Bytes: 16
      Scratch Bytes: 0
Time for last run: 8.440018e-03
Time for last run: 8.449793e-03
Total Tasks 2000
Total Dependencies 3996
  Unable to estimate local/nonlocal dependencies
Total FLOPs 32896000
Total Bytes 0
Elapsed Time 8.449793e-03 seconds
FLOP/s 3.893113e+09
B/s 0.000000e+00
Transfer (estimated):
  Unable to estimate local/nonlocal transfer
[Partition 0][Node 0] End of program
=== system charm_old pes 2 iter 64 rep 2 ===
Charm++> Running on MPI library: MPI VERSION    : CRAY MPICH version 8.1.32.110 (ANL base 3.4a2)
MPI BUILD INFO : Thu Feb 06 22:53 2025 (git hash f9c5634)
 (MPI standard: 3.1)
Charm++> Level of thread support used: MPI_THREAD_FUNNELED (desired: MPI_THREAD_FUNNELED)
Charm++> Running in SMP mode: 1 processes, 2 worker threads (PEs) + 1 comm threads per process, 2 PEs total
Charm++> The comm. thread both sends and receives messages
Converse/Charm++ Commit ID: v8.0.1-devel-36-g3c3086b33
CharmLB> Load balancer assumes all CPUs are same.
Charm++> cpu affinity enabled. 
Charm++> Running on 1 hosts (2 sockets x 1 cores x 1 PUs = 3-way SMP)
Charm++> cpu topology info is gathered in 0.001 seconds.
CharmLB> Load balancing instrumentation for communication is off.
Running Task Benchmark
  Configuration:
    Task Graph 1:
      Time Steps: 1000
      Max Width: 2
      Dependence Type: stencil_1d
      Radix: 3
      Period: 0
      Fraction Connected: 0.250000
      Kernel:
        Type: compute_bound
        Iterations: 64
        Samples: 16
        Imbalance: 0.000000
      Output Bytes: 16
      Scratch Bytes: 0
Time for last run: 8.599043e-03
Time for last run: 8.850098e-03
Total Tasks 2000
Total Dependencies 3996
  Unable to estimate local/nonlocal dependencies
Total FLOPs 16512000
Total Bytes 0
Elapsed Time 8.850098e-03 seconds
FLOP/s 1.865742e+09
B/s 0.000000e+00
Transfer (estimated):
  Unable to estimate local/nonlocal transfer
[Partition 0][Node 0] End of program
=== system charm_old pes 2 iter 32 rep 2 ===
Charm++> Running on MPI library: MPI VERSION    : CRAY MPICH version 8.1.32.110 (ANL base 3.4a2)
MPI BUILD INFO : Thu Feb 06 22:53 2025 (git hash f9c5634)
 (MPI standard: 3.1)
Charm++> Level of thread support used: MPI_THREAD_FUNNELED (desired: MPI_THREAD_FUNNELED)
Charm++> Running in SMP mode: 1 processes, 2 worker threads (PEs) + 1 comm threads per process, 2 PEs total
Charm++> The comm. thread both sends and receives messages
Converse/Charm++ Commit ID: v8.0.1-devel-36-g3c3086b33
CharmLB> Load balancer assumes all CPUs are same.
Charm++> cpu affinity enabled. 
Charm++> Running on 1 hosts (2 sockets x 1 cores x 1 PUs = 3-way SMP)
Charm++> cpu topology info is gathered in 0.001 seconds.
CharmLB> Load balancing instrumentation for communication is off.
Running Task Benchmark
  Configuration:
    Task Graph 1:
      Time Steps: 1000
      Max Width: 2
      Dependence Type: stencil_1d
      Radix: 3
      Period: 0
      Fraction Connected: 0.250000
      Kernel:
        Type: compute_bound
        Iterations: 32
        Samples: 16
        Imbalance: 0.000000
      Output Bytes: 16
      Scratch Bytes: 0
Time for last run: 7.920980e-03
Time for last run: 7.909060e-03
Total Tasks 2000
Total Dependencies 3996
  Unable to estimate local/nonlocal dependencies
Total FLOPs 8320000
Total Bytes 0
Elapsed Time 7.909060e-03 seconds
FLOP/s 1.051958e+09
B/s 0.000000e+00
Transfer (estimated):
  Unable to estimate local/nonlocal transfer
[Partition 0][Node 0] End of program
=== system charm_old pes 2 iter 16 rep 2 ===
Charm++> Running on MPI library: MPI VERSION    : CRAY MPICH version 8.1.32.110 (ANL base 3.4a2)
MPI BUILD INFO : Thu Feb 06 22:53 2025 (git hash f9c5634)
 (MPI standard: 3.1)
Charm++> Level of thread support used: MPI_THREAD_FUNNELED (desired: MPI_THREAD_FUNNELED)
Charm++> Running in SMP mode: 1 processes, 2 worker threads (PEs) + 1 comm threads per process, 2 PEs total
Charm++> The comm. thread both sends and receives messages
Converse/Charm++ Commit ID: v8.0.1-devel-36-g3c3086b33
CharmLB> Load balancer assumes all CPUs are same.
Charm++> cpu affinity enabled. 
Charm++> Running on 1 hosts (2 sockets x 1 cores x 1 PUs = 3-way SMP)
Charm++> cpu topology info is gathered in 0.001 seconds.
CharmLB> Load balancing instrumentation for communication is off.
Running Task Benchmark
  Configuration:
    Task Graph 1:
      Time Steps: 1000
      Max Width: 2
      Dependence Type: stencil_1d
      Radix: 3
      Period: 0
      Fraction Connected: 0.250000
      Kernel:
        Type: compute_bound
        Iterations: 16
        Samples: 16
        Imbalance: 0.000000
      Output Bytes: 16
      Scratch Bytes: 0
Time for last run: 7.698059e-03
Time for last run: 7.784843e-03
Total Tasks 2000
Total Dependencies 3996
  Unable to estimate local/nonlocal dependencies
Total FLOPs 4224000
Total Bytes 0
Elapsed Time 7.784843e-03 seconds
FLOP/s 5.425928e+08
B/s 0.000000e+00
Transfer (estimated):
  Unable to estimate local/nonlocal transfer
[Partition 0][Node 0] End of program
=== system charm_old pes 2 iter 8 rep 2 ===
Charm++> Running on MPI library: MPI VERSION    : CRAY MPICH version 8.1.32.110 (ANL base 3.4a2)
MPI BUILD INFO : Thu Feb 06 22:53 2025 (git hash f9c5634)
 (MPI standard: 3.1)
Charm++> Level of thread support used: MPI_THREAD_FUNNELED (desired: MPI_THREAD_FUNNELED)
Charm++> Running in SMP mode: 1 processes, 2 worker threads (PEs) + 1 comm threads per process, 2 PEs total
Charm++> The comm. thread both sends and receives messages
Converse/Charm++ Commit ID: v8.0.1-devel-36-g3c3086b33
CharmLB> Load balancer assumes all CPUs are same.
Charm++> cpu affinity enabled. 
Charm++> Running on 1 hosts (2 sockets x 1 cores x 1 PUs = 3-way SMP)
Charm++> cpu topology info is gathered in 0.001 seconds.
CharmLB> Load balancing instrumentation for communication is off.
Running Task Benchmark
  Configuration:
    Task Graph 1:
      Time Steps: 1000
      Max Width: 2
      Dependence Type: stencil_1d
      Radix: 3
      Period: 0
      Fraction Connected: 0.250000
      Kernel:
        Type: compute_bound
        Iterations: 8
        Samples: 16
        Imbalance: 0.000000
      Output Bytes: 16
      Scratch Bytes: 0
Time for last run: 7.704020e-03
Time for last run: 7.647991e-03
Total Tasks 2000
Total Dependencies 3996
  Unable to estimate local/nonlocal dependencies
Total FLOPs 2176000
Total Bytes 0
Elapsed Time 7.647991e-03 seconds
FLOP/s 2.845192e+08
B/s 0.000000e+00
Transfer (estimated):
  Unable to estimate local/nonlocal transfer
[Partition 0][Node 0] End of program
=== system charm_old pes 2 iter 4 rep 2 ===
Charm++> Running on MPI library: MPI VERSION    : CRAY MPICH version 8.1.32.110 (ANL base 3.4a2)
MPI BUILD INFO : Thu Feb 06 22:53 2025 (git hash f9c5634)
 (MPI standard: 3.1)
Charm++> Level of thread support used: MPI_THREAD_FUNNELED (desired: MPI_THREAD_FUNNELED)
Charm++> Running in SMP mode: 1 processes, 2 worker threads (PEs) + 1 comm threads per process, 2 PEs total
Charm++> The comm. thread both sends and receives messages
Converse/Charm++ Commit ID: v8.0.1-devel-36-g3c3086b33
CharmLB> Load balancer assumes all CPUs are same.
Charm++> cpu affinity enabled. 
Charm++> Running on 1 hosts (2 sockets x 1 cores x 1 PUs = 3-way SMP)
Charm++> cpu topology info is gathered in 0.001 seconds.
CharmLB> Load balancing instrumentation for communication is off.
Running Task Benchmark
  Configuration:
    Task Graph 1:
      Time Steps: 1000
      Max Width: 2
      Dependence Type: stencil_1d
      Radix: 3
      Period: 0
      Fraction Connected: 0.250000
      Kernel:
        Type: compute_bound
        Iterations: 4
        Samples: 16
        Imbalance: 0.000000
      Output Bytes: 16
      Scratch Bytes: 0
Time for last run: 7.624865e-03
Time for last run: 7.735014e-03
Total Tasks 2000
Total Dependencies 3996
  Unable to estimate local/nonlocal dependencies
Total FLOPs 1152000
Total Bytes 0
Elapsed Time 7.735014e-03 seconds
FLOP/s 1.489332e+08
B/s 0.000000e+00
Transfer (estimated):
  Unable to estimate local/nonlocal transfer
[Partition 0][Node 0] End of program
=== system charm_old pes 2 iter 2 rep 2 ===
Charm++> Running on MPI library: MPI VERSION    : CRAY MPICH version 8.1.32.110 (ANL base 3.4a2)
MPI BUILD INFO : Thu Feb 06 22:53 2025 (git hash f9c5634)
 (MPI standard: 3.1)
Charm++> Level of thread support used: MPI_THREAD_FUNNELED (desired: MPI_THREAD_FUNNELED)
Charm++> Running in SMP mode: 1 processes, 2 worker threads (PEs) + 1 comm threads per process, 2 PEs total
Charm++> The comm. thread both sends and receives messages
Converse/Charm++ Commit ID: v8.0.1-devel-36-g3c3086b33
CharmLB> Load balancer assumes all CPUs are same.
Charm++> cpu affinity enabled. 
Charm++> Running on 1 hosts (2 sockets x 1 cores x 1 PUs = 3-way SMP)
Charm++> cpu topology info is gathered in 0.001 seconds.
CharmLB> Load balancing instrumentation for communication is off.
Running Task Benchmark
  Configuration:
    Task Graph 1:
      Time Steps: 1000
      Max Width: 2
      Dependence Type: stencil_1d
      Radix: 3
      Period: 0
      Fraction Connected: 0.250000
      Kernel:
        Type: compute_bound
        Iterations: 2
        Samples: 16
        Imbalance: 0.000000
      Output Bytes: 16
      Scratch Bytes: 0
Time for last run: 8.136034e-03
Time for last run: 7.924080e-03
Total Tasks 2000
Total Dependencies 3996
  Unable to estimate local/nonlocal dependencies
Total FLOPs 640000
Total Bytes 0
Elapsed Time 7.924080e-03 seconds
FLOP/s 8.076647e+07
B/s 0.000000e+00
Transfer (estimated):
  Unable to estimate local/nonlocal transfer
[Partition 0][Node 0] End of program
=== system charm_old pes 2 iter 16384 rep 3 ===
Charm++> Running on MPI library: MPI VERSION    : CRAY MPICH version 8.1.32.110 (ANL base 3.4a2)
MPI BUILD INFO : Thu Feb 06 22:53 2025 (git hash f9c5634)
 (MPI standard: 3.1)
Charm++> Level of thread support used: MPI_THREAD_FUNNELED (desired: MPI_THREAD_FUNNELED)
Charm++> Running in SMP mode: 1 processes, 2 worker threads (PEs) + 1 comm threads per process, 2 PEs total
Charm++> The comm. thread both sends and receives messages
Converse/Charm++ Commit ID: v8.0.1-devel-36-g3c3086b33
CharmLB> Load balancer assumes all CPUs are same.
Charm++> cpu affinity enabled. 
Charm++> Running on 1 hosts (2 sockets x 1 cores x 1 PUs = 3-way SMP)
Charm++> cpu topology info is gathered in 0.001 seconds.
CharmLB> Load balancing instrumentation for communication is off.
Running Task Benchmark
  Configuration:
    Task Graph 1:
      Time Steps: 1000
      Max Width: 2
      Dependence Type: stencil_1d
      Radix: 3
      Period: 0
      Fraction Connected: 0.250000
      Kernel:
        Type: compute_bound
        Iterations: 16384
        Samples: 16
        Imbalance: 0.000000
      Output Bytes: 16
      Scratch Bytes: 0
Time for last run: 7.258010e-02
Time for last run: 7.217693e-02
Total Tasks 2000
Total Dependencies 3996
  Unable to estimate local/nonlocal dependencies
Total FLOPs 4194432000
Total Bytes 0
Elapsed Time 7.217693e-02 seconds
FLOP/s 5.811319e+10
B/s 0.000000e+00
Transfer (estimated):
  Unable to estimate local/nonlocal transfer
[Partition 0][Node 0] End of program
=== system charm_old pes 2 iter 8192 rep 3 ===
Charm++> Running on MPI library: MPI VERSION    : CRAY MPICH version 8.1.32.110 (ANL base 3.4a2)
MPI BUILD INFO : Thu Feb 06 22:53 2025 (git hash f9c5634)
 (MPI standard: 3.1)
Charm++> Level of thread support used: MPI_THREAD_FUNNELED (desired: MPI_THREAD_FUNNELED)
Charm++> Running in SMP mode: 1 processes, 2 worker threads (PEs) + 1 comm threads per process, 2 PEs total
Charm++> The comm. thread both sends and receives messages
Converse/Charm++ Commit ID: v8.0.1-devel-36-g3c3086b33
CharmLB> Load balancer assumes all CPUs are same.
Charm++> cpu affinity enabled. 
Charm++> Running on 1 hosts (2 sockets x 1 cores x 1 PUs = 3-way SMP)
Charm++> cpu topology info is gathered in 0.001 seconds.
CharmLB> Load balancing instrumentation for communication is off.
Running Task Benchmark
  Configuration:
    Task Graph 1:
      Time Steps: 1000
      Max Width: 2
      Dependence Type: stencil_1d
      Radix: 3
      Period: 0
      Fraction Connected: 0.250000
      Kernel:
        Type: compute_bound
        Iterations: 8192
        Samples: 16
        Imbalance: 0.000000
      Output Bytes: 16
      Scratch Bytes: 0
Time for last run: 3.842998e-02
Time for last run: 3.840303e-02
Total Tasks 2000
Total Dependencies 3996
  Unable to estimate local/nonlocal dependencies
Total FLOPs 2097280000
Total Bytes 0
Elapsed Time 3.840303e-02 seconds
FLOP/s 5.461235e+10
B/s 0.000000e+00
Transfer (estimated):
  Unable to estimate local/nonlocal transfer
[Partition 0][Node 0] End of program
=== system charm_old pes 2 iter 4096 rep 3 ===
Charm++> Running on MPI library: MPI VERSION    : CRAY MPICH version 8.1.32.110 (ANL base 3.4a2)
MPI BUILD INFO : Thu Feb 06 22:53 2025 (git hash f9c5634)
 (MPI standard: 3.1)
Charm++> Level of thread support used: MPI_THREAD_FUNNELED (desired: MPI_THREAD_FUNNELED)
Charm++> Running in SMP mode: 1 processes, 2 worker threads (PEs) + 1 comm threads per process, 2 PEs total
Charm++> The comm. thread both sends and receives messages
Converse/Charm++ Commit ID: v8.0.1-devel-36-g3c3086b33
CharmLB> Load balancer assumes all CPUs are same.
Charm++> cpu affinity enabled. 
Charm++> Running on 1 hosts (2 sockets x 1 cores x 1 PUs = 3-way SMP)
Charm++> cpu topology info is gathered in 0.001 seconds.
CharmLB> Load balancing instrumentation for communication is off.
Running Task Benchmark
  Configuration:
    Task Graph 1:
      Time Steps: 1000
      Max Width: 2
      Dependence Type: stencil_1d
      Radix: 3
      Period: 0
      Fraction Connected: 0.250000
      Kernel:
        Type: compute_bound
        Iterations: 4096
        Samples: 16
        Imbalance: 0.000000
      Output Bytes: 16
      Scratch Bytes: 0
Time for last run: 2.247906e-02
Time for last run: 2.250099e-02
Total Tasks 2000
Total Dependencies 3996
  Unable to estimate local/nonlocal dependencies
Total FLOPs 1048704000
Total Bytes 0
Elapsed Time 2.250099e-02 seconds
FLOP/s 4.660701e+10
B/s 0.000000e+00
Transfer (estimated):
  Unable to estimate local/nonlocal transfer
[Partition 0][Node 0] End of program
=== system charm_old pes 2 iter 2048 rep 3 ===
Charm++> Running on MPI library: MPI VERSION    : CRAY MPICH version 8.1.32.110 (ANL base 3.4a2)
MPI BUILD INFO : Thu Feb 06 22:53 2025 (git hash f9c5634)
 (MPI standard: 3.1)
Charm++> Level of thread support used: MPI_THREAD_FUNNELED (desired: MPI_THREAD_FUNNELED)
Charm++> Running in SMP mode: 1 processes, 2 worker threads (PEs) + 1 comm threads per process, 2 PEs total
Charm++> The comm. thread both sends and receives messages
Converse/Charm++ Commit ID: v8.0.1-devel-36-g3c3086b33
CharmLB> Load balancer assumes all CPUs are same.
Charm++> cpu affinity enabled. 
Charm++> Running on 1 hosts (2 sockets x 1 cores x 1 PUs = 3-way SMP)
Charm++> cpu topology info is gathered in 0.001 seconds.
CharmLB> Load balancing instrumentation for communication is off.
Running Task Benchmark
  Configuration:
    Task Graph 1:
      Time Steps: 1000
      Max Width: 2
      Dependence Type: stencil_1d
      Radix: 3
      Period: 0
      Fraction Connected: 0.250000
      Kernel:
        Type: compute_bound
        Iterations: 2048
        Samples: 16
        Imbalance: 0.000000
      Output Bytes: 16
      Scratch Bytes: 0
Time for last run: 1.458097e-02
Time for last run: 1.472306e-02
Total Tasks 2000
Total Dependencies 3996
  Unable to estimate local/nonlocal dependencies
Total FLOPs 524416000
Total Bytes 0
Elapsed Time 1.472306e-02 seconds
FLOP/s 3.561868e+10
B/s 0.000000e+00
Transfer (estimated):
  Unable to estimate local/nonlocal transfer
[Partition 0][Node 0] End of program
=== system charm_old pes 2 iter 1024 rep 3 ===
Charm++> Running on MPI library: MPI VERSION    : CRAY MPICH version 8.1.32.110 (ANL base 3.4a2)
MPI BUILD INFO : Thu Feb 06 22:53 2025 (git hash f9c5634)
 (MPI standard: 3.1)
Charm++> Level of thread support used: MPI_THREAD_FUNNELED (desired: MPI_THREAD_FUNNELED)
Charm++> Running in SMP mode: 1 processes, 2 worker threads (PEs) + 1 comm threads per process, 2 PEs total
Charm++> The comm. thread both sends and receives messages
Converse/Charm++ Commit ID: v8.0.1-devel-36-g3c3086b33
CharmLB> Load balancer assumes all CPUs are same.
Charm++> cpu affinity enabled. 
Charm++> Running on 1 hosts (2 sockets x 1 cores x 1 PUs = 3-way SMP)
Charm++> cpu topology info is gathered in 0.001 seconds.
CharmLB> Load balancing instrumentation for communication is off.
Running Task Benchmark
  Configuration:
    Task Graph 1:
      Time Steps: 1000
      Max Width: 2
      Dependence Type: stencil_1d
      Radix: 3
      Period: 0
      Fraction Connected: 0.250000
      Kernel:
        Type: compute_bound
        Iterations: 1024
        Samples: 16
        Imbalance: 0.000000
      Output Bytes: 16
      Scratch Bytes: 0
Time for last run: 1.055717e-02
Time for last run: 1.070881e-02
Total Tasks 2000
Total Dependencies 3996
  Unable to estimate local/nonlocal dependencies
Total FLOPs 262272000
Total Bytes 0
Elapsed Time 1.070881e-02 seconds
FLOP/s 2.449124e+10
B/s 0.000000e+00
Transfer (estimated):
  Unable to estimate local/nonlocal transfer
[Partition 0][Node 0] End of program
=== system charm_old pes 2 iter 512 rep 3 ===
Charm++> Running on MPI library: MPI VERSION    : CRAY MPICH version 8.1.32.110 (ANL base 3.4a2)
MPI BUILD INFO : Thu Feb 06 22:53 2025 (git hash f9c5634)
 (MPI standard: 3.1)
Charm++> Level of thread support used: MPI_THREAD_FUNNELED (desired: MPI_THREAD_FUNNELED)
Charm++> Running in SMP mode: 1 processes, 2 worker threads (PEs) + 1 comm threads per process, 2 PEs total
Charm++> The comm. thread both sends and receives messages
Converse/Charm++ Commit ID: v8.0.1-devel-36-g3c3086b33
CharmLB> Load balancer assumes all CPUs are same.
Charm++> cpu affinity enabled. 
Charm++> Running on 1 hosts (2 sockets x 1 cores x 1 PUs = 3-way SMP)
Charm++> cpu topology info is gathered in 0.001 seconds.
CharmLB> Load balancing instrumentation for communication is off.
Running Task Benchmark
  Configuration:
    Task Graph 1:
      Time Steps: 1000
      Max Width: 2
      Dependence Type: stencil_1d
      Radix: 3
      Period: 0
      Fraction Connected: 0.250000
      Kernel:
        Type: compute_bound
        Iterations: 512
        Samples: 16
        Imbalance: 0.000000
      Output Bytes: 16
      Scratch Bytes: 0
Time for last run: 9.644985e-03
Time for last run: 9.922981e-03
Total Tasks 2000
Total Dependencies 3996
  Unable to estimate local/nonlocal dependencies
Total FLOPs 131200000
Total Bytes 0
Elapsed Time 9.922981e-03 seconds
FLOP/s 1.322183e+10
B/s 0.000000e+00
Transfer (estimated):
  Unable to estimate local/nonlocal transfer
[Partition 0][Node 0] End of program
=== system charm_old pes 2 iter 256 rep 3 ===
Charm++> Running on MPI library: MPI VERSION    : CRAY MPICH version 8.1.32.110 (ANL base 3.4a2)
MPI BUILD INFO : Thu Feb 06 22:53 2025 (git hash f9c5634)
 (MPI standard: 3.1)
Charm++> Level of thread support used: MPI_THREAD_FUNNELED (desired: MPI_THREAD_FUNNELED)
Charm++> Running in SMP mode: 1 processes, 2 worker threads (PEs) + 1 comm threads per process, 2 PEs total
Charm++> The comm. thread both sends and receives messages
Converse/Charm++ Commit ID: v8.0.1-devel-36-g3c3086b33
CharmLB> Load balancer assumes all CPUs are same.
Charm++> cpu affinity enabled. 
Charm++> Running on 1 hosts (2 sockets x 1 cores x 1 PUs = 3-way SMP)
Charm++> cpu topology info is gathered in 0.001 seconds.
CharmLB> Load balancing instrumentation for communication is off.
Running Task Benchmark
  Configuration:
    Task Graph 1:
      Time Steps: 1000
      Max Width: 2
      Dependence Type: stencil_1d
      Radix: 3
      Period: 0
      Fraction Connected: 0.250000
      Kernel:
        Type: compute_bound
        Iterations: 256
        Samples: 16
        Imbalance: 0.000000
      Output Bytes: 16
      Scratch Bytes: 0
Time for last run: 9.069920e-03
Time for last run: 8.926153e-03
Total Tasks 2000
Total Dependencies 3996
  Unable to estimate local/nonlocal dependencies
Total FLOPs 65664000
Total Bytes 0
Elapsed Time 8.926153e-03 seconds
FLOP/s 7.356360e+09
B/s 0.000000e+00
Transfer (estimated):
  Unable to estimate local/nonlocal transfer
[Partition 0][Node 0] End of program
=== system charm_old pes 2 iter 128 rep 3 ===
Charm++> Running on MPI library: MPI VERSION    : CRAY MPICH version 8.1.32.110 (ANL base 3.4a2)
MPI BUILD INFO : Thu Feb 06 22:53 2025 (git hash f9c5634)
 (MPI standard: 3.1)
Charm++> Level of thread support used: MPI_THREAD_FUNNELED (desired: MPI_THREAD_FUNNELED)
Charm++> Running in SMP mode: 1 processes, 2 worker threads (PEs) + 1 comm threads per process, 2 PEs total
Charm++> The comm. thread both sends and receives messages
Converse/Charm++ Commit ID: v8.0.1-devel-36-g3c3086b33
CharmLB> Load balancer assumes all CPUs are same.
Charm++> cpu affinity enabled. 
Charm++> Running on 1 hosts (2 sockets x 1 cores x 1 PUs = 3-way SMP)
Charm++> cpu topology info is gathered in 0.001 seconds.
CharmLB> Load balancing instrumentation for communication is off.
Running Task Benchmark
  Configuration:
    Task Graph 1:
      Time Steps: 1000
      Max Width: 2
      Dependence Type: stencil_1d
      Radix: 3
      Period: 0
      Fraction Connected: 0.250000
      Kernel:
        Type: compute_bound
        Iterations: 128
        Samples: 16
        Imbalance: 0.000000
      Output Bytes: 16
      Scratch Bytes: 0
Time for last run: 8.313894e-03
Time for last run: 8.271933e-03
Total Tasks 2000
Total Dependencies 3996
  Unable to estimate local/nonlocal dependencies
Total FLOPs 32896000
Total Bytes 0
Elapsed Time 8.271933e-03 seconds
FLOP/s 3.976822e+09
B/s 0.000000e+00
Transfer (estimated):
  Unable to estimate local/nonlocal transfer
[Partition 0][Node 0] End of program
=== system charm_old pes 2 iter 64 rep 3 ===
Charm++> Running on MPI library: MPI VERSION    : CRAY MPICH version 8.1.32.110 (ANL base 3.4a2)
MPI BUILD INFO : Thu Feb 06 22:53 2025 (git hash f9c5634)
 (MPI standard: 3.1)
Charm++> Level of thread support used: MPI_THREAD_FUNNELED (desired: MPI_THREAD_FUNNELED)
Charm++> Running in SMP mode: 1 processes, 2 worker threads (PEs) + 1 comm threads per process, 2 PEs total
Charm++> The comm. thread both sends and receives messages
Converse/Charm++ Commit ID: v8.0.1-devel-36-g3c3086b33
CharmLB> Load balancer assumes all CPUs are same.
Charm++> cpu affinity enabled. 
Charm++> Running on 1 hosts (2 sockets x 1 cores x 1 PUs = 3-way SMP)
Charm++> cpu topology info is gathered in 0.001 seconds.
CharmLB> Load balancing instrumentation for communication is off.
Running Task Benchmark
  Configuration:
    Task Graph 1:
      Time Steps: 1000
      Max Width: 2
      Dependence Type: stencil_1d
      Radix: 3
      Period: 0
      Fraction Connected: 0.250000
      Kernel:
        Type: compute_bound
        Iterations: 64
        Samples: 16
        Imbalance: 0.000000
      Output Bytes: 16
      Scratch Bytes: 0
Time for last run: 8.174896e-03
Time for last run: 7.974863e-03
Total Tasks 2000
Total Dependencies 3996
  Unable to estimate local/nonlocal dependencies
Total FLOPs 16512000
Total Bytes 0
Elapsed Time 7.974863e-03 seconds
FLOP/s 2.070506e+09
B/s 0.000000e+00
Transfer (estimated):
  Unable to estimate local/nonlocal transfer
[Partition 0][Node 0] End of program
=== system charm_old pes 2 iter 32 rep 3 ===
Charm++> Running on MPI library: MPI VERSION    : CRAY MPICH version 8.1.32.110 (ANL base 3.4a2)
MPI BUILD INFO : Thu Feb 06 22:53 2025 (git hash f9c5634)
 (MPI standard: 3.1)
Charm++> Level of thread support used: MPI_THREAD_FUNNELED (desired: MPI_THREAD_FUNNELED)
Charm++> Running in SMP mode: 1 processes, 2 worker threads (PEs) + 1 comm threads per process, 2 PEs total
Charm++> The comm. thread both sends and receives messages
Converse/Charm++ Commit ID: v8.0.1-devel-36-g3c3086b33
CharmLB> Load balancer assumes all CPUs are same.
Charm++> cpu affinity enabled. 
Charm++> Running on 1 hosts (2 sockets x 1 cores x 1 PUs = 3-way SMP)
Charm++> cpu topology info is gathered in 0.001 seconds.
CharmLB> Load balancing instrumentation for communication is off.
Running Task Benchmark
  Configuration:
    Task Graph 1:
      Time Steps: 1000
      Max Width: 2
      Dependence Type: stencil_1d
      Radix: 3
      Period: 0
      Fraction Connected: 0.250000
      Kernel:
        Type: compute_bound
        Iterations: 32
        Samples: 16
        Imbalance: 0.000000
      Output Bytes: 16
      Scratch Bytes: 0
Time for last run: 7.688999e-03
Time for last run: 7.847786e-03
Total Tasks 2000
Total Dependencies 3996
  Unable to estimate local/nonlocal dependencies
Total FLOPs 8320000
Total Bytes 0
Elapsed Time 7.847786e-03 seconds
FLOP/s 1.060172e+09
B/s 0.000000e+00
Transfer (estimated):
  Unable to estimate local/nonlocal transfer
[Partition 0][Node 0] End of program
=== system charm_old pes 2 iter 16 rep 3 ===
Charm++> Running on MPI library: MPI VERSION    : CRAY MPICH version 8.1.32.110 (ANL base 3.4a2)
MPI BUILD INFO : Thu Feb 06 22:53 2025 (git hash f9c5634)
 (MPI standard: 3.1)
Charm++> Level of thread support used: MPI_THREAD_FUNNELED (desired: MPI_THREAD_FUNNELED)
Charm++> Running in SMP mode: 1 processes, 2 worker threads (PEs) + 1 comm threads per process, 2 PEs total
Charm++> The comm. thread both sends and receives messages
Converse/Charm++ Commit ID: v8.0.1-devel-36-g3c3086b33
CharmLB> Load balancer assumes all CPUs are same.
Charm++> cpu affinity enabled. 
Charm++> Running on 1 hosts (2 sockets x 1 cores x 1 PUs = 3-way SMP)
Charm++> cpu topology info is gathered in 0.001 seconds.
CharmLB> Load balancing instrumentation for communication is off.
Running Task Benchmark
  Configuration:
    Task Graph 1:
      Time Steps: 1000
      Max Width: 2
      Dependence Type: stencil_1d
      Radix: 3
      Period: 0
      Fraction Connected: 0.250000
      Kernel:
        Type: compute_bound
        Iterations: 16
        Samples: 16
        Imbalance: 0.000000
      Output Bytes: 16
      Scratch Bytes: 0
Time for last run: 7.969141e-03
Time for last run: 7.773876e-03
Total Tasks 2000
Total Dependencies 3996
  Unable to estimate local/nonlocal dependencies
Total FLOPs 4224000
Total Bytes 0
Elapsed Time 7.773876e-03 seconds
FLOP/s 5.433583e+08
B/s 0.000000e+00
Transfer (estimated):
  Unable to estimate local/nonlocal transfer
[Partition 0][Node 0] End of program
=== system charm_old pes 2 iter 8 rep 3 ===
Charm++> Running on MPI library: MPI VERSION    : CRAY MPICH version 8.1.32.110 (ANL base 3.4a2)
MPI BUILD INFO : Thu Feb 06 22:53 2025 (git hash f9c5634)
 (MPI standard: 3.1)
Charm++> Level of thread support used: MPI_THREAD_FUNNELED (desired: MPI_THREAD_FUNNELED)
Charm++> Running in SMP mode: 1 processes, 2 worker threads (PEs) + 1 comm threads per process, 2 PEs total
Charm++> The comm. thread both sends and receives messages
Converse/Charm++ Commit ID: v8.0.1-devel-36-g3c3086b33
CharmLB> Load balancer assumes all CPUs are same.
Charm++> cpu affinity enabled. 
Charm++> Running on 1 hosts (2 sockets x 1 cores x 1 PUs = 3-way SMP)
Charm++> cpu topology info is gathered in 0.001 seconds.
CharmLB> Load balancing instrumentation for communication is off.
Running Task Benchmark
  Configuration:
    Task Graph 1:
      Time Steps: 1000
      Max Width: 2
      Dependence Type: stencil_1d
      Radix: 3
      Period: 0
      Fraction Connected: 0.250000
      Kernel:
        Type: compute_bound
        Iterations: 8
        Samples: 16
        Imbalance: 0.000000
      Output Bytes: 16
      Scratch Bytes: 0
Time for last run: 7.853985e-03
Time for last run: 7.659912e-03
Total Tasks 2000
Total Dependencies 3996
  Unable to estimate local/nonlocal dependencies
Total FLOPs 2176000
Total Bytes 0
Elapsed Time 7.659912e-03 seconds
FLOP/s 2.840764e+08
B/s 0.000000e+00
Transfer (estimated):
  Unable to estimate local/nonlocal transfer
[Partition 0][Node 0] End of program
=== system charm_old pes 2 iter 4 rep 3 ===
Charm++> Running on MPI library: MPI VERSION    : CRAY MPICH version 8.1.32.110 (ANL base 3.4a2)
MPI BUILD INFO : Thu Feb 06 22:53 2025 (git hash f9c5634)
 (MPI standard: 3.1)
Charm++> Level of thread support used: MPI_THREAD_FUNNELED (desired: MPI_THREAD_FUNNELED)
Charm++> Running in SMP mode: 1 processes, 2 worker threads (PEs) + 1 comm threads per process, 2 PEs total
Charm++> The comm. thread both sends and receives messages
Converse/Charm++ Commit ID: v8.0.1-devel-36-g3c3086b33
CharmLB> Load balancer assumes all CPUs are same.
Charm++> cpu affinity enabled. 
Charm++> Running on 1 hosts (2 sockets x 1 cores x 1 PUs = 3-way SMP)
Charm++> cpu topology info is gathered in 0.001 seconds.
CharmLB> Load balancing instrumentation for communication is off.
Running Task Benchmark
  Configuration:
    Task Graph 1:
      Time Steps: 1000
      Max Width: 2
      Dependence Type: stencil_1d
      Radix: 3
      Period: 0
      Fraction Connected: 0.250000
      Kernel:
        Type: compute_bound
        Iterations: 4
        Samples: 16
        Imbalance: 0.000000
      Output Bytes: 16
      Scratch Bytes: 0
Time for last run: 7.909060e-03
Time for last run: 8.148909e-03
Total Tasks 2000
Total Dependencies 3996
  Unable to estimate local/nonlocal dependencies
Total FLOPs 1152000
Total Bytes 0
Elapsed Time 8.148909e-03 seconds
FLOP/s 1.413686e+08
B/s 0.000000e+00
Transfer (estimated):
  Unable to estimate local/nonlocal transfer
[Partition 0][Node 0] End of program
=== system charm_old pes 2 iter 2 rep 3 ===
Charm++> Running on MPI library: MPI VERSION    : CRAY MPICH version 8.1.32.110 (ANL base 3.4a2)
MPI BUILD INFO : Thu Feb 06 22:53 2025 (git hash f9c5634)
 (MPI standard: 3.1)
Charm++> Level of thread support used: MPI_THREAD_FUNNELED (desired: MPI_THREAD_FUNNELED)
Charm++> Running in SMP mode: 1 processes, 2 worker threads (PEs) + 1 comm threads per process, 2 PEs total
Charm++> The comm. thread both sends and receives messages
Converse/Charm++ Commit ID: v8.0.1-devel-36-g3c3086b33
CharmLB> Load balancer assumes all CPUs are same.
Charm++> cpu affinity enabled. 
Charm++> Running on 1 hosts (2 sockets x 1 cores x 1 PUs = 3-way SMP)
Charm++> cpu topology info is gathered in 0.001 seconds.
CharmLB> Load balancing instrumentation for communication is off.
Running Task Benchmark
  Configuration:
    Task Graph 1:
      Time Steps: 1000
      Max Width: 2
      Dependence Type: stencil_1d
      Radix: 3
      Period: 0
      Fraction Connected: 0.250000
      Kernel:
        Type: compute_bound
        Iterations: 2
        Samples: 16
        Imbalance: 0.000000
      Output Bytes: 16
      Scratch Bytes: 0
Time for last run: 8.818865e-03
Time for last run: 8.435965e-03
Total Tasks 2000
Total Dependencies 3996
  Unable to estimate local/nonlocal dependencies
Total FLOPs 640000
Total Bytes 0
Elapsed Time 8.435965e-03 seconds
FLOP/s 7.586566e+07
B/s 0.000000e+00
Transfer (estimated):
  Unable to estimate local/nonlocal transfer
[Partition 0][Node 0] End of program
=== system charm_old pes 2 iter 16384 rep 4 ===
Charm++> Running on MPI library: MPI VERSION    : CRAY MPICH version 8.1.32.110 (ANL base 3.4a2)
MPI BUILD INFO : Thu Feb 06 22:53 2025 (git hash f9c5634)
 (MPI standard: 3.1)
Charm++> Level of thread support used: MPI_THREAD_FUNNELED (desired: MPI_THREAD_FUNNELED)
Charm++> Running in SMP mode: 1 processes, 2 worker threads (PEs) + 1 comm threads per process, 2 PEs total
Charm++> The comm. thread both sends and receives messages
Converse/Charm++ Commit ID: v8.0.1-devel-36-g3c3086b33
CharmLB> Load balancer assumes all CPUs are same.
Charm++> cpu affinity enabled. 
Charm++> Running on 1 hosts (2 sockets x 1 cores x 1 PUs = 3-way SMP)
Charm++> cpu topology info is gathered in 0.001 seconds.
CharmLB> Load balancing instrumentation for communication is off.
Running Task Benchmark
  Configuration:
    Task Graph 1:
      Time Steps: 1000
      Max Width: 2
      Dependence Type: stencil_1d
      Radix: 3
      Period: 0
      Fraction Connected: 0.250000
      Kernel:
        Type: compute_bound
        Iterations: 16384
        Samples: 16
        Imbalance: 0.000000
      Output Bytes: 16
      Scratch Bytes: 0
Time for last run: 7.249999e-02
Time for last run: 7.251191e-02
Total Tasks 2000
Total Dependencies 3996
  Unable to estimate local/nonlocal dependencies
Total FLOPs 4194432000
Total Bytes 0
Elapsed Time 7.251191e-02 seconds
FLOP/s 5.784473e+10
B/s 0.000000e+00
Transfer (estimated):
  Unable to estimate local/nonlocal transfer
[Partition 0][Node 0] End of program
=== system charm_old pes 2 iter 8192 rep 4 ===
Charm++> Running on MPI library: MPI VERSION    : CRAY MPICH version 8.1.32.110 (ANL base 3.4a2)
MPI BUILD INFO : Thu Feb 06 22:53 2025 (git hash f9c5634)
 (MPI standard: 3.1)
Charm++> Level of thread support used: MPI_THREAD_FUNNELED (desired: MPI_THREAD_FUNNELED)
Charm++> Running in SMP mode: 1 processes, 2 worker threads (PEs) + 1 comm threads per process, 2 PEs total
Charm++> The comm. thread both sends and receives messages
Converse/Charm++ Commit ID: v8.0.1-devel-36-g3c3086b33
CharmLB> Load balancer assumes all CPUs are same.
Charm++> cpu affinity enabled. 
Charm++> Running on 1 hosts (2 sockets x 1 cores x 1 PUs = 3-way SMP)
Charm++> cpu topology info is gathered in 0.001 seconds.
CharmLB> Load balancing instrumentation for communication is off.
Running Task Benchmark
  Configuration:
    Task Graph 1:
      Time Steps: 1000
      Max Width: 2
      Dependence Type: stencil_1d
      Radix: 3
      Period: 0
      Fraction Connected: 0.250000
      Kernel:
        Type: compute_bound
        Iterations: 8192
        Samples: 16
        Imbalance: 0.000000
      Output Bytes: 16
      Scratch Bytes: 0
Time for last run: 3.559399e-02
Time for last run: 3.537297e-02
Total Tasks 2000
Total Dependencies 3996
  Unable to estimate local/nonlocal dependencies
Total FLOPs 2097280000
Total Bytes 0
Elapsed Time 3.537297e-02 seconds
FLOP/s 5.929047e+10
B/s 0.000000e+00
Transfer (estimated):
  Unable to estimate local/nonlocal transfer
[Partition 0][Node 0] End of program
=== system charm_old pes 2 iter 4096 rep 4 ===
Charm++> Running on MPI library: MPI VERSION    : CRAY MPICH version 8.1.32.110 (ANL base 3.4a2)
MPI BUILD INFO : Thu Feb 06 22:53 2025 (git hash f9c5634)
 (MPI standard: 3.1)
Charm++> Level of thread support used: MPI_THREAD_FUNNELED (desired: MPI_THREAD_FUNNELED)
Charm++> Running in SMP mode: 1 processes, 2 worker threads (PEs) + 1 comm threads per process, 2 PEs total
Charm++> The comm. thread both sends and receives messages
Converse/Charm++ Commit ID: v8.0.1-devel-36-g3c3086b33
CharmLB> Load balancer assumes all CPUs are same.
Charm++> cpu affinity enabled. 
Charm++> Running on 1 hosts (2 sockets x 1 cores x 1 PUs = 3-way SMP)
Charm++> cpu topology info is gathered in 0.001 seconds.
CharmLB> Load balancing instrumentation for communication is off.
Running Task Benchmark
  Configuration:
    Task Graph 1:
      Time Steps: 1000
      Max Width: 2
      Dependence Type: stencil_1d
      Radix: 3
      Period: 0
      Fraction Connected: 0.250000
      Kernel:
        Type: compute_bound
        Iterations: 4096
        Samples: 16
        Imbalance: 0.000000
      Output Bytes: 16
      Scratch Bytes: 0
Time for last run: 2.293301e-02
Time for last run: 2.243209e-02
Total Tasks 2000
Total Dependencies 3996
  Unable to estimate local/nonlocal dependencies
Total FLOPs 1048704000
Total Bytes 0
Elapsed Time 2.243209e-02 seconds
FLOP/s 4.675017e+10
B/s 0.000000e+00
Transfer (estimated):
  Unable to estimate local/nonlocal transfer
[Partition 0][Node 0] End of program
=== system charm_old pes 2 iter 2048 rep 4 ===
Charm++> Running on MPI library: MPI VERSION    : CRAY MPICH version 8.1.32.110 (ANL base 3.4a2)
MPI BUILD INFO : Thu Feb 06 22:53 2025 (git hash f9c5634)
 (MPI standard: 3.1)
Charm++> Level of thread support used: MPI_THREAD_FUNNELED (desired: MPI_THREAD_FUNNELED)
Charm++> Running in SMP mode: 1 processes, 2 worker threads (PEs) + 1 comm threads per process, 2 PEs total
Charm++> The comm. thread both sends and receives messages
Converse/Charm++ Commit ID: v8.0.1-devel-36-g3c3086b33
CharmLB> Load balancer assumes all CPUs are same.
Charm++> cpu affinity enabled. 
Charm++> Running on 1 hosts (2 sockets x 1 cores x 1 PUs = 3-way SMP)
Charm++> cpu topology info is gathered in 0.001 seconds.
CharmLB> Load balancing instrumentation for communication is off.
Running Task Benchmark
  Configuration:
    Task Graph 1:
      Time Steps: 1000
      Max Width: 2
      Dependence Type: stencil_1d
      Radix: 3
      Period: 0
      Fraction Connected: 0.250000
      Kernel:
        Type: compute_bound
        Iterations: 2048
        Samples: 16
        Imbalance: 0.000000
      Output Bytes: 16
      Scratch Bytes: 0
Time for last run: 1.462913e-02
Time for last run: 1.430106e-02
Total Tasks 2000
Total Dependencies 3996
  Unable to estimate local/nonlocal dependencies
Total FLOPs 524416000
Total Bytes 0
Elapsed Time 1.430106e-02 seconds
FLOP/s 3.666973e+10
B/s 0.000000e+00
Transfer (estimated):
  Unable to estimate local/nonlocal transfer
[Partition 0][Node 0] End of program
=== system charm_old pes 2 iter 1024 rep 4 ===
Charm++> Running on MPI library: MPI VERSION    : CRAY MPICH version 8.1.32.110 (ANL base 3.4a2)
MPI BUILD INFO : Thu Feb 06 22:53 2025 (git hash f9c5634)
 (MPI standard: 3.1)
Charm++> Level of thread support used: MPI_THREAD_FUNNELED (desired: MPI_THREAD_FUNNELED)
Charm++> Running in SMP mode: 1 processes, 2 worker threads (PEs) + 1 comm threads per process, 2 PEs total
Charm++> The comm. thread both sends and receives messages
Converse/Charm++ Commit ID: v8.0.1-devel-36-g3c3086b33
CharmLB> Load balancer assumes all CPUs are same.
Charm++> cpu affinity enabled. 
Charm++> Running on 1 hosts (2 sockets x 1 cores x 1 PUs = 3-way SMP)
Charm++> cpu topology info is gathered in 0.001 seconds.
CharmLB> Load balancing instrumentation for communication is off.
Running Task Benchmark
  Configuration:
    Task Graph 1:
      Time Steps: 1000
      Max Width: 2
      Dependence Type: stencil_1d
      Radix: 3
      Period: 0
      Fraction Connected: 0.250000
      Kernel:
        Type: compute_bound
        Iterations: 1024
        Samples: 16
        Imbalance: 0.000000
      Output Bytes: 16
      Scratch Bytes: 0
Time for last run: 1.314807e-02
Time for last run: 1.299500e-02
Total Tasks 2000
Total Dependencies 3996
  Unable to estimate local/nonlocal dependencies
Total FLOPs 262272000
Total Bytes 0
Elapsed Time 1.299500e-02 seconds
FLOP/s 2.018252e+10
B/s 0.000000e+00
Transfer (estimated):
  Unable to estimate local/nonlocal transfer
[Partition 0][Node 0] End of program
=== system charm_old pes 2 iter 512 rep 4 ===
Charm++> Running on MPI library: MPI VERSION    : CRAY MPICH version 8.1.32.110 (ANL base 3.4a2)
MPI BUILD INFO : Thu Feb 06 22:53 2025 (git hash f9c5634)
 (MPI standard: 3.1)
Charm++> Level of thread support used: MPI_THREAD_FUNNELED (desired: MPI_THREAD_FUNNELED)
Charm++> Running in SMP mode: 1 processes, 2 worker threads (PEs) + 1 comm threads per process, 2 PEs total
Charm++> The comm. thread both sends and receives messages
Converse/Charm++ Commit ID: v8.0.1-devel-36-g3c3086b33
CharmLB> Load balancer assumes all CPUs are same.
Charm++> cpu affinity enabled. 
Charm++> Running on 1 hosts (2 sockets x 1 cores x 1 PUs = 3-way SMP)
Charm++> cpu topology info is gathered in 0.001 seconds.
CharmLB> Load balancing instrumentation for communication is off.
Running Task Benchmark
  Configuration:
    Task Graph 1:
      Time Steps: 1000
      Max Width: 2
      Dependence Type: stencil_1d
      Radix: 3
      Period: 0
      Fraction Connected: 0.250000
      Kernel:
        Type: compute_bound
        Iterations: 512
        Samples: 16
        Imbalance: 0.000000
      Output Bytes: 16
      Scratch Bytes: 0
Time for last run: 9.320974e-03
Time for last run: 9.077072e-03
Total Tasks 2000
Total Dependencies 3996
  Unable to estimate local/nonlocal dependencies
Total FLOPs 131200000
Total Bytes 0
Elapsed Time 9.077072e-03 seconds
FLOP/s 1.445400e+10
B/s 0.000000e+00
Transfer (estimated):
  Unable to estimate local/nonlocal transfer
[Partition 0][Node 0] End of program
=== system charm_old pes 2 iter 256 rep 4 ===
Charm++> Running on MPI library: MPI VERSION    : CRAY MPICH version 8.1.32.110 (ANL base 3.4a2)
MPI BUILD INFO : Thu Feb 06 22:53 2025 (git hash f9c5634)
 (MPI standard: 3.1)
Charm++> Level of thread support used: MPI_THREAD_FUNNELED (desired: MPI_THREAD_FUNNELED)
Charm++> Running in SMP mode: 1 processes, 2 worker threads (PEs) + 1 comm threads per process, 2 PEs total
Charm++> The comm. thread both sends and receives messages
Converse/Charm++ Commit ID: v8.0.1-devel-36-g3c3086b33
CharmLB> Load balancer assumes all CPUs are same.
Charm++> cpu affinity enabled. 
Charm++> Running on 1 hosts (2 sockets x 1 cores x 1 PUs = 3-way SMP)
Charm++> cpu topology info is gathered in 0.001 seconds.
CharmLB> Load balancing instrumentation for communication is off.
Running Task Benchmark
  Configuration:
    Task Graph 1:
      Time Steps: 1000
      Max Width: 2
      Dependence Type: stencil_1d
      Radix: 3
      Period: 0
      Fraction Connected: 0.250000
      Kernel:
        Type: compute_bound
        Iterations: 256
        Samples: 16
        Imbalance: 0.000000
      Output Bytes: 16
      Scratch Bytes: 0
Time for last run: 7.882833e-03
Time for last run: 7.501841e-03
Total Tasks 2000
Total Dependencies 3996
  Unable to estimate local/nonlocal dependencies
Total FLOPs 65664000
Total Bytes 0
Elapsed Time 7.501841e-03 seconds
FLOP/s 8.753052e+09
B/s 0.000000e+00
Transfer (estimated):
  Unable to estimate local/nonlocal transfer
[Partition 0][Node 0] End of program
=== system charm_old pes 2 iter 128 rep 4 ===
Charm++> Running on MPI library: MPI VERSION    : CRAY MPICH version 8.1.32.110 (ANL base 3.4a2)
MPI BUILD INFO : Thu Feb 06 22:53 2025 (git hash f9c5634)
 (MPI standard: 3.1)
Charm++> Level of thread support used: MPI_THREAD_FUNNELED (desired: MPI_THREAD_FUNNELED)
Charm++> Running in SMP mode: 1 processes, 2 worker threads (PEs) + 1 comm threads per process, 2 PEs total
Charm++> The comm. thread both sends and receives messages
Converse/Charm++ Commit ID: v8.0.1-devel-36-g3c3086b33
CharmLB> Load balancer assumes all CPUs are same.
Charm++> cpu affinity enabled. 
Charm++> Running on 1 hosts (2 sockets x 1 cores x 1 PUs = 3-way SMP)
Charm++> cpu topology info is gathered in 0.001 seconds.
CharmLB> Load balancing instrumentation for communication is off.
Running Task Benchmark
  Configuration:
    Task Graph 1:
      Time Steps: 1000
      Max Width: 2
      Dependence Type: stencil_1d
      Radix: 3
      Period: 0
      Fraction Connected: 0.250000
      Kernel:
        Type: compute_bound
        Iterations: 128
        Samples: 16
        Imbalance: 0.000000
      Output Bytes: 16
      Scratch Bytes: 0
Time for last run: 8.216858e-03
Time for last run: 8.301973e-03
Total Tasks 2000
Total Dependencies 3996
  Unable to estimate local/nonlocal dependencies
Total FLOPs 32896000
Total Bytes 0
Elapsed Time 8.301973e-03 seconds
FLOP/s 3.962431e+09
B/s 0.000000e+00
Transfer (estimated):
  Unable to estimate local/nonlocal transfer
[Partition 0][Node 0] End of program
=== system charm_old pes 2 iter 64 rep 4 ===
Charm++> Running on MPI library: MPI VERSION    : CRAY MPICH version 8.1.32.110 (ANL base 3.4a2)
MPI BUILD INFO : Thu Feb 06 22:53 2025 (git hash f9c5634)
 (MPI standard: 3.1)
Charm++> Level of thread support used: MPI_THREAD_FUNNELED (desired: MPI_THREAD_FUNNELED)
Charm++> Running in SMP mode: 1 processes, 2 worker threads (PEs) + 1 comm threads per process, 2 PEs total
Charm++> The comm. thread both sends and receives messages
Converse/Charm++ Commit ID: v8.0.1-devel-36-g3c3086b33
CharmLB> Load balancer assumes all CPUs are same.
Charm++> cpu affinity enabled. 
Charm++> Running on 1 hosts (2 sockets x 1 cores x 1 PUs = 3-way SMP)
Charm++> cpu topology info is gathered in 0.001 seconds.
CharmLB> Load balancing instrumentation for communication is off.
Running Task Benchmark
  Configuration:
    Task Graph 1:
      Time Steps: 1000
      Max Width: 2
      Dependence Type: stencil_1d
      Radix: 3
      Period: 0
      Fraction Connected: 0.250000
      Kernel:
        Type: compute_bound
        Iterations: 64
        Samples: 16
        Imbalance: 0.000000
      Output Bytes: 16
      Scratch Bytes: 0
Time for last run: 8.114100e-03
Time for last run: 8.087158e-03
Total Tasks 2000
Total Dependencies 3996
  Unable to estimate local/nonlocal dependencies
Total FLOPs 16512000
Total Bytes 0
Elapsed Time 8.087158e-03 seconds
FLOP/s 2.041756e+09
B/s 0.000000e+00
Transfer (estimated):
  Unable to estimate local/nonlocal transfer
[Partition 0][Node 0] End of program
=== system charm_old pes 2 iter 32 rep 4 ===
Charm++> Running on MPI library: MPI VERSION    : CRAY MPICH version 8.1.32.110 (ANL base 3.4a2)
MPI BUILD INFO : Thu Feb 06 22:53 2025 (git hash f9c5634)
 (MPI standard: 3.1)
Charm++> Level of thread support used: MPI_THREAD_FUNNELED (desired: MPI_THREAD_FUNNELED)
Charm++> Running in SMP mode: 1 processes, 2 worker threads (PEs) + 1 comm threads per process, 2 PEs total
Charm++> The comm. thread both sends and receives messages
Converse/Charm++ Commit ID: v8.0.1-devel-36-g3c3086b33
CharmLB> Load balancer assumes all CPUs are same.
Charm++> cpu affinity enabled. 
Charm++> Running on 1 hosts (2 sockets x 1 cores x 1 PUs = 3-way SMP)
Charm++> cpu topology info is gathered in 0.001 seconds.
CharmLB> Load balancing instrumentation for communication is off.
Running Task Benchmark
  Configuration:
    Task Graph 1:
      Time Steps: 1000
      Max Width: 2
      Dependence Type: stencil_1d
      Radix: 3
      Period: 0
      Fraction Connected: 0.250000
      Kernel:
        Type: compute_bound
        Iterations: 32
        Samples: 16
        Imbalance: 0.000000
      Output Bytes: 16
      Scratch Bytes: 0
Time for last run: 7.410049e-03
Time for last run: 7.848978e-03
Total Tasks 2000
Total Dependencies 3996
  Unable to estimate local/nonlocal dependencies
Total FLOPs 8320000
Total Bytes 0
Elapsed Time 7.848978e-03 seconds
FLOP/s 1.060011e+09
B/s 0.000000e+00
Transfer (estimated):
  Unable to estimate local/nonlocal transfer
[Partition 0][Node 0] End of program
=== system charm_old pes 2 iter 16 rep 4 ===
Charm++> Running on MPI library: MPI VERSION    : CRAY MPICH version 8.1.32.110 (ANL base 3.4a2)
MPI BUILD INFO : Thu Feb 06 22:53 2025 (git hash f9c5634)
 (MPI standard: 3.1)
Charm++> Level of thread support used: MPI_THREAD_FUNNELED (desired: MPI_THREAD_FUNNELED)
Charm++> Running in SMP mode: 1 processes, 2 worker threads (PEs) + 1 comm threads per process, 2 PEs total
Charm++> The comm. thread both sends and receives messages
Converse/Charm++ Commit ID: v8.0.1-devel-36-g3c3086b33
CharmLB> Load balancer assumes all CPUs are same.
Charm++> cpu affinity enabled. 
Charm++> Running on 1 hosts (2 sockets x 1 cores x 1 PUs = 3-way SMP)
Charm++> cpu topology info is gathered in 0.001 seconds.
CharmLB> Load balancing instrumentation for communication is off.
Running Task Benchmark
  Configuration:
    Task Graph 1:
      Time Steps: 1000
      Max Width: 2
      Dependence Type: stencil_1d
      Radix: 3
      Period: 0
      Fraction Connected: 0.250000
      Kernel:
        Type: compute_bound
        Iterations: 16
        Samples: 16
        Imbalance: 0.000000
      Output Bytes: 16
      Scratch Bytes: 0
Time for last run: 8.158922e-03
Time for last run: 8.026838e-03
Total Tasks 2000
Total Dependencies 3996
  Unable to estimate local/nonlocal dependencies
Total FLOPs 4224000
Total Bytes 0
Elapsed Time 8.026838e-03 seconds
FLOP/s 5.262346e+08
B/s 0.000000e+00
Transfer (estimated):
  Unable to estimate local/nonlocal transfer
[Partition 0][Node 0] End of program
=== system charm_old pes 2 iter 8 rep 4 ===
Charm++> Running on MPI library: MPI VERSION    : CRAY MPICH version 8.1.32.110 (ANL base 3.4a2)
MPI BUILD INFO : Thu Feb 06 22:53 2025 (git hash f9c5634)
 (MPI standard: 3.1)
Charm++> Level of thread support used: MPI_THREAD_FUNNELED (desired: MPI_THREAD_FUNNELED)
Charm++> Running in SMP mode: 1 processes, 2 worker threads (PEs) + 1 comm threads per process, 2 PEs total
Charm++> The comm. thread both sends and receives messages
Converse/Charm++ Commit ID: v8.0.1-devel-36-g3c3086b33
CharmLB> Load balancer assumes all CPUs are same.
Charm++> cpu affinity enabled. 
Charm++> Running on 1 hosts (2 sockets x 1 cores x 1 PUs = 3-way SMP)
Charm++> cpu topology info is gathered in 0.001 seconds.
CharmLB> Load balancing instrumentation for communication is off.
Running Task Benchmark
  Configuration:
    Task Graph 1:
      Time Steps: 1000
      Max Width: 2
      Dependence Type: stencil_1d
      Radix: 3
      Period: 0
      Fraction Connected: 0.250000
      Kernel:
        Type: compute_bound
        Iterations: 8
        Samples: 16
        Imbalance: 0.000000
      Output Bytes: 16
      Scratch Bytes: 0
Time for last run: 7.703066e-03
Time for last run: 7.751942e-03
Total Tasks 2000
Total Dependencies 3996
  Unable to estimate local/nonlocal dependencies
Total FLOPs 2176000
Total Bytes 0
Elapsed Time 7.751942e-03 seconds
FLOP/s 2.807039e+08
B/s 0.000000e+00
Transfer (estimated):
  Unable to estimate local/nonlocal transfer
[Partition 0][Node 0] End of program
=== system charm_old pes 2 iter 4 rep 4 ===
Charm++> Running on MPI library: MPI VERSION    : CRAY MPICH version 8.1.32.110 (ANL base 3.4a2)
MPI BUILD INFO : Thu Feb 06 22:53 2025 (git hash f9c5634)
 (MPI standard: 3.1)
Charm++> Level of thread support used: MPI_THREAD_FUNNELED (desired: MPI_THREAD_FUNNELED)
Charm++> Running in SMP mode: 1 processes, 2 worker threads (PEs) + 1 comm threads per process, 2 PEs total
Charm++> The comm. thread both sends and receives messages
Converse/Charm++ Commit ID: v8.0.1-devel-36-g3c3086b33
CharmLB> Load balancer assumes all CPUs are same.
Charm++> cpu affinity enabled. 
Charm++> Running on 1 hosts (2 sockets x 1 cores x 1 PUs = 3-way SMP)
Charm++> cpu topology info is gathered in 0.001 seconds.
CharmLB> Load balancing instrumentation for communication is off.
Running Task Benchmark
  Configuration:
    Task Graph 1:
      Time Steps: 1000
      Max Width: 2
      Dependence Type: stencil_1d
      Radix: 3
      Period: 0
      Fraction Connected: 0.250000
      Kernel:
        Type: compute_bound
        Iterations: 4
        Samples: 16
        Imbalance: 0.000000
      Output Bytes: 16
      Scratch Bytes: 0
Time for last run: 7.699966e-03
Time for last run: 8.000851e-03
Total Tasks 2000
Total Dependencies 3996
  Unable to estimate local/nonlocal dependencies
Total FLOPs 1152000
Total Bytes 0
Elapsed Time 8.000851e-03 seconds
FLOP/s 1.439847e+08
B/s 0.000000e+00
Transfer (estimated):
  Unable to estimate local/nonlocal transfer
[Partition 0][Node 0] End of program
=== system charm_old pes 2 iter 2 rep 4 ===
Charm++> Running on MPI library: MPI VERSION    : CRAY MPICH version 8.1.32.110 (ANL base 3.4a2)
MPI BUILD INFO : Thu Feb 06 22:53 2025 (git hash f9c5634)
 (MPI standard: 3.1)
Charm++> Level of thread support used: MPI_THREAD_FUNNELED (desired: MPI_THREAD_FUNNELED)
Charm++> Running in SMP mode: 1 processes, 2 worker threads (PEs) + 1 comm threads per process, 2 PEs total
Charm++> The comm. thread both sends and receives messages
Converse/Charm++ Commit ID: v8.0.1-devel-36-g3c3086b33
CharmLB> Load balancer assumes all CPUs are same.
Charm++> cpu affinity enabled. 
Charm++> Running on 1 hosts (2 sockets x 1 cores x 1 PUs = 3-way SMP)
Charm++> cpu topology info is gathered in 0.001 seconds.
CharmLB> Load balancing instrumentation for communication is off.
Running Task Benchmark
  Configuration:
    Task Graph 1:
      Time Steps: 1000
      Max Width: 2
      Dependence Type: stencil_1d
      Radix: 3
      Period: 0
      Fraction Connected: 0.250000
      Kernel:
        Type: compute_bound
        Iterations: 2
        Samples: 16
        Imbalance: 0.000000
      Output Bytes: 16
      Scratch Bytes: 0
Time for last run: 7.534981e-03
Time for last run: 7.565975e-03
Total Tasks 2000
Total Dependencies 3996
  Unable to estimate local/nonlocal dependencies
Total FLOPs 640000
Total Bytes 0
Elapsed Time 7.565975e-03 seconds
FLOP/s 8.458923e+07
B/s 0.000000e+00
Transfer (estimated):
  Unable to estimate local/nonlocal transfer
[Partition 0][Node 0] End of program
=== system charm_old pes 2 iter 16384 rep 5 ===
Charm++> Running on MPI library: MPI VERSION    : CRAY MPICH version 8.1.32.110 (ANL base 3.4a2)
MPI BUILD INFO : Thu Feb 06 22:53 2025 (git hash f9c5634)
 (MPI standard: 3.1)
Charm++> Level of thread support used: MPI_THREAD_FUNNELED (desired: MPI_THREAD_FUNNELED)
Charm++> Running in SMP mode: 1 processes, 2 worker threads (PEs) + 1 comm threads per process, 2 PEs total
Charm++> The comm. thread both sends and receives messages
Converse/Charm++ Commit ID: v8.0.1-devel-36-g3c3086b33
CharmLB> Load balancer assumes all CPUs are same.
Charm++> cpu affinity enabled. 
Charm++> Running on 1 hosts (2 sockets x 1 cores x 1 PUs = 3-way SMP)
Charm++> cpu topology info is gathered in 0.001 seconds.
CharmLB> Load balancing instrumentation for communication is off.
Running Task Benchmark
  Configuration:
    Task Graph 1:
      Time Steps: 1000
      Max Width: 2
      Dependence Type: stencil_1d
      Radix: 3
      Period: 0
      Fraction Connected: 0.250000
      Kernel:
        Type: compute_bound
        Iterations: 16384
        Samples: 16
        Imbalance: 0.000000
      Output Bytes: 16
      Scratch Bytes: 0
Time for last run: 8.333993e-02
Time for last run: 8.023286e-02
Total Tasks 2000
Total Dependencies 3996
  Unable to estimate local/nonlocal dependencies
Total FLOPs 4194432000
Total Bytes 0
Elapsed Time 8.023286e-02 seconds
FLOP/s 5.227823e+10
B/s 0.000000e+00
Transfer (estimated):
  Unable to estimate local/nonlocal transfer
[Partition 0][Node 0] End of program
=== system charm_old pes 2 iter 8192 rep 5 ===
Charm++> Running on MPI library: MPI VERSION    : CRAY MPICH version 8.1.32.110 (ANL base 3.4a2)
MPI BUILD INFO : Thu Feb 06 22:53 2025 (git hash f9c5634)
 (MPI standard: 3.1)
Charm++> Level of thread support used: MPI_THREAD_FUNNELED (desired: MPI_THREAD_FUNNELED)
Charm++> Running in SMP mode: 1 processes, 2 worker threads (PEs) + 1 comm threads per process, 2 PEs total
Charm++> The comm. thread both sends and receives messages
Converse/Charm++ Commit ID: v8.0.1-devel-36-g3c3086b33
CharmLB> Load balancer assumes all CPUs are same.
Charm++> cpu affinity enabled. 
Charm++> Running on 1 hosts (2 sockets x 1 cores x 1 PUs = 3-way SMP)
Charm++> cpu topology info is gathered in 0.001 seconds.
CharmLB> Load balancing instrumentation for communication is off.
Running Task Benchmark
  Configuration:
    Task Graph 1:
      Time Steps: 1000
      Max Width: 2
      Dependence Type: stencil_1d
      Radix: 3
      Period: 0
      Fraction Connected: 0.250000
      Kernel:
        Type: compute_bound
        Iterations: 8192
        Samples: 16
        Imbalance: 0.000000
      Output Bytes: 16
      Scratch Bytes: 0
Time for last run: 3.841186e-02
Time for last run: 3.846717e-02
Total Tasks 2000
Total Dependencies 3996
  Unable to estimate local/nonlocal dependencies
Total FLOPs 2097280000
Total Bytes 0
Elapsed Time 3.846717e-02 seconds
FLOP/s 5.452130e+10
B/s 0.000000e+00
Transfer (estimated):
  Unable to estimate local/nonlocal transfer
[Partition 0][Node 0] End of program
=== system charm_old pes 2 iter 4096 rep 5 ===
Charm++> Running on MPI library: MPI VERSION    : CRAY MPICH version 8.1.32.110 (ANL base 3.4a2)
MPI BUILD INFO : Thu Feb 06 22:53 2025 (git hash f9c5634)
 (MPI standard: 3.1)
Charm++> Level of thread support used: MPI_THREAD_FUNNELED (desired: MPI_THREAD_FUNNELED)
Charm++> Running in SMP mode: 1 processes, 2 worker threads (PEs) + 1 comm threads per process, 2 PEs total
Charm++> The comm. thread both sends and receives messages
Converse/Charm++ Commit ID: v8.0.1-devel-36-g3c3086b33
CharmLB> Load balancer assumes all CPUs are same.
Charm++> cpu affinity enabled. 
Charm++> Running on 1 hosts (2 sockets x 1 cores x 1 PUs = 3-way SMP)
Charm++> cpu topology info is gathered in 0.001 seconds.
CharmLB> Load balancing instrumentation for communication is off.
Running Task Benchmark
  Configuration:
    Task Graph 1:
      Time Steps: 1000
      Max Width: 2
      Dependence Type: stencil_1d
      Radix: 3
      Period: 0
      Fraction Connected: 0.250000
      Kernel:
        Type: compute_bound
        Iterations: 4096
        Samples: 16
        Imbalance: 0.000000
      Output Bytes: 16
      Scratch Bytes: 0
Time for last run: 2.252603e-02
Time for last run: 2.241492e-02
Total Tasks 2000
Total Dependencies 3996
  Unable to estimate local/nonlocal dependencies
Total FLOPs 1048704000
Total Bytes 0
Elapsed Time 2.241492e-02 seconds
FLOP/s 4.678597e+10
B/s 0.000000e+00
Transfer (estimated):
  Unable to estimate local/nonlocal transfer
[Partition 0][Node 0] End of program
=== system charm_old pes 2 iter 2048 rep 5 ===
Charm++> Running on MPI library: MPI VERSION    : CRAY MPICH version 8.1.32.110 (ANL base 3.4a2)
MPI BUILD INFO : Thu Feb 06 22:53 2025 (git hash f9c5634)
 (MPI standard: 3.1)
Charm++> Level of thread support used: MPI_THREAD_FUNNELED (desired: MPI_THREAD_FUNNELED)
Charm++> Running in SMP mode: 1 processes, 2 worker threads (PEs) + 1 comm threads per process, 2 PEs total
Charm++> The comm. thread both sends and receives messages
Converse/Charm++ Commit ID: v8.0.1-devel-36-g3c3086b33
CharmLB> Load balancer assumes all CPUs are same.
Charm++> cpu affinity enabled. 
Charm++> Running on 1 hosts (2 sockets x 1 cores x 1 PUs = 3-way SMP)
Charm++> cpu topology info is gathered in 0.001 seconds.
CharmLB> Load balancing instrumentation for communication is off.
Running Task Benchmark
  Configuration:
    Task Graph 1:
      Time Steps: 1000
      Max Width: 2
      Dependence Type: stencil_1d
      Radix: 3
      Period: 0
      Fraction Connected: 0.250000
      Kernel:
        Type: compute_bound
        Iterations: 2048
        Samples: 16
        Imbalance: 0.000000
      Output Bytes: 16
      Scratch Bytes: 0
Time for last run: 1.468086e-02
Time for last run: 1.445007e-02
Total Tasks 2000
Total Dependencies 3996
  Unable to estimate local/nonlocal dependencies
Total FLOPs 524416000
Total Bytes 0
Elapsed Time 1.445007e-02 seconds
FLOP/s 3.629158e+10
B/s 0.000000e+00
Transfer (estimated):
  Unable to estimate local/nonlocal transfer
[Partition 0][Node 0] End of program
=== system charm_old pes 2 iter 1024 rep 5 ===
Charm++> Running on MPI library: MPI VERSION    : CRAY MPICH version 8.1.32.110 (ANL base 3.4a2)
MPI BUILD INFO : Thu Feb 06 22:53 2025 (git hash f9c5634)
 (MPI standard: 3.1)
Charm++> Level of thread support used: MPI_THREAD_FUNNELED (desired: MPI_THREAD_FUNNELED)
Charm++> Running in SMP mode: 1 processes, 2 worker threads (PEs) + 1 comm threads per process, 2 PEs total
Charm++> The comm. thread both sends and receives messages
Converse/Charm++ Commit ID: v8.0.1-devel-36-g3c3086b33
CharmLB> Load balancer assumes all CPUs are same.
Charm++> cpu affinity enabled. 
Charm++> Running on 1 hosts (2 sockets x 1 cores x 1 PUs = 3-way SMP)
Charm++> cpu topology info is gathered in 0.001 seconds.
CharmLB> Load balancing instrumentation for communication is off.
Running Task Benchmark
  Configuration:
    Task Graph 1:
      Time Steps: 1000
      Max Width: 2
      Dependence Type: stencil_1d
      Radix: 3
      Period: 0
      Fraction Connected: 0.250000
      Kernel:
        Type: compute_bound
        Iterations: 1024
        Samples: 16
        Imbalance: 0.000000
      Output Bytes: 16
      Scratch Bytes: 0
Time for last run: 1.107001e-02
Time for last run: 1.104093e-02
Total Tasks 2000
Total Dependencies 3996
  Unable to estimate local/nonlocal dependencies
Total FLOPs 262272000
Total Bytes 0
Elapsed Time 1.104093e-02 seconds
FLOP/s 2.375453e+10
B/s 0.000000e+00
Transfer (estimated):
  Unable to estimate local/nonlocal transfer
[Partition 0][Node 0] End of program
=== system charm_old pes 2 iter 512 rep 5 ===
Charm++> Running on MPI library: MPI VERSION    : CRAY MPICH version 8.1.32.110 (ANL base 3.4a2)
MPI BUILD INFO : Thu Feb 06 22:53 2025 (git hash f9c5634)
 (MPI standard: 3.1)
Charm++> Level of thread support used: MPI_THREAD_FUNNELED (desired: MPI_THREAD_FUNNELED)
Charm++> Running in SMP mode: 1 processes, 2 worker threads (PEs) + 1 comm threads per process, 2 PEs total
Charm++> The comm. thread both sends and receives messages
Converse/Charm++ Commit ID: v8.0.1-devel-36-g3c3086b33
CharmLB> Load balancer assumes all CPUs are same.
Charm++> cpu affinity enabled. 
Charm++> Running on 1 hosts (2 sockets x 1 cores x 1 PUs = 3-way SMP)
Charm++> cpu topology info is gathered in 0.001 seconds.
CharmLB> Load balancing instrumentation for communication is off.
Running Task Benchmark
  Configuration:
    Task Graph 1:
      Time Steps: 1000
      Max Width: 2
      Dependence Type: stencil_1d
      Radix: 3
      Period: 0
      Fraction Connected: 0.250000
      Kernel:
        Type: compute_bound
        Iterations: 512
        Samples: 16
        Imbalance: 0.000000
      Output Bytes: 16
      Scratch Bytes: 0
Time for last run: 9.369850e-03
Time for last run: 9.703875e-03
Total Tasks 2000
Total Dependencies 3996
  Unable to estimate local/nonlocal dependencies
Total FLOPs 131200000
Total Bytes 0
Elapsed Time 9.703875e-03 seconds
FLOP/s 1.352037e+10
B/s 0.000000e+00
Transfer (estimated):
  Unable to estimate local/nonlocal transfer
[Partition 0][Node 0] End of program
=== system charm_old pes 2 iter 256 rep 5 ===
Charm++> Running on MPI library: MPI VERSION    : CRAY MPICH version 8.1.32.110 (ANL base 3.4a2)
MPI BUILD INFO : Thu Feb 06 22:53 2025 (git hash f9c5634)
 (MPI standard: 3.1)
Charm++> Level of thread support used: MPI_THREAD_FUNNELED (desired: MPI_THREAD_FUNNELED)
Charm++> Running in SMP mode: 1 processes, 2 worker threads (PEs) + 1 comm threads per process, 2 PEs total
Charm++> The comm. thread both sends and receives messages
Converse/Charm++ Commit ID: v8.0.1-devel-36-g3c3086b33
CharmLB> Load balancer assumes all CPUs are same.
Charm++> cpu affinity enabled. 
Charm++> Running on 1 hosts (2 sockets x 1 cores x 1 PUs = 3-way SMP)
Charm++> cpu topology info is gathered in 0.001 seconds.
CharmLB> Load balancing instrumentation for communication is off.
Running Task Benchmark
  Configuration:
    Task Graph 1:
      Time Steps: 1000
      Max Width: 2
      Dependence Type: stencil_1d
      Radix: 3
      Period: 0
      Fraction Connected: 0.250000
      Kernel:
        Type: compute_bound
        Iterations: 256
        Samples: 16
        Imbalance: 0.000000
      Output Bytes: 16
      Scratch Bytes: 0
Time for last run: 8.869886e-03
Time for last run: 9.268045e-03
Total Tasks 2000
Total Dependencies 3996
  Unable to estimate local/nonlocal dependencies
Total FLOPs 65664000
Total Bytes 0
Elapsed Time 9.268045e-03 seconds
FLOP/s 7.084989e+09
B/s 0.000000e+00
Transfer (estimated):
  Unable to estimate local/nonlocal transfer
[Partition 0][Node 0] End of program
=== system charm_old pes 2 iter 128 rep 5 ===
Charm++> Running on MPI library: MPI VERSION    : CRAY MPICH version 8.1.32.110 (ANL base 3.4a2)
MPI BUILD INFO : Thu Feb 06 22:53 2025 (git hash f9c5634)
 (MPI standard: 3.1)
Charm++> Level of thread support used: MPI_THREAD_FUNNELED (desired: MPI_THREAD_FUNNELED)
Charm++> Running in SMP mode: 1 processes, 2 worker threads (PEs) + 1 comm threads per process, 2 PEs total
Charm++> The comm. thread both sends and receives messages
Converse/Charm++ Commit ID: v8.0.1-devel-36-g3c3086b33
CharmLB> Load balancer assumes all CPUs are same.
Charm++> cpu affinity enabled. 
Charm++> Running on 1 hosts (2 sockets x 1 cores x 1 PUs = 3-way SMP)
Charm++> cpu topology info is gathered in 0.001 seconds.
CharmLB> Load balancing instrumentation for communication is off.
Running Task Benchmark
  Configuration:
    Task Graph 1:
      Time Steps: 1000
      Max Width: 2
      Dependence Type: stencil_1d
      Radix: 3
      Period: 0
      Fraction Connected: 0.250000
      Kernel:
        Type: compute_bound
        Iterations: 128
        Samples: 16
        Imbalance: 0.000000
      Output Bytes: 16
      Scratch Bytes: 0
Time for last run: 8.262873e-03
Time for last run: 8.283138e-03
Total Tasks 2000
Total Dependencies 3996
  Unable to estimate local/nonlocal dependencies
Total FLOPs 32896000
Total Bytes 0
Elapsed Time 8.283138e-03 seconds
FLOP/s 3.971442e+09
B/s 0.000000e+00
Transfer (estimated):
  Unable to estimate local/nonlocal transfer
[Partition 0][Node 0] End of program
=== system charm_old pes 2 iter 64 rep 5 ===
Charm++> Running on MPI library: MPI VERSION    : CRAY MPICH version 8.1.32.110 (ANL base 3.4a2)
MPI BUILD INFO : Thu Feb 06 22:53 2025 (git hash f9c5634)
 (MPI standard: 3.1)
Charm++> Level of thread support used: MPI_THREAD_FUNNELED (desired: MPI_THREAD_FUNNELED)
Charm++> Running in SMP mode: 1 processes, 2 worker threads (PEs) + 1 comm threads per process, 2 PEs total
Charm++> The comm. thread both sends and receives messages
Converse/Charm++ Commit ID: v8.0.1-devel-36-g3c3086b33
CharmLB> Load balancer assumes all CPUs are same.
Charm++> cpu affinity enabled. 
Charm++> Running on 1 hosts (2 sockets x 1 cores x 1 PUs = 3-way SMP)
Charm++> cpu topology info is gathered in 0.001 seconds.
CharmLB> Load balancing instrumentation for communication is off.
Running Task Benchmark
  Configuration:
    Task Graph 1:
      Time Steps: 1000
      Max Width: 2
      Dependence Type: stencil_1d
      Radix: 3
      Period: 0
      Fraction Connected: 0.250000
      Kernel:
        Type: compute_bound
        Iterations: 64
        Samples: 16
        Imbalance: 0.000000
      Output Bytes: 16
      Scratch Bytes: 0
Time for last run: 8.163929e-03
Time for last run: 8.018970e-03
Total Tasks 2000
Total Dependencies 3996
  Unable to estimate local/nonlocal dependencies
Total FLOPs 16512000
Total Bytes 0
Elapsed Time 8.018970e-03 seconds
FLOP/s 2.059117e+09
B/s 0.000000e+00
Transfer (estimated):
  Unable to estimate local/nonlocal transfer
[Partition 0][Node 0] End of program
=== system charm_old pes 2 iter 32 rep 5 ===
Charm++> Running on MPI library: MPI VERSION    : CRAY MPICH version 8.1.32.110 (ANL base 3.4a2)
MPI BUILD INFO : Thu Feb 06 22:53 2025 (git hash f9c5634)
 (MPI standard: 3.1)
Charm++> Level of thread support used: MPI_THREAD_FUNNELED (desired: MPI_THREAD_FUNNELED)
Charm++> Running in SMP mode: 1 processes, 2 worker threads (PEs) + 1 comm threads per process, 2 PEs total
Charm++> The comm. thread both sends and receives messages
Converse/Charm++ Commit ID: v8.0.1-devel-36-g3c3086b33
CharmLB> Load balancer assumes all CPUs are same.
Charm++> cpu affinity enabled. 
Charm++> Running on 1 hosts (2 sockets x 1 cores x 1 PUs = 3-way SMP)
Charm++> cpu topology info is gathered in 0.001 seconds.
CharmLB> Load balancing instrumentation for communication is off.
Running Task Benchmark
  Configuration:
    Task Graph 1:
      Time Steps: 1000
      Max Width: 2
      Dependence Type: stencil_1d
      Radix: 3
      Period: 0
      Fraction Connected: 0.250000
      Kernel:
        Type: compute_bound
        Iterations: 32
        Samples: 16
        Imbalance: 0.000000
      Output Bytes: 16
      Scratch Bytes: 0
Time for last run: 8.383989e-03
Time for last run: 8.184910e-03
Total Tasks 2000
Total Dependencies 3996
  Unable to estimate local/nonlocal dependencies
Total FLOPs 8320000
Total Bytes 0
Elapsed Time 8.184910e-03 seconds
FLOP/s 1.016505e+09
B/s 0.000000e+00
Transfer (estimated):
  Unable to estimate local/nonlocal transfer
[Partition 0][Node 0] End of program
=== system charm_old pes 2 iter 16 rep 5 ===
Charm++> Running on MPI library: MPI VERSION    : CRAY MPICH version 8.1.32.110 (ANL base 3.4a2)
MPI BUILD INFO : Thu Feb 06 22:53 2025 (git hash f9c5634)
 (MPI standard: 3.1)
Charm++> Level of thread support used: MPI_THREAD_FUNNELED (desired: MPI_THREAD_FUNNELED)
Charm++> Running in SMP mode: 1 processes, 2 worker threads (PEs) + 1 comm threads per process, 2 PEs total
Charm++> The comm. thread both sends and receives messages
Converse/Charm++ Commit ID: v8.0.1-devel-36-g3c3086b33
CharmLB> Load balancer assumes all CPUs are same.
Charm++> cpu affinity enabled. 
Charm++> Running on 1 hosts (2 sockets x 1 cores x 1 PUs = 3-way SMP)
Charm++> cpu topology info is gathered in 0.001 seconds.
CharmLB> Load balancing instrumentation for communication is off.
Running Task Benchmark
  Configuration:
    Task Graph 1:
      Time Steps: 1000
      Max Width: 2
      Dependence Type: stencil_1d
      Radix: 3
      Period: 0
      Fraction Connected: 0.250000
      Kernel:
        Type: compute_bound
        Iterations: 16
        Samples: 16
        Imbalance: 0.000000
      Output Bytes: 16
      Scratch Bytes: 0
Time for last run: 7.990837e-03
Time for last run: 8.082867e-03
Total Tasks 2000
Total Dependencies 3996
  Unable to estimate local/nonlocal dependencies
Total FLOPs 4224000
Total Bytes 0
Elapsed Time 8.082867e-03 seconds
FLOP/s 5.225869e+08
B/s 0.000000e+00
Transfer (estimated):
  Unable to estimate local/nonlocal transfer
[Partition 0][Node 0] End of program
=== system charm_old pes 2 iter 8 rep 5 ===
Charm++> Running on MPI library: MPI VERSION    : CRAY MPICH version 8.1.32.110 (ANL base 3.4a2)
MPI BUILD INFO : Thu Feb 06 22:53 2025 (git hash f9c5634)
 (MPI standard: 3.1)
Charm++> Level of thread support used: MPI_THREAD_FUNNELED (desired: MPI_THREAD_FUNNELED)
Charm++> Running in SMP mode: 1 processes, 2 worker threads (PEs) + 1 comm threads per process, 2 PEs total
Charm++> The comm. thread both sends and receives messages
Converse/Charm++ Commit ID: v8.0.1-devel-36-g3c3086b33
CharmLB> Load balancer assumes all CPUs are same.
Charm++> cpu affinity enabled. 
Charm++> Running on 1 hosts (2 sockets x 1 cores x 1 PUs = 3-way SMP)
Charm++> cpu topology info is gathered in 0.001 seconds.
CharmLB> Load balancing instrumentation for communication is off.
Running Task Benchmark
  Configuration:
    Task Graph 1:
      Time Steps: 1000
      Max Width: 2
      Dependence Type: stencil_1d
      Radix: 3
      Period: 0
      Fraction Connected: 0.250000
      Kernel:
        Type: compute_bound
        Iterations: 8
        Samples: 16
        Imbalance: 0.000000
      Output Bytes: 16
      Scratch Bytes: 0
Time for last run: 8.264065e-03
Time for last run: 8.113146e-03
Total Tasks 2000
Total Dependencies 3996
  Unable to estimate local/nonlocal dependencies
Total FLOPs 2176000
Total Bytes 0
Elapsed Time 8.113146e-03 seconds
FLOP/s 2.682067e+08
B/s 0.000000e+00
Transfer (estimated):
  Unable to estimate local/nonlocal transfer
[Partition 0][Node 0] End of program
=== system charm_old pes 2 iter 4 rep 5 ===
Charm++> Running on MPI library: MPI VERSION    : CRAY MPICH version 8.1.32.110 (ANL base 3.4a2)
MPI BUILD INFO : Thu Feb 06 22:53 2025 (git hash f9c5634)
 (MPI standard: 3.1)
Charm++> Level of thread support used: MPI_THREAD_FUNNELED (desired: MPI_THREAD_FUNNELED)
Charm++> Running in SMP mode: 1 processes, 2 worker threads (PEs) + 1 comm threads per process, 2 PEs total
Charm++> The comm. thread both sends and receives messages
Converse/Charm++ Commit ID: v8.0.1-devel-36-g3c3086b33
CharmLB> Load balancer assumes all CPUs are same.
Charm++> cpu affinity enabled. 
Charm++> Running on 1 hosts (2 sockets x 1 cores x 1 PUs = 3-way SMP)
Charm++> cpu topology info is gathered in 0.001 seconds.
CharmLB> Load balancing instrumentation for communication is off.
Running Task Benchmark
  Configuration:
    Task Graph 1:
      Time Steps: 1000
      Max Width: 2
      Dependence Type: stencil_1d
      Radix: 3
      Period: 0
      Fraction Connected: 0.250000
      Kernel:
        Type: compute_bound
        Iterations: 4
        Samples: 16
        Imbalance: 0.000000
      Output Bytes: 16
      Scratch Bytes: 0
Time for last run: 7.590055e-03
Time for last run: 7.277012e-03
Total Tasks 2000
Total Dependencies 3996
  Unable to estimate local/nonlocal dependencies
Total FLOPs 1152000
Total Bytes 0
Elapsed Time 7.277012e-03 seconds
FLOP/s 1.583067e+08
B/s 0.000000e+00
Transfer (estimated):
  Unable to estimate local/nonlocal transfer
[Partition 0][Node 0] End of program
=== system charm_old pes 2 iter 2 rep 5 ===
Charm++> Running on MPI library: MPI VERSION    : CRAY MPICH version 8.1.32.110 (ANL base 3.4a2)
MPI BUILD INFO : Thu Feb 06 22:53 2025 (git hash f9c5634)
 (MPI standard: 3.1)
Charm++> Level of thread support used: MPI_THREAD_FUNNELED (desired: MPI_THREAD_FUNNELED)
Charm++> Running in SMP mode: 1 processes, 2 worker threads (PEs) + 1 comm threads per process, 2 PEs total
Charm++> The comm. thread both sends and receives messages
Converse/Charm++ Commit ID: v8.0.1-devel-36-g3c3086b33
CharmLB> Load balancer assumes all CPUs are same.
Charm++> cpu affinity enabled. 
Charm++> Running on 1 hosts (2 sockets x 1 cores x 1 PUs = 3-way SMP)
Charm++> cpu topology info is gathered in 0.001 seconds.
CharmLB> Load balancing instrumentation for communication is off.
Running Task Benchmark
  Configuration:
    Task Graph 1:
      Time Steps: 1000
      Max Width: 2
      Dependence Type: stencil_1d
      Radix: 3
      Period: 0
      Fraction Connected: 0.250000
      Kernel:
        Type: compute_bound
        Iterations: 2
        Samples: 16
        Imbalance: 0.000000
      Output Bytes: 16
      Scratch Bytes: 0
Time for last run: 7.944107e-03
Time for last run: 8.083105e-03
Total Tasks 2000
Total Dependencies 3996
  Unable to estimate local/nonlocal dependencies
Total FLOPs 640000
Total Bytes 0
Elapsed Time 8.083105e-03 seconds
FLOP/s 7.917749e+07
B/s 0.000000e+00
Transfer (estimated):
  Unable to estimate local/nonlocal transfer
[Partition 0][Node 0] End of program
