=== system charm_old pes 4 iter 16384 rep 1 ===
Charm++> Running on MPI library: MPI VERSION    : CRAY MPICH version 8.1.32.110 (ANL base 3.4a2)
MPI BUILD INFO : Thu Feb 06 22:53 2025 (git hash f9c5634)
 (MPI standard: 3.1)
Charm++> Level of thread support used: MPI_THREAD_FUNNELED (desired: MPI_THREAD_FUNNELED)
Charm++> Running in SMP mode: 1 processes, 4 worker threads (PEs) + 1 comm threads per process, 4 PEs total
Charm++> The comm. thread both sends and receives messages
Converse/Charm++ Commit ID: v8.0.1-devel-36-g3c3086b33
CharmLB> Load balancer assumes all CPUs are same.
Charm++> cpu affinity enabled. 
Charm++> Running on 1 hosts (2 sockets x 2 cores x 1 PUs = 5-way SMP)
Charm++> cpu topology info is gathered in 0.001 seconds.
CharmLB> Load balancing instrumentation for communication is off.
Running Task Benchmark
  Configuration:
    Task Graph 1:
      Time Steps: 1000
      Max Width: 4
      Dependence Type: stencil_1d
      Radix: 3
      Period: 0
      Fraction Connected: 0.250000
      Kernel:
        Type: compute_bound
        Iterations: 16384
        Samples: 16
        Imbalance: 0.000000
      Output Bytes: 16
      Scratch Bytes: 0
Time for last run: 7.096314e-02
Time for last run: 7.093883e-02
Total Tasks 4000
Total Dependencies 9990
  Unable to estimate local/nonlocal dependencies
Total FLOPs 8388864000
Total Bytes 0
Elapsed Time 7.093883e-02 seconds
FLOP/s 1.182549e+11
B/s 0.000000e+00
Transfer (estimated):
  Unable to estimate local/nonlocal transfer
[Partition 0][Node 0] End of program
=== system charm_old pes 4 iter 8192 rep 1 ===
Charm++> Running on MPI library: MPI VERSION    : CRAY MPICH version 8.1.32.110 (ANL base 3.4a2)
MPI BUILD INFO : Thu Feb 06 22:53 2025 (git hash f9c5634)
 (MPI standard: 3.1)
Charm++> Level of thread support used: MPI_THREAD_FUNNELED (desired: MPI_THREAD_FUNNELED)
Charm++> Running in SMP mode: 1 processes, 4 worker threads (PEs) + 1 comm threads per process, 4 PEs total
Charm++> The comm. thread both sends and receives messages
Converse/Charm++ Commit ID: v8.0.1-devel-36-g3c3086b33
CharmLB> Load balancer assumes all CPUs are same.
Charm++> cpu affinity enabled. 
Charm++> Running on 1 hosts (2 sockets x 2 cores x 1 PUs = 5-way SMP)
Charm++> cpu topology info is gathered in 0.001 seconds.
CharmLB> Load balancing instrumentation for communication is off.
Running Task Benchmark
  Configuration:
    Task Graph 1:
      Time Steps: 1000
      Max Width: 4
      Dependence Type: stencil_1d
      Radix: 3
      Period: 0
      Fraction Connected: 0.250000
      Kernel:
        Type: compute_bound
        Iterations: 8192
        Samples: 16
        Imbalance: 0.000000
      Output Bytes: 16
      Scratch Bytes: 0
Time for last run: 3.766394e-02
Time for last run: 3.766203e-02
Total Tasks 4000
Total Dependencies 9990
  Unable to estimate local/nonlocal dependencies
Total FLOPs 4194560000
Total Bytes 0
Elapsed Time 3.766203e-02 seconds
FLOP/s 1.113737e+11
B/s 0.000000e+00
Transfer (estimated):
  Unable to estimate local/nonlocal transfer
[Partition 0][Node 0] End of program
=== system charm_old pes 4 iter 4096 rep 1 ===
Charm++> Running on MPI library: MPI VERSION    : CRAY MPICH version 8.1.32.110 (ANL base 3.4a2)
MPI BUILD INFO : Thu Feb 06 22:53 2025 (git hash f9c5634)
 (MPI standard: 3.1)
Charm++> Level of thread support used: MPI_THREAD_FUNNELED (desired: MPI_THREAD_FUNNELED)
Charm++> Running in SMP mode: 1 processes, 4 worker threads (PEs) + 1 comm threads per process, 4 PEs total
Charm++> The comm. thread both sends and receives messages
Converse/Charm++ Commit ID: v8.0.1-devel-36-g3c3086b33
CharmLB> Load balancer assumes all CPUs are same.
Charm++> cpu affinity enabled. 
Charm++> Running on 1 hosts (2 sockets x 2 cores x 1 PUs = 5-way SMP)
Charm++> cpu topology info is gathered in 0.001 seconds.
CharmLB> Load balancing instrumentation for communication is off.
Running Task Benchmark
  Configuration:
    Task Graph 1:
      Time Steps: 1000
      Max Width: 4
      Dependence Type: stencil_1d
      Radix: 3
      Period: 0
      Fraction Connected: 0.250000
      Kernel:
        Type: compute_bound
        Iterations: 4096
        Samples: 16
        Imbalance: 0.000000
      Output Bytes: 16
      Scratch Bytes: 0
Time for last run: 1.933289e-02
Time for last run: 1.927400e-02
Total Tasks 4000
Total Dependencies 9990
  Unable to estimate local/nonlocal dependencies
Total FLOPs 2097408000
Total Bytes 0
Elapsed Time 1.927400e-02 seconds
FLOP/s 1.088206e+11
B/s 0.000000e+00
Transfer (estimated):
  Unable to estimate local/nonlocal transfer
[Partition 0][Node 0] End of program
=== system charm_old pes 4 iter 2048 rep 1 ===
Charm++> Running on MPI library: MPI VERSION    : CRAY MPICH version 8.1.32.110 (ANL base 3.4a2)
MPI BUILD INFO : Thu Feb 06 22:53 2025 (git hash f9c5634)
 (MPI standard: 3.1)
Charm++> Level of thread support used: MPI_THREAD_FUNNELED (desired: MPI_THREAD_FUNNELED)
Charm++> Running in SMP mode: 1 processes, 4 worker threads (PEs) + 1 comm threads per process, 4 PEs total
Charm++> The comm. thread both sends and receives messages
Converse/Charm++ Commit ID: v8.0.1-devel-36-g3c3086b33
CharmLB> Load balancer assumes all CPUs are same.
Charm++> cpu affinity enabled. 
Charm++> Running on 1 hosts (2 sockets x 2 cores x 1 PUs = 5-way SMP)
Charm++> cpu topology info is gathered in 0.001 seconds.
CharmLB> Load balancing instrumentation for communication is off.
Running Task Benchmark
  Configuration:
    Task Graph 1:
      Time Steps: 1000
      Max Width: 4
      Dependence Type: stencil_1d
      Radix: 3
      Period: 0
      Fraction Connected: 0.250000
      Kernel:
        Type: compute_bound
        Iterations: 2048
        Samples: 16
        Imbalance: 0.000000
      Output Bytes: 16
      Scratch Bytes: 0
Time for last run: 1.075101e-02
Time for last run: 1.067305e-02
Total Tasks 4000
Total Dependencies 9990
  Unable to estimate local/nonlocal dependencies
Total FLOPs 1048832000
Total Bytes 0
Elapsed Time 1.067305e-02 seconds
FLOP/s 9.826923e+10
B/s 0.000000e+00
Transfer (estimated):
  Unable to estimate local/nonlocal transfer
[Partition 0][Node 0] End of program
=== system charm_old pes 4 iter 1024 rep 1 ===
Charm++> Running on MPI library: MPI VERSION    : CRAY MPICH version 8.1.32.110 (ANL base 3.4a2)
MPI BUILD INFO : Thu Feb 06 22:53 2025 (git hash f9c5634)
 (MPI standard: 3.1)
Charm++> Level of thread support used: MPI_THREAD_FUNNELED (desired: MPI_THREAD_FUNNELED)
Charm++> Running in SMP mode: 1 processes, 4 worker threads (PEs) + 1 comm threads per process, 4 PEs total
Charm++> The comm. thread both sends and receives messages
Converse/Charm++ Commit ID: v8.0.1-devel-36-g3c3086b33
CharmLB> Load balancer assumes all CPUs are same.
Charm++> cpu affinity enabled. 
Charm++> Running on 1 hosts (2 sockets x 2 cores x 1 PUs = 5-way SMP)
Charm++> cpu topology info is gathered in 0.001 seconds.
CharmLB> Load balancing instrumentation for communication is off.
Running Task Benchmark
  Configuration:
    Task Graph 1:
      Time Steps: 1000
      Max Width: 4
      Dependence Type: stencil_1d
      Radix: 3
      Period: 0
      Fraction Connected: 0.250000
      Kernel:
        Type: compute_bound
        Iterations: 1024
        Samples: 16
        Imbalance: 0.000000
      Output Bytes: 16
      Scratch Bytes: 0
Time for last run: 6.465197e-03
Time for last run: 6.684065e-03
Total Tasks 4000
Total Dependencies 9990
  Unable to estimate local/nonlocal dependencies
Total FLOPs 524544000
Total Bytes 0
Elapsed Time 6.684065e-03 seconds
FLOP/s 7.847680e+10
B/s 0.000000e+00
Transfer (estimated):
  Unable to estimate local/nonlocal transfer
[Partition 0][Node 0] End of program
=== system charm_old pes 4 iter 512 rep 1 ===
Charm++> Running on MPI library: MPI VERSION    : CRAY MPICH version 8.1.32.110 (ANL base 3.4a2)
MPI BUILD INFO : Thu Feb 06 22:53 2025 (git hash f9c5634)
 (MPI standard: 3.1)
Charm++> Level of thread support used: MPI_THREAD_FUNNELED (desired: MPI_THREAD_FUNNELED)
Charm++> Running in SMP mode: 1 processes, 4 worker threads (PEs) + 1 comm threads per process, 4 PEs total
Charm++> The comm. thread both sends and receives messages
Converse/Charm++ Commit ID: v8.0.1-devel-36-g3c3086b33
CharmLB> Load balancer assumes all CPUs are same.
Charm++> cpu affinity enabled. 
Charm++> Running on 1 hosts (2 sockets x 2 cores x 1 PUs = 5-way SMP)
Charm++> cpu topology info is gathered in 0.001 seconds.
CharmLB> Load balancing instrumentation for communication is off.
Running Task Benchmark
  Configuration:
    Task Graph 1:
      Time Steps: 1000
      Max Width: 4
      Dependence Type: stencil_1d
      Radix: 3
      Period: 0
      Fraction Connected: 0.250000
      Kernel:
        Type: compute_bound
        Iterations: 512
        Samples: 16
        Imbalance: 0.000000
      Output Bytes: 16
      Scratch Bytes: 0
Time for last run: 5.220175e-03
Time for last run: 5.223036e-03
Total Tasks 4000
Total Dependencies 9990
  Unable to estimate local/nonlocal dependencies
Total FLOPs 262400000
Total Bytes 0
Elapsed Time 5.223036e-03 seconds
FLOP/s 5.023898e+10
B/s 0.000000e+00
Transfer (estimated):
  Unable to estimate local/nonlocal transfer
[Partition 0][Node 0] End of program
=== system charm_old pes 4 iter 256 rep 1 ===
Charm++> Running on MPI library: MPI VERSION    : CRAY MPICH version 8.1.32.110 (ANL base 3.4a2)
MPI BUILD INFO : Thu Feb 06 22:53 2025 (git hash f9c5634)
 (MPI standard: 3.1)
Charm++> Level of thread support used: MPI_THREAD_FUNNELED (desired: MPI_THREAD_FUNNELED)
Charm++> Running in SMP mode: 1 processes, 4 worker threads (PEs) + 1 comm threads per process, 4 PEs total
Charm++> The comm. thread both sends and receives messages
Converse/Charm++ Commit ID: v8.0.1-devel-36-g3c3086b33
CharmLB> Load balancer assumes all CPUs are same.
Charm++> cpu affinity enabled. 
Charm++> Running on 1 hosts (2 sockets x 2 cores x 1 PUs = 5-way SMP)
Charm++> cpu topology info is gathered in 0.001 seconds.
CharmLB> Load balancing instrumentation for communication is off.
Running Task Benchmark
  Configuration:
    Task Graph 1:
      Time Steps: 1000
      Max Width: 4
      Dependence Type: stencil_1d
      Radix: 3
      Period: 0
      Fraction Connected: 0.250000
      Kernel:
        Type: compute_bound
        Iterations: 256
        Samples: 16
        Imbalance: 0.000000
      Output Bytes: 16
      Scratch Bytes: 0
Time for last run: 3.639936e-03
Time for last run: 3.689051e-03
Total Tasks 4000
Total Dependencies 9990
  Unable to estimate local/nonlocal dependencies
Total FLOPs 131328000
Total Bytes 0
Elapsed Time 3.689051e-03 seconds
FLOP/s 3.559940e+10
B/s 0.000000e+00
Transfer (estimated):
  Unable to estimate local/nonlocal transfer
[Partition 0][Node 0] End of program
=== system charm_old pes 4 iter 128 rep 1 ===
Charm++> Running on MPI library: MPI VERSION    : CRAY MPICH version 8.1.32.110 (ANL base 3.4a2)
MPI BUILD INFO : Thu Feb 06 22:53 2025 (git hash f9c5634)
 (MPI standard: 3.1)
Charm++> Level of thread support used: MPI_THREAD_FUNNELED (desired: MPI_THREAD_FUNNELED)
Charm++> Running in SMP mode: 1 processes, 4 worker threads (PEs) + 1 comm threads per process, 4 PEs total
Charm++> The comm. thread both sends and receives messages
Converse/Charm++ Commit ID: v8.0.1-devel-36-g3c3086b33
CharmLB> Load balancer assumes all CPUs are same.
Charm++> cpu affinity enabled. 
Charm++> Running on 1 hosts (2 sockets x 2 cores x 1 PUs = 5-way SMP)
Charm++> cpu topology info is gathered in 0.001 seconds.
CharmLB> Load balancing instrumentation for communication is off.
Running Task Benchmark
  Configuration:
    Task Graph 1:
      Time Steps: 1000
      Max Width: 4
      Dependence Type: stencil_1d
      Radix: 3
      Period: 0
      Fraction Connected: 0.250000
      Kernel:
        Type: compute_bound
        Iterations: 128
        Samples: 16
        Imbalance: 0.000000
      Output Bytes: 16
      Scratch Bytes: 0
Time for last run: 3.736973e-03
Time for last run: 3.715992e-03
Total Tasks 4000
Total Dependencies 9990
  Unable to estimate local/nonlocal dependencies
Total FLOPs 65792000
Total Bytes 0
Elapsed Time 3.715992e-03 seconds
FLOP/s 1.770510e+10
B/s 0.000000e+00
Transfer (estimated):
  Unable to estimate local/nonlocal transfer
[Partition 0][Node 0] End of program
=== system charm_old pes 4 iter 64 rep 1 ===
Charm++> Running on MPI library: MPI VERSION    : CRAY MPICH version 8.1.32.110 (ANL base 3.4a2)
MPI BUILD INFO : Thu Feb 06 22:53 2025 (git hash f9c5634)
 (MPI standard: 3.1)
Charm++> Level of thread support used: MPI_THREAD_FUNNELED (desired: MPI_THREAD_FUNNELED)
Charm++> Running in SMP mode: 1 processes, 4 worker threads (PEs) + 1 comm threads per process, 4 PEs total
Charm++> The comm. thread both sends and receives messages
Converse/Charm++ Commit ID: v8.0.1-devel-36-g3c3086b33
CharmLB> Load balancer assumes all CPUs are same.
Charm++> cpu affinity enabled. 
Charm++> Running on 1 hosts (2 sockets x 2 cores x 1 PUs = 5-way SMP)
Charm++> cpu topology info is gathered in 0.001 seconds.
CharmLB> Load balancing instrumentation for communication is off.
Running Task Benchmark
  Configuration:
    Task Graph 1:
      Time Steps: 1000
      Max Width: 4
      Dependence Type: stencil_1d
      Radix: 3
      Period: 0
      Fraction Connected: 0.250000
      Kernel:
        Type: compute_bound
        Iterations: 64
        Samples: 16
        Imbalance: 0.000000
      Output Bytes: 16
      Scratch Bytes: 0
Time for last run: 3.215075e-03
Time for last run: 3.231049e-03
Total Tasks 4000
Total Dependencies 9990
  Unable to estimate local/nonlocal dependencies
Total FLOPs 33024000
Total Bytes 0
Elapsed Time 3.231049e-03 seconds
FLOP/s 1.022083e+10
B/s 0.000000e+00
Transfer (estimated):
  Unable to estimate local/nonlocal transfer
[Partition 0][Node 0] End of program
=== system charm_old pes 4 iter 32 rep 1 ===
Charm++> Running on MPI library: MPI VERSION    : CRAY MPICH version 8.1.32.110 (ANL base 3.4a2)
MPI BUILD INFO : Thu Feb 06 22:53 2025 (git hash f9c5634)
 (MPI standard: 3.1)
Charm++> Level of thread support used: MPI_THREAD_FUNNELED (desired: MPI_THREAD_FUNNELED)
Charm++> Running in SMP mode: 1 processes, 4 worker threads (PEs) + 1 comm threads per process, 4 PEs total
Charm++> The comm. thread both sends and receives messages
Converse/Charm++ Commit ID: v8.0.1-devel-36-g3c3086b33
CharmLB> Load balancer assumes all CPUs are same.
Charm++> cpu affinity enabled. 
Charm++> Running on 1 hosts (2 sockets x 2 cores x 1 PUs = 5-way SMP)
Charm++> cpu topology info is gathered in 0.001 seconds.
CharmLB> Load balancing instrumentation for communication is off.
Running Task Benchmark
  Configuration:
    Task Graph 1:
      Time Steps: 1000
      Max Width: 4
      Dependence Type: stencil_1d
      Radix: 3
      Period: 0
      Fraction Connected: 0.250000
      Kernel:
        Type: compute_bound
        Iterations: 32
        Samples: 16
        Imbalance: 0.000000
      Output Bytes: 16
      Scratch Bytes: 0
Time for last run: 3.219128e-03
Time for last run: 3.009081e-03
Total Tasks 4000
Total Dependencies 9990
  Unable to estimate local/nonlocal dependencies
Total FLOPs 16640000
Total Bytes 0
Elapsed Time 3.009081e-03 seconds
FLOP/s 5.529928e+09
B/s 0.000000e+00
Transfer (estimated):
  Unable to estimate local/nonlocal transfer
[Partition 0][Node 0] End of program
=== system charm_old pes 4 iter 16 rep 1 ===
Charm++> Running on MPI library: MPI VERSION    : CRAY MPICH version 8.1.32.110 (ANL base 3.4a2)
MPI BUILD INFO : Thu Feb 06 22:53 2025 (git hash f9c5634)
 (MPI standard: 3.1)
Charm++> Level of thread support used: MPI_THREAD_FUNNELED (desired: MPI_THREAD_FUNNELED)
Charm++> Running in SMP mode: 1 processes, 4 worker threads (PEs) + 1 comm threads per process, 4 PEs total
Charm++> The comm. thread both sends and receives messages
Converse/Charm++ Commit ID: v8.0.1-devel-36-g3c3086b33
CharmLB> Load balancer assumes all CPUs are same.
Charm++> cpu affinity enabled. 
Charm++> Running on 1 hosts (2 sockets x 2 cores x 1 PUs = 5-way SMP)
Charm++> cpu topology info is gathered in 0.001 seconds.
CharmLB> Load balancing instrumentation for communication is off.
Running Task Benchmark
  Configuration:
    Task Graph 1:
      Time Steps: 1000
      Max Width: 4
      Dependence Type: stencil_1d
      Radix: 3
      Period: 0
      Fraction Connected: 0.250000
      Kernel:
        Type: compute_bound
        Iterations: 16
        Samples: 16
        Imbalance: 0.000000
      Output Bytes: 16
      Scratch Bytes: 0
Time for last run: 3.385067e-03
Time for last run: 3.379822e-03
Total Tasks 4000
Total Dependencies 9990
  Unable to estimate local/nonlocal dependencies
Total FLOPs 8448000
Total Bytes 0
Elapsed Time 3.379822e-03 seconds
FLOP/s 2.499540e+09
B/s 0.000000e+00
Transfer (estimated):
  Unable to estimate local/nonlocal transfer
[Partition 0][Node 0] End of program
=== system charm_old pes 4 iter 8 rep 1 ===
Charm++> Running on MPI library: MPI VERSION    : CRAY MPICH version 8.1.32.110 (ANL base 3.4a2)
MPI BUILD INFO : Thu Feb 06 22:53 2025 (git hash f9c5634)
 (MPI standard: 3.1)
Charm++> Level of thread support used: MPI_THREAD_FUNNELED (desired: MPI_THREAD_FUNNELED)
Charm++> Running in SMP mode: 1 processes, 4 worker threads (PEs) + 1 comm threads per process, 4 PEs total
Charm++> The comm. thread both sends and receives messages
Converse/Charm++ Commit ID: v8.0.1-devel-36-g3c3086b33
CharmLB> Load balancer assumes all CPUs are same.
Charm++> cpu affinity enabled. 
Charm++> Running on 1 hosts (2 sockets x 2 cores x 1 PUs = 5-way SMP)
Charm++> cpu topology info is gathered in 0.001 seconds.
CharmLB> Load balancing instrumentation for communication is off.
Running Task Benchmark
  Configuration:
    Task Graph 1:
      Time Steps: 1000
      Max Width: 4
      Dependence Type: stencil_1d
      Radix: 3
      Period: 0
      Fraction Connected: 0.250000
      Kernel:
        Type: compute_bound
        Iterations: 8
        Samples: 16
        Imbalance: 0.000000
      Output Bytes: 16
      Scratch Bytes: 0
Time for last run: 3.209829e-03
Time for last run: 2.979994e-03
Total Tasks 4000
Total Dependencies 9990
  Unable to estimate local/nonlocal dependencies
Total FLOPs 4352000
Total Bytes 0
Elapsed Time 2.979994e-03 seconds
FLOP/s 1.460406e+09
B/s 0.000000e+00
Transfer (estimated):
  Unable to estimate local/nonlocal transfer
[Partition 0][Node 0] End of program
=== system charm_old pes 4 iter 4 rep 1 ===
Charm++> Running on MPI library: MPI VERSION    : CRAY MPICH version 8.1.32.110 (ANL base 3.4a2)
MPI BUILD INFO : Thu Feb 06 22:53 2025 (git hash f9c5634)
 (MPI standard: 3.1)
Charm++> Level of thread support used: MPI_THREAD_FUNNELED (desired: MPI_THREAD_FUNNELED)
Charm++> Running in SMP mode: 1 processes, 4 worker threads (PEs) + 1 comm threads per process, 4 PEs total
Charm++> The comm. thread both sends and receives messages
Converse/Charm++ Commit ID: v8.0.1-devel-36-g3c3086b33
CharmLB> Load balancer assumes all CPUs are same.
Charm++> cpu affinity enabled. 
Charm++> Running on 1 hosts (2 sockets x 2 cores x 1 PUs = 5-way SMP)
Charm++> cpu topology info is gathered in 0.001 seconds.
CharmLB> Load balancing instrumentation for communication is off.
Running Task Benchmark
  Configuration:
    Task Graph 1:
      Time Steps: 1000
      Max Width: 4
      Dependence Type: stencil_1d
      Radix: 3
      Period: 0
      Fraction Connected: 0.250000
      Kernel:
        Type: compute_bound
        Iterations: 4
        Samples: 16
        Imbalance: 0.000000
      Output Bytes: 16
      Scratch Bytes: 0
Time for last run: 2.902985e-03
Time for last run: 2.930880e-03
Total Tasks 4000
Total Dependencies 9990
  Unable to estimate local/nonlocal dependencies
Total FLOPs 2304000
Total Bytes 0
Elapsed Time 2.930880e-03 seconds
FLOP/s 7.861121e+08
B/s 0.000000e+00
Transfer (estimated):
  Unable to estimate local/nonlocal transfer
[Partition 0][Node 0] End of program
=== system charm_old pes 4 iter 2 rep 1 ===
Charm++> Running on MPI library: MPI VERSION    : CRAY MPICH version 8.1.32.110 (ANL base 3.4a2)
MPI BUILD INFO : Thu Feb 06 22:53 2025 (git hash f9c5634)
 (MPI standard: 3.1)
Charm++> Level of thread support used: MPI_THREAD_FUNNELED (desired: MPI_THREAD_FUNNELED)
Charm++> Running in SMP mode: 1 processes, 4 worker threads (PEs) + 1 comm threads per process, 4 PEs total
Charm++> The comm. thread both sends and receives messages
Converse/Charm++ Commit ID: v8.0.1-devel-36-g3c3086b33
CharmLB> Load balancer assumes all CPUs are same.
Charm++> cpu affinity enabled. 
Charm++> Running on 1 hosts (2 sockets x 2 cores x 1 PUs = 5-way SMP)
Charm++> cpu topology info is gathered in 0.001 seconds.
CharmLB> Load balancing instrumentation for communication is off.
Running Task Benchmark
  Configuration:
    Task Graph 1:
      Time Steps: 1000
      Max Width: 4
      Dependence Type: stencil_1d
      Radix: 3
      Period: 0
      Fraction Connected: 0.250000
      Kernel:
        Type: compute_bound
        Iterations: 2
        Samples: 16
        Imbalance: 0.000000
      Output Bytes: 16
      Scratch Bytes: 0
Time for last run: 3.366947e-03
Time for last run: 3.417969e-03
Total Tasks 4000
Total Dependencies 9990
  Unable to estimate local/nonlocal dependencies
Total FLOPs 1280000
Total Bytes 0
Elapsed Time 3.417969e-03 seconds
FLOP/s 3.744914e+08
B/s 0.000000e+00
Transfer (estimated):
  Unable to estimate local/nonlocal transfer
[Partition 0][Node 0] End of program
=== system charm_old pes 4 iter 16384 rep 2 ===
Charm++> Running on MPI library: MPI VERSION    : CRAY MPICH version 8.1.32.110 (ANL base 3.4a2)
MPI BUILD INFO : Thu Feb 06 22:53 2025 (git hash f9c5634)
 (MPI standard: 3.1)
Charm++> Level of thread support used: MPI_THREAD_FUNNELED (desired: MPI_THREAD_FUNNELED)
Charm++> Running in SMP mode: 1 processes, 4 worker threads (PEs) + 1 comm threads per process, 4 PEs total
Charm++> The comm. thread both sends and receives messages
Converse/Charm++ Commit ID: v8.0.1-devel-36-g3c3086b33
CharmLB> Load balancer assumes all CPUs are same.
Charm++> cpu affinity enabled. 
Charm++> Running on 1 hosts (2 sockets x 2 cores x 1 PUs = 5-way SMP)
Charm++> cpu topology info is gathered in 0.001 seconds.
CharmLB> Load balancing instrumentation for communication is off.
Running Task Benchmark
  Configuration:
    Task Graph 1:
      Time Steps: 1000
      Max Width: 4
      Dependence Type: stencil_1d
      Radix: 3
      Period: 0
      Fraction Connected: 0.250000
      Kernel:
        Type: compute_bound
        Iterations: 16384
        Samples: 16
        Imbalance: 0.000000
      Output Bytes: 16
      Scratch Bytes: 0
Time for last run: 7.088184e-02
Time for last run: 7.083082e-02
Total Tasks 4000
Total Dependencies 9990
  Unable to estimate local/nonlocal dependencies
Total FLOPs 8388864000
Total Bytes 0
Elapsed Time 7.083082e-02 seconds
FLOP/s 1.184352e+11
B/s 0.000000e+00
Transfer (estimated):
  Unable to estimate local/nonlocal transfer
[Partition 0][Node 0] End of program
=== system charm_old pes 4 iter 8192 rep 2 ===
Charm++> Running on MPI library: MPI VERSION    : CRAY MPICH version 8.1.32.110 (ANL base 3.4a2)
MPI BUILD INFO : Thu Feb 06 22:53 2025 (git hash f9c5634)
 (MPI standard: 3.1)
Charm++> Level of thread support used: MPI_THREAD_FUNNELED (desired: MPI_THREAD_FUNNELED)
Charm++> Running in SMP mode: 1 processes, 4 worker threads (PEs) + 1 comm threads per process, 4 PEs total
Charm++> The comm. thread both sends and receives messages
Converse/Charm++ Commit ID: v8.0.1-devel-36-g3c3086b33
CharmLB> Load balancer assumes all CPUs are same.
Charm++> cpu affinity enabled. 
Charm++> Running on 1 hosts (2 sockets x 2 cores x 1 PUs = 5-way SMP)
Charm++> cpu topology info is gathered in 0.001 seconds.
CharmLB> Load balancing instrumentation for communication is off.
Running Task Benchmark
  Configuration:
    Task Graph 1:
      Time Steps: 1000
      Max Width: 4
      Dependence Type: stencil_1d
      Radix: 3
      Period: 0
      Fraction Connected: 0.250000
      Kernel:
        Type: compute_bound
        Iterations: 8192
        Samples: 16
        Imbalance: 0.000000
      Output Bytes: 16
      Scratch Bytes: 0
Time for last run: 3.673816e-02
Time for last run: 3.641510e-02
Total Tasks 4000
Total Dependencies 9990
  Unable to estimate local/nonlocal dependencies
Total FLOPs 4194560000
Total Bytes 0
Elapsed Time 3.641510e-02 seconds
FLOP/s 1.151874e+11
B/s 0.000000e+00
Transfer (estimated):
  Unable to estimate local/nonlocal transfer
[Partition 0][Node 0] End of program
=== system charm_old pes 4 iter 4096 rep 2 ===
Charm++> Running on MPI library: MPI VERSION    : CRAY MPICH version 8.1.32.110 (ANL base 3.4a2)
MPI BUILD INFO : Thu Feb 06 22:53 2025 (git hash f9c5634)
 (MPI standard: 3.1)
Charm++> Level of thread support used: MPI_THREAD_FUNNELED (desired: MPI_THREAD_FUNNELED)
Charm++> Running in SMP mode: 1 processes, 4 worker threads (PEs) + 1 comm threads per process, 4 PEs total
Charm++> The comm. thread both sends and receives messages
Converse/Charm++ Commit ID: v8.0.1-devel-36-g3c3086b33
CharmLB> Load balancer assumes all CPUs are same.
Charm++> cpu affinity enabled. 
Charm++> Running on 1 hosts (2 sockets x 2 cores x 1 PUs = 5-way SMP)
Charm++> cpu topology info is gathered in 0.001 seconds.
CharmLB> Load balancing instrumentation for communication is off.
Running Task Benchmark
  Configuration:
    Task Graph 1:
      Time Steps: 1000
      Max Width: 4
      Dependence Type: stencil_1d
      Radix: 3
      Period: 0
      Fraction Connected: 0.250000
      Kernel:
        Type: compute_bound
        Iterations: 4096
        Samples: 16
        Imbalance: 0.000000
      Output Bytes: 16
      Scratch Bytes: 0
Time for last run: 2.037406e-02
Time for last run: 2.034402e-02
Total Tasks 4000
Total Dependencies 9990
  Unable to estimate local/nonlocal dependencies
Total FLOPs 2097408000
Total Bytes 0
Elapsed Time 2.034402e-02 seconds
FLOP/s 1.030970e+11
B/s 0.000000e+00
Transfer (estimated):
  Unable to estimate local/nonlocal transfer
[Partition 0][Node 0] End of program
=== system charm_old pes 4 iter 2048 rep 2 ===
Charm++> Running on MPI library: MPI VERSION    : CRAY MPICH version 8.1.32.110 (ANL base 3.4a2)
MPI BUILD INFO : Thu Feb 06 22:53 2025 (git hash f9c5634)
 (MPI standard: 3.1)
Charm++> Level of thread support used: MPI_THREAD_FUNNELED (desired: MPI_THREAD_FUNNELED)
Charm++> Running in SMP mode: 1 processes, 4 worker threads (PEs) + 1 comm threads per process, 4 PEs total
Charm++> The comm. thread both sends and receives messages
Converse/Charm++ Commit ID: v8.0.1-devel-36-g3c3086b33
CharmLB> Load balancer assumes all CPUs are same.
Charm++> cpu affinity enabled. 
Charm++> Running on 1 hosts (2 sockets x 2 cores x 1 PUs = 5-way SMP)
Charm++> cpu topology info is gathered in 0.001 seconds.
CharmLB> Load balancing instrumentation for communication is off.
Running Task Benchmark
  Configuration:
    Task Graph 1:
      Time Steps: 1000
      Max Width: 4
      Dependence Type: stencil_1d
      Radix: 3
      Period: 0
      Fraction Connected: 0.250000
      Kernel:
        Type: compute_bound
        Iterations: 2048
        Samples: 16
        Imbalance: 0.000000
      Output Bytes: 16
      Scratch Bytes: 0
Time for last run: 1.175308e-02
Time for last run: 1.172686e-02
Total Tasks 4000
Total Dependencies 9990
  Unable to estimate local/nonlocal dependencies
Total FLOPs 1048832000
Total Bytes 0
Elapsed Time 1.172686e-02 seconds
FLOP/s 8.943846e+10
B/s 0.000000e+00
Transfer (estimated):
  Unable to estimate local/nonlocal transfer
[Partition 0][Node 0] End of program
=== system charm_old pes 4 iter 1024 rep 2 ===
Charm++> Running on MPI library: MPI VERSION    : CRAY MPICH version 8.1.32.110 (ANL base 3.4a2)
MPI BUILD INFO : Thu Feb 06 22:53 2025 (git hash f9c5634)
 (MPI standard: 3.1)
Charm++> Level of thread support used: MPI_THREAD_FUNNELED (desired: MPI_THREAD_FUNNELED)
Charm++> Running in SMP mode: 1 processes, 4 worker threads (PEs) + 1 comm threads per process, 4 PEs total
Charm++> The comm. thread both sends and receives messages
Converse/Charm++ Commit ID: v8.0.1-devel-36-g3c3086b33
CharmLB> Load balancer assumes all CPUs are same.
Charm++> cpu affinity enabled. 
Charm++> Running on 1 hosts (2 sockets x 2 cores x 1 PUs = 5-way SMP)
Charm++> cpu topology info is gathered in 0.001 seconds.
CharmLB> Load balancing instrumentation for communication is off.
Running Task Benchmark
  Configuration:
    Task Graph 1:
      Time Steps: 1000
      Max Width: 4
      Dependence Type: stencil_1d
      Radix: 3
      Period: 0
      Fraction Connected: 0.250000
      Kernel:
        Type: compute_bound
        Iterations: 1024
        Samples: 16
        Imbalance: 0.000000
      Output Bytes: 16
      Scratch Bytes: 0
Time for last run: 6.361961e-03
Time for last run: 6.139994e-03
Total Tasks 4000
Total Dependencies 9990
  Unable to estimate local/nonlocal dependencies
Total FLOPs 524544000
Total Bytes 0
Elapsed Time 6.139994e-03 seconds
FLOP/s 8.543071e+10
B/s 0.000000e+00
Transfer (estimated):
  Unable to estimate local/nonlocal transfer
[Partition 0][Node 0] End of program
=== system charm_old pes 4 iter 512 rep 2 ===
Charm++> Running on MPI library: MPI VERSION    : CRAY MPICH version 8.1.32.110 (ANL base 3.4a2)
MPI BUILD INFO : Thu Feb 06 22:53 2025 (git hash f9c5634)
 (MPI standard: 3.1)
Charm++> Level of thread support used: MPI_THREAD_FUNNELED (desired: MPI_THREAD_FUNNELED)
Charm++> Running in SMP mode: 1 processes, 4 worker threads (PEs) + 1 comm threads per process, 4 PEs total
Charm++> The comm. thread both sends and receives messages
Converse/Charm++ Commit ID: v8.0.1-devel-36-g3c3086b33
CharmLB> Load balancer assumes all CPUs are same.
Charm++> cpu affinity enabled. 
Charm++> Running on 1 hosts (2 sockets x 2 cores x 1 PUs = 5-way SMP)
Charm++> cpu topology info is gathered in 0.001 seconds.
CharmLB> Load balancing instrumentation for communication is off.
Running Task Benchmark
  Configuration:
    Task Graph 1:
      Time Steps: 1000
      Max Width: 4
      Dependence Type: stencil_1d
      Radix: 3
      Period: 0
      Fraction Connected: 0.250000
      Kernel:
        Type: compute_bound
        Iterations: 512
        Samples: 16
        Imbalance: 0.000000
      Output Bytes: 16
      Scratch Bytes: 0
Time for last run: 4.519939e-03
Time for last run: 4.468918e-03
Total Tasks 4000
Total Dependencies 9990
  Unable to estimate local/nonlocal dependencies
Total FLOPs 262400000
Total Bytes 0
Elapsed Time 4.468918e-03 seconds
FLOP/s 5.871668e+10
B/s 0.000000e+00
Transfer (estimated):
  Unable to estimate local/nonlocal transfer
[Partition 0][Node 0] End of program
=== system charm_old pes 4 iter 256 rep 2 ===
Charm++> Running on MPI library: MPI VERSION    : CRAY MPICH version 8.1.32.110 (ANL base 3.4a2)
MPI BUILD INFO : Thu Feb 06 22:53 2025 (git hash f9c5634)
 (MPI standard: 3.1)
Charm++> Level of thread support used: MPI_THREAD_FUNNELED (desired: MPI_THREAD_FUNNELED)
Charm++> Running in SMP mode: 1 processes, 4 worker threads (PEs) + 1 comm threads per process, 4 PEs total
Charm++> The comm. thread both sends and receives messages
Converse/Charm++ Commit ID: v8.0.1-devel-36-g3c3086b33
CharmLB> Load balancer assumes all CPUs are same.
Charm++> cpu affinity enabled. 
Charm++> Running on 1 hosts (2 sockets x 2 cores x 1 PUs = 5-way SMP)
Charm++> cpu topology info is gathered in 0.001 seconds.
CharmLB> Load balancing instrumentation for communication is off.
Running Task Benchmark
  Configuration:
    Task Graph 1:
      Time Steps: 1000
      Max Width: 4
      Dependence Type: stencil_1d
      Radix: 3
      Period: 0
      Fraction Connected: 0.250000
      Kernel:
        Type: compute_bound
        Iterations: 256
        Samples: 16
        Imbalance: 0.000000
      Output Bytes: 16
      Scratch Bytes: 0
Time for last run: 3.513098e-03
Time for last run: 3.519058e-03
Total Tasks 4000
Total Dependencies 9990
  Unable to estimate local/nonlocal dependencies
Total FLOPs 131328000
Total Bytes 0
Elapsed Time 3.519058e-03 seconds
FLOP/s 3.731908e+10
B/s 0.000000e+00
Transfer (estimated):
  Unable to estimate local/nonlocal transfer
[Partition 0][Node 0] End of program
=== system charm_old pes 4 iter 128 rep 2 ===
Charm++> Running on MPI library: MPI VERSION    : CRAY MPICH version 8.1.32.110 (ANL base 3.4a2)
MPI BUILD INFO : Thu Feb 06 22:53 2025 (git hash f9c5634)
 (MPI standard: 3.1)
Charm++> Level of thread support used: MPI_THREAD_FUNNELED (desired: MPI_THREAD_FUNNELED)
Charm++> Running in SMP mode: 1 processes, 4 worker threads (PEs) + 1 comm threads per process, 4 PEs total
Charm++> The comm. thread both sends and receives messages
Converse/Charm++ Commit ID: v8.0.1-devel-36-g3c3086b33
CharmLB> Load balancer assumes all CPUs are same.
Charm++> cpu affinity enabled. 
Charm++> Running on 1 hosts (2 sockets x 2 cores x 1 PUs = 5-way SMP)
Charm++> cpu topology info is gathered in 0.001 seconds.
CharmLB> Load balancing instrumentation for communication is off.
Running Task Benchmark
  Configuration:
    Task Graph 1:
      Time Steps: 1000
      Max Width: 4
      Dependence Type: stencil_1d
      Radix: 3
      Period: 0
      Fraction Connected: 0.250000
      Kernel:
        Type: compute_bound
        Iterations: 128
        Samples: 16
        Imbalance: 0.000000
      Output Bytes: 16
      Scratch Bytes: 0
Time for last run: 3.768921e-03
Time for last run: 3.767014e-03
Total Tasks 4000
Total Dependencies 9990
  Unable to estimate local/nonlocal dependencies
Total FLOPs 65792000
Total Bytes 0
Elapsed Time 3.767014e-03 seconds
FLOP/s 1.746529e+10
B/s 0.000000e+00
Transfer (estimated):
  Unable to estimate local/nonlocal transfer
[Partition 0][Node 0] End of program
=== system charm_old pes 4 iter 64 rep 2 ===
Charm++> Running on MPI library: MPI VERSION    : CRAY MPICH version 8.1.32.110 (ANL base 3.4a2)
MPI BUILD INFO : Thu Feb 06 22:53 2025 (git hash f9c5634)
 (MPI standard: 3.1)
Charm++> Level of thread support used: MPI_THREAD_FUNNELED (desired: MPI_THREAD_FUNNELED)
Charm++> Running in SMP mode: 1 processes, 4 worker threads (PEs) + 1 comm threads per process, 4 PEs total
Charm++> The comm. thread both sends and receives messages
Converse/Charm++ Commit ID: v8.0.1-devel-36-g3c3086b33
CharmLB> Load balancer assumes all CPUs are same.
Charm++> cpu affinity enabled. 
Charm++> Running on 1 hosts (2 sockets x 2 cores x 1 PUs = 5-way SMP)
Charm++> cpu topology info is gathered in 0.001 seconds.
CharmLB> Load balancing instrumentation for communication is off.
Running Task Benchmark
  Configuration:
    Task Graph 1:
      Time Steps: 1000
      Max Width: 4
      Dependence Type: stencil_1d
      Radix: 3
      Period: 0
      Fraction Connected: 0.250000
      Kernel:
        Type: compute_bound
        Iterations: 64
        Samples: 16
        Imbalance: 0.000000
      Output Bytes: 16
      Scratch Bytes: 0
Time for last run: 3.173113e-03
Time for last run: 3.217936e-03
Total Tasks 4000
Total Dependencies 9990
  Unable to estimate local/nonlocal dependencies
Total FLOPs 33024000
Total Bytes 0
Elapsed Time 3.217936e-03 seconds
FLOP/s 1.026248e+10
B/s 0.000000e+00
Transfer (estimated):
  Unable to estimate local/nonlocal transfer
[Partition 0][Node 0] End of program
=== system charm_old pes 4 iter 32 rep 2 ===
Charm++> Running on MPI library: MPI VERSION    : CRAY MPICH version 8.1.32.110 (ANL base 3.4a2)
MPI BUILD INFO : Thu Feb 06 22:53 2025 (git hash f9c5634)
 (MPI standard: 3.1)
Charm++> Level of thread support used: MPI_THREAD_FUNNELED (desired: MPI_THREAD_FUNNELED)
Charm++> Running in SMP mode: 1 processes, 4 worker threads (PEs) + 1 comm threads per process, 4 PEs total
Charm++> The comm. thread both sends and receives messages
Converse/Charm++ Commit ID: v8.0.1-devel-36-g3c3086b33
CharmLB> Load balancer assumes all CPUs are same.
Charm++> cpu affinity enabled. 
Charm++> Running on 1 hosts (2 sockets x 2 cores x 1 PUs = 5-way SMP)
Charm++> cpu topology info is gathered in 0.001 seconds.
CharmLB> Load balancing instrumentation for communication is off.
Running Task Benchmark
  Configuration:
    Task Graph 1:
      Time Steps: 1000
      Max Width: 4
      Dependence Type: stencil_1d
      Radix: 3
      Period: 0
      Fraction Connected: 0.250000
      Kernel:
        Type: compute_bound
        Iterations: 32
        Samples: 16
        Imbalance: 0.000000
      Output Bytes: 16
      Scratch Bytes: 0
Time for last run: 3.053904e-03
Time for last run: 3.133059e-03
Total Tasks 4000
Total Dependencies 9990
  Unable to estimate local/nonlocal dependencies
Total FLOPs 16640000
Total Bytes 0
Elapsed Time 3.133059e-03 seconds
FLOP/s 5.311104e+09
B/s 0.000000e+00
Transfer (estimated):
  Unable to estimate local/nonlocal transfer
[Partition 0][Node 0] End of program
=== system charm_old pes 4 iter 16 rep 2 ===
Charm++> Running on MPI library: MPI VERSION    : CRAY MPICH version 8.1.32.110 (ANL base 3.4a2)
MPI BUILD INFO : Thu Feb 06 22:53 2025 (git hash f9c5634)
 (MPI standard: 3.1)
Charm++> Level of thread support used: MPI_THREAD_FUNNELED (desired: MPI_THREAD_FUNNELED)
Charm++> Running in SMP mode: 1 processes, 4 worker threads (PEs) + 1 comm threads per process, 4 PEs total
Charm++> The comm. thread both sends and receives messages
Converse/Charm++ Commit ID: v8.0.1-devel-36-g3c3086b33
CharmLB> Load balancer assumes all CPUs are same.
Charm++> cpu affinity enabled. 
Charm++> Running on 1 hosts (2 sockets x 2 cores x 1 PUs = 5-way SMP)
Charm++> cpu topology info is gathered in 0.001 seconds.
CharmLB> Load balancing instrumentation for communication is off.
Running Task Benchmark
  Configuration:
    Task Graph 1:
      Time Steps: 1000
      Max Width: 4
      Dependence Type: stencil_1d
      Radix: 3
      Period: 0
      Fraction Connected: 0.250000
      Kernel:
        Type: compute_bound
        Iterations: 16
        Samples: 16
        Imbalance: 0.000000
      Output Bytes: 16
      Scratch Bytes: 0
Time for last run: 3.278971e-03
Time for last run: 3.293991e-03
Total Tasks 4000
Total Dependencies 9990
  Unable to estimate local/nonlocal dependencies
Total FLOPs 8448000
Total Bytes 0
Elapsed Time 3.293991e-03 seconds
FLOP/s 2.564670e+09
B/s 0.000000e+00
Transfer (estimated):
  Unable to estimate local/nonlocal transfer
[Partition 0][Node 0] End of program
=== system charm_old pes 4 iter 8 rep 2 ===
Charm++> Running on MPI library: MPI VERSION    : CRAY MPICH version 8.1.32.110 (ANL base 3.4a2)
MPI BUILD INFO : Thu Feb 06 22:53 2025 (git hash f9c5634)
 (MPI standard: 3.1)
Charm++> Level of thread support used: MPI_THREAD_FUNNELED (desired: MPI_THREAD_FUNNELED)
Charm++> Running in SMP mode: 1 processes, 4 worker threads (PEs) + 1 comm threads per process, 4 PEs total
Charm++> The comm. thread both sends and receives messages
Converse/Charm++ Commit ID: v8.0.1-devel-36-g3c3086b33
CharmLB> Load balancer assumes all CPUs are same.
Charm++> cpu affinity enabled. 
Charm++> Running on 1 hosts (2 sockets x 2 cores x 1 PUs = 5-way SMP)
Charm++> cpu topology info is gathered in 0.001 seconds.
CharmLB> Load balancing instrumentation for communication is off.
Running Task Benchmark
  Configuration:
    Task Graph 1:
      Time Steps: 1000
      Max Width: 4
      Dependence Type: stencil_1d
      Radix: 3
      Period: 0
      Fraction Connected: 0.250000
      Kernel:
        Type: compute_bound
        Iterations: 8
        Samples: 16
        Imbalance: 0.000000
      Output Bytes: 16
      Scratch Bytes: 0
Time for last run: 3.319979e-03
Time for last run: 3.318071e-03
Total Tasks 4000
Total Dependencies 9990
  Unable to estimate local/nonlocal dependencies
Total FLOPs 4352000
Total Bytes 0
Elapsed Time 3.318071e-03 seconds
FLOP/s 1.311605e+09
B/s 0.000000e+00
Transfer (estimated):
  Unable to estimate local/nonlocal transfer
[Partition 0][Node 0] End of program
=== system charm_old pes 4 iter 4 rep 2 ===
Charm++> Running on MPI library: MPI VERSION    : CRAY MPICH version 8.1.32.110 (ANL base 3.4a2)
MPI BUILD INFO : Thu Feb 06 22:53 2025 (git hash f9c5634)
 (MPI standard: 3.1)
Charm++> Level of thread support used: MPI_THREAD_FUNNELED (desired: MPI_THREAD_FUNNELED)
Charm++> Running in SMP mode: 1 processes, 4 worker threads (PEs) + 1 comm threads per process, 4 PEs total
Charm++> The comm. thread both sends and receives messages
Converse/Charm++ Commit ID: v8.0.1-devel-36-g3c3086b33
CharmLB> Load balancer assumes all CPUs are same.
Charm++> cpu affinity enabled. 
Charm++> Running on 1 hosts (2 sockets x 2 cores x 1 PUs = 5-way SMP)
Charm++> cpu topology info is gathered in 0.001 seconds.
CharmLB> Load balancing instrumentation for communication is off.
Running Task Benchmark
  Configuration:
    Task Graph 1:
      Time Steps: 1000
      Max Width: 4
      Dependence Type: stencil_1d
      Radix: 3
      Period: 0
      Fraction Connected: 0.250000
      Kernel:
        Type: compute_bound
        Iterations: 4
        Samples: 16
        Imbalance: 0.000000
      Output Bytes: 16
      Scratch Bytes: 0
Time for last run: 3.046989e-03
Time for last run: 3.036976e-03
Total Tasks 4000
Total Dependencies 9990
  Unable to estimate local/nonlocal dependencies
Total FLOPs 2304000
Total Bytes 0
Elapsed Time 3.036976e-03 seconds
FLOP/s 7.586494e+08
B/s 0.000000e+00
Transfer (estimated):
  Unable to estimate local/nonlocal transfer
[Partition 0][Node 0] End of program
=== system charm_old pes 4 iter 2 rep 2 ===
Charm++> Running on MPI library: MPI VERSION    : CRAY MPICH version 8.1.32.110 (ANL base 3.4a2)
MPI BUILD INFO : Thu Feb 06 22:53 2025 (git hash f9c5634)
 (MPI standard: 3.1)
Charm++> Level of thread support used: MPI_THREAD_FUNNELED (desired: MPI_THREAD_FUNNELED)
Charm++> Running in SMP mode: 1 processes, 4 worker threads (PEs) + 1 comm threads per process, 4 PEs total
Charm++> The comm. thread both sends and receives messages
Converse/Charm++ Commit ID: v8.0.1-devel-36-g3c3086b33
CharmLB> Load balancer assumes all CPUs are same.
Charm++> cpu affinity enabled. 
Charm++> Running on 1 hosts (2 sockets x 2 cores x 1 PUs = 5-way SMP)
Charm++> cpu topology info is gathered in 0.001 seconds.
CharmLB> Load balancing instrumentation for communication is off.
Running Task Benchmark
  Configuration:
    Task Graph 1:
      Time Steps: 1000
      Max Width: 4
      Dependence Type: stencil_1d
      Radix: 3
      Period: 0
      Fraction Connected: 0.250000
      Kernel:
        Type: compute_bound
        Iterations: 2
        Samples: 16
        Imbalance: 0.000000
      Output Bytes: 16
      Scratch Bytes: 0
Time for last run: 3.012180e-03
Time for last run: 3.090143e-03
Total Tasks 4000
Total Dependencies 9990
  Unable to estimate local/nonlocal dependencies
Total FLOPs 1280000
Total Bytes 0
Elapsed Time 3.090143e-03 seconds
FLOP/s 4.142203e+08
B/s 0.000000e+00
Transfer (estimated):
  Unable to estimate local/nonlocal transfer
[Partition 0][Node 0] End of program
=== system charm_old pes 4 iter 16384 rep 3 ===
Charm++> Running on MPI library: MPI VERSION    : CRAY MPICH version 8.1.32.110 (ANL base 3.4a2)
MPI BUILD INFO : Thu Feb 06 22:53 2025 (git hash f9c5634)
 (MPI standard: 3.1)
Charm++> Level of thread support used: MPI_THREAD_FUNNELED (desired: MPI_THREAD_FUNNELED)
Charm++> Running in SMP mode: 1 processes, 4 worker threads (PEs) + 1 comm threads per process, 4 PEs total
Charm++> The comm. thread both sends and receives messages
Converse/Charm++ Commit ID: v8.0.1-devel-36-g3c3086b33
CharmLB> Load balancer assumes all CPUs are same.
Charm++> cpu affinity enabled. 
Charm++> Running on 1 hosts (2 sockets x 2 cores x 1 PUs = 5-way SMP)
Charm++> cpu topology info is gathered in 0.001 seconds.
CharmLB> Load balancing instrumentation for communication is off.
Running Task Benchmark
  Configuration:
    Task Graph 1:
      Time Steps: 1000
      Max Width: 4
      Dependence Type: stencil_1d
      Radix: 3
      Period: 0
      Fraction Connected: 0.250000
      Kernel:
        Type: compute_bound
        Iterations: 16384
        Samples: 16
        Imbalance: 0.000000
      Output Bytes: 16
      Scratch Bytes: 0
Time for last run: 7.219982e-02
Time for last run: 7.220697e-02
Total Tasks 4000
Total Dependencies 9990
  Unable to estimate local/nonlocal dependencies
Total FLOPs 8388864000
Total Bytes 0
Elapsed Time 7.220697e-02 seconds
FLOP/s 1.161780e+11
B/s 0.000000e+00
Transfer (estimated):
  Unable to estimate local/nonlocal transfer
[Partition 0][Node 0] End of program
=== system charm_old pes 4 iter 8192 rep 3 ===
Charm++> Running on MPI library: MPI VERSION    : CRAY MPICH version 8.1.32.110 (ANL base 3.4a2)
MPI BUILD INFO : Thu Feb 06 22:53 2025 (git hash f9c5634)
 (MPI standard: 3.1)
Charm++> Level of thread support used: MPI_THREAD_FUNNELED (desired: MPI_THREAD_FUNNELED)
Charm++> Running in SMP mode: 1 processes, 4 worker threads (PEs) + 1 comm threads per process, 4 PEs total
Charm++> The comm. thread both sends and receives messages
Converse/Charm++ Commit ID: v8.0.1-devel-36-g3c3086b33
CharmLB> Load balancer assumes all CPUs are same.
Charm++> cpu affinity enabled. 
Charm++> Running on 1 hosts (2 sockets x 2 cores x 1 PUs = 5-way SMP)
Charm++> cpu topology info is gathered in 0.001 seconds.
CharmLB> Load balancing instrumentation for communication is off.
Running Task Benchmark
  Configuration:
    Task Graph 1:
      Time Steps: 1000
      Max Width: 4
      Dependence Type: stencil_1d
      Radix: 3
      Period: 0
      Fraction Connected: 0.250000
      Kernel:
        Type: compute_bound
        Iterations: 8192
        Samples: 16
        Imbalance: 0.000000
      Output Bytes: 16
      Scratch Bytes: 0
Time for last run: 3.652811e-02
Time for last run: 3.647399e-02
Total Tasks 4000
Total Dependencies 9990
  Unable to estimate local/nonlocal dependencies
Total FLOPs 4194560000
Total Bytes 0
Elapsed Time 3.647399e-02 seconds
FLOP/s 1.150014e+11
B/s 0.000000e+00
Transfer (estimated):
  Unable to estimate local/nonlocal transfer
[Partition 0][Node 0] End of program
=== system charm_old pes 4 iter 4096 rep 3 ===
Charm++> Running on MPI library: MPI VERSION    : CRAY MPICH version 8.1.32.110 (ANL base 3.4a2)
MPI BUILD INFO : Thu Feb 06 22:53 2025 (git hash f9c5634)
 (MPI standard: 3.1)
Charm++> Level of thread support used: MPI_THREAD_FUNNELED (desired: MPI_THREAD_FUNNELED)
Charm++> Running in SMP mode: 1 processes, 4 worker threads (PEs) + 1 comm threads per process, 4 PEs total
Charm++> The comm. thread both sends and receives messages
Converse/Charm++ Commit ID: v8.0.1-devel-36-g3c3086b33
CharmLB> Load balancer assumes all CPUs are same.
Charm++> cpu affinity enabled. 
Charm++> Running on 1 hosts (2 sockets x 2 cores x 1 PUs = 5-way SMP)
Charm++> cpu topology info is gathered in 0.001 seconds.
CharmLB> Load balancing instrumentation for communication is off.
Running Task Benchmark
  Configuration:
    Task Graph 1:
      Time Steps: 1000
      Max Width: 4
      Dependence Type: stencil_1d
      Radix: 3
      Period: 0
      Fraction Connected: 0.250000
      Kernel:
        Type: compute_bound
        Iterations: 4096
        Samples: 16
        Imbalance: 0.000000
      Output Bytes: 16
      Scratch Bytes: 0
Time for last run: 1.931596e-02
Time for last run: 1.936388e-02
Total Tasks 4000
Total Dependencies 9990
  Unable to estimate local/nonlocal dependencies
Total FLOPs 2097408000
Total Bytes 0
Elapsed Time 1.936388e-02 seconds
FLOP/s 1.083155e+11
B/s 0.000000e+00
Transfer (estimated):
  Unable to estimate local/nonlocal transfer
[Partition 0][Node 0] End of program
=== system charm_old pes 4 iter 2048 rep 3 ===
Charm++> Running on MPI library: MPI VERSION    : CRAY MPICH version 8.1.32.110 (ANL base 3.4a2)
MPI BUILD INFO : Thu Feb 06 22:53 2025 (git hash f9c5634)
 (MPI standard: 3.1)
Charm++> Level of thread support used: MPI_THREAD_FUNNELED (desired: MPI_THREAD_FUNNELED)
Charm++> Running in SMP mode: 1 processes, 4 worker threads (PEs) + 1 comm threads per process, 4 PEs total
Charm++> The comm. thread both sends and receives messages
Converse/Charm++ Commit ID: v8.0.1-devel-36-g3c3086b33
CharmLB> Load balancer assumes all CPUs are same.
Charm++> cpu affinity enabled. 
Charm++> Running on 1 hosts (2 sockets x 2 cores x 1 PUs = 5-way SMP)
Charm++> cpu topology info is gathered in 0.001 seconds.
CharmLB> Load balancing instrumentation for communication is off.
Running Task Benchmark
  Configuration:
    Task Graph 1:
      Time Steps: 1000
      Max Width: 4
      Dependence Type: stencil_1d
      Radix: 3
      Period: 0
      Fraction Connected: 0.250000
      Kernel:
        Type: compute_bound
        Iterations: 2048
        Samples: 16
        Imbalance: 0.000000
      Output Bytes: 16
      Scratch Bytes: 0
Time for last run: 1.185608e-02
Time for last run: 1.175594e-02
Total Tasks 4000
Total Dependencies 9990
  Unable to estimate local/nonlocal dependencies
Total FLOPs 1048832000
Total Bytes 0
Elapsed Time 1.175594e-02 seconds
FLOP/s 8.921717e+10
B/s 0.000000e+00
Transfer (estimated):
  Unable to estimate local/nonlocal transfer
[Partition 0][Node 0] End of program
=== system charm_old pes 4 iter 1024 rep 3 ===
Charm++> Running on MPI library: MPI VERSION    : CRAY MPICH version 8.1.32.110 (ANL base 3.4a2)
MPI BUILD INFO : Thu Feb 06 22:53 2025 (git hash f9c5634)
 (MPI standard: 3.1)
Charm++> Level of thread support used: MPI_THREAD_FUNNELED (desired: MPI_THREAD_FUNNELED)
Charm++> Running in SMP mode: 1 processes, 4 worker threads (PEs) + 1 comm threads per process, 4 PEs total
Charm++> The comm. thread both sends and receives messages
Converse/Charm++ Commit ID: v8.0.1-devel-36-g3c3086b33
CharmLB> Load balancer assumes all CPUs are same.
Charm++> cpu affinity enabled. 
Charm++> Running on 1 hosts (2 sockets x 2 cores x 1 PUs = 5-way SMP)
Charm++> cpu topology info is gathered in 0.001 seconds.
CharmLB> Load balancing instrumentation for communication is off.
Running Task Benchmark
  Configuration:
    Task Graph 1:
      Time Steps: 1000
      Max Width: 4
      Dependence Type: stencil_1d
      Radix: 3
      Period: 0
      Fraction Connected: 0.250000
      Kernel:
        Type: compute_bound
        Iterations: 1024
        Samples: 16
        Imbalance: 0.000000
      Output Bytes: 16
      Scratch Bytes: 0
Time for last run: 6.419897e-03
Time for last run: 6.426096e-03
Total Tasks 4000
Total Dependencies 9990
  Unable to estimate local/nonlocal dependencies
Total FLOPs 524544000
Total Bytes 0
Elapsed Time 6.426096e-03 seconds
FLOP/s 8.162717e+10
B/s 0.000000e+00
Transfer (estimated):
  Unable to estimate local/nonlocal transfer
[Partition 0][Node 0] End of program
=== system charm_old pes 4 iter 512 rep 3 ===
Charm++> Running on MPI library: MPI VERSION    : CRAY MPICH version 8.1.32.110 (ANL base 3.4a2)
MPI BUILD INFO : Thu Feb 06 22:53 2025 (git hash f9c5634)
 (MPI standard: 3.1)
Charm++> Level of thread support used: MPI_THREAD_FUNNELED (desired: MPI_THREAD_FUNNELED)
Charm++> Running in SMP mode: 1 processes, 4 worker threads (PEs) + 1 comm threads per process, 4 PEs total
Charm++> The comm. thread both sends and receives messages
Converse/Charm++ Commit ID: v8.0.1-devel-36-g3c3086b33
CharmLB> Load balancer assumes all CPUs are same.
Charm++> cpu affinity enabled. 
Charm++> Running on 1 hosts (2 sockets x 2 cores x 1 PUs = 5-way SMP)
Charm++> cpu topology info is gathered in 0.001 seconds.
CharmLB> Load balancing instrumentation for communication is off.
Running Task Benchmark
  Configuration:
    Task Graph 1:
      Time Steps: 1000
      Max Width: 4
      Dependence Type: stencil_1d
      Radix: 3
      Period: 0
      Fraction Connected: 0.250000
      Kernel:
        Type: compute_bound
        Iterations: 512
        Samples: 16
        Imbalance: 0.000000
      Output Bytes: 16
      Scratch Bytes: 0
Time for last run: 4.518986e-03
Time for last run: 4.493952e-03
Total Tasks 4000
Total Dependencies 9990
  Unable to estimate local/nonlocal dependencies
Total FLOPs 262400000
Total Bytes 0
Elapsed Time 4.493952e-03 seconds
FLOP/s 5.838959e+10
B/s 0.000000e+00
Transfer (estimated):
  Unable to estimate local/nonlocal transfer
[Partition 0][Node 0] End of program
=== system charm_old pes 4 iter 256 rep 3 ===
Charm++> Running on MPI library: MPI VERSION    : CRAY MPICH version 8.1.32.110 (ANL base 3.4a2)
MPI BUILD INFO : Thu Feb 06 22:53 2025 (git hash f9c5634)
 (MPI standard: 3.1)
Charm++> Level of thread support used: MPI_THREAD_FUNNELED (desired: MPI_THREAD_FUNNELED)
Charm++> Running in SMP mode: 1 processes, 4 worker threads (PEs) + 1 comm threads per process, 4 PEs total
Charm++> The comm. thread both sends and receives messages
Converse/Charm++ Commit ID: v8.0.1-devel-36-g3c3086b33
CharmLB> Load balancer assumes all CPUs are same.
Charm++> cpu affinity enabled. 
Charm++> Running on 1 hosts (2 sockets x 2 cores x 1 PUs = 5-way SMP)
Charm++> cpu topology info is gathered in 0.001 seconds.
CharmLB> Load balancing instrumentation for communication is off.
Running Task Benchmark
  Configuration:
    Task Graph 1:
      Time Steps: 1000
      Max Width: 4
      Dependence Type: stencil_1d
      Radix: 3
      Period: 0
      Fraction Connected: 0.250000
      Kernel:
        Type: compute_bound
        Iterations: 256
        Samples: 16
        Imbalance: 0.000000
      Output Bytes: 16
      Scratch Bytes: 0
Time for last run: 3.605843e-03
Time for last run: 3.626108e-03
Total Tasks 4000
Total Dependencies 9990
  Unable to estimate local/nonlocal dependencies
Total FLOPs 131328000
Total Bytes 0
Elapsed Time 3.626108e-03 seconds
FLOP/s 3.621734e+10
B/s 0.000000e+00
Transfer (estimated):
  Unable to estimate local/nonlocal transfer
[Partition 0][Node 0] End of program
=== system charm_old pes 4 iter 128 rep 3 ===
Charm++> Running on MPI library: MPI VERSION    : CRAY MPICH version 8.1.32.110 (ANL base 3.4a2)
MPI BUILD INFO : Thu Feb 06 22:53 2025 (git hash f9c5634)
 (MPI standard: 3.1)
Charm++> Level of thread support used: MPI_THREAD_FUNNELED (desired: MPI_THREAD_FUNNELED)
Charm++> Running in SMP mode: 1 processes, 4 worker threads (PEs) + 1 comm threads per process, 4 PEs total
Charm++> The comm. thread both sends and receives messages
Converse/Charm++ Commit ID: v8.0.1-devel-36-g3c3086b33
CharmLB> Load balancer assumes all CPUs are same.
Charm++> cpu affinity enabled. 
Charm++> Running on 1 hosts (2 sockets x 2 cores x 1 PUs = 5-way SMP)
Charm++> cpu topology info is gathered in 0.001 seconds.
CharmLB> Load balancing instrumentation for communication is off.
Running Task Benchmark
  Configuration:
    Task Graph 1:
      Time Steps: 1000
      Max Width: 4
      Dependence Type: stencil_1d
      Radix: 3
      Period: 0
      Fraction Connected: 0.250000
      Kernel:
        Type: compute_bound
        Iterations: 128
        Samples: 16
        Imbalance: 0.000000
      Output Bytes: 16
      Scratch Bytes: 0
Time for last run: 3.257990e-03
Time for last run: 3.308058e-03
Total Tasks 4000
Total Dependencies 9990
  Unable to estimate local/nonlocal dependencies
Total FLOPs 65792000
Total Bytes 0
Elapsed Time 3.308058e-03 seconds
FLOP/s 1.988841e+10
B/s 0.000000e+00
Transfer (estimated):
  Unable to estimate local/nonlocal transfer
[Partition 0][Node 0] End of program
=== system charm_old pes 4 iter 64 rep 3 ===
Charm++> Running on MPI library: MPI VERSION    : CRAY MPICH version 8.1.32.110 (ANL base 3.4a2)
MPI BUILD INFO : Thu Feb 06 22:53 2025 (git hash f9c5634)
 (MPI standard: 3.1)
Charm++> Level of thread support used: MPI_THREAD_FUNNELED (desired: MPI_THREAD_FUNNELED)
Charm++> Running in SMP mode: 1 processes, 4 worker threads (PEs) + 1 comm threads per process, 4 PEs total
Charm++> The comm. thread both sends and receives messages
Converse/Charm++ Commit ID: v8.0.1-devel-36-g3c3086b33
CharmLB> Load balancer assumes all CPUs are same.
Charm++> cpu affinity enabled. 
Charm++> Running on 1 hosts (2 sockets x 2 cores x 1 PUs = 5-way SMP)
Charm++> cpu topology info is gathered in 0.001 seconds.
CharmLB> Load balancing instrumentation for communication is off.
Running Task Benchmark
  Configuration:
    Task Graph 1:
      Time Steps: 1000
      Max Width: 4
      Dependence Type: stencil_1d
      Radix: 3
      Period: 0
      Fraction Connected: 0.250000
      Kernel:
        Type: compute_bound
        Iterations: 64
        Samples: 16
        Imbalance: 0.000000
      Output Bytes: 16
      Scratch Bytes: 0
Time for last run: 3.155947e-03
Time for last run: 3.185987e-03
Total Tasks 4000
Total Dependencies 9990
  Unable to estimate local/nonlocal dependencies
Total FLOPs 33024000
Total Bytes 0
Elapsed Time 3.185987e-03 seconds
FLOP/s 1.036539e+10
B/s 0.000000e+00
Transfer (estimated):
  Unable to estimate local/nonlocal transfer
[Partition 0][Node 0] End of program
=== system charm_old pes 4 iter 32 rep 3 ===
Charm++> Running on MPI library: MPI VERSION    : CRAY MPICH version 8.1.32.110 (ANL base 3.4a2)
MPI BUILD INFO : Thu Feb 06 22:53 2025 (git hash f9c5634)
 (MPI standard: 3.1)
Charm++> Level of thread support used: MPI_THREAD_FUNNELED (desired: MPI_THREAD_FUNNELED)
Charm++> Running in SMP mode: 1 processes, 4 worker threads (PEs) + 1 comm threads per process, 4 PEs total
Charm++> The comm. thread both sends and receives messages
Converse/Charm++ Commit ID: v8.0.1-devel-36-g3c3086b33
CharmLB> Load balancer assumes all CPUs are same.
Charm++> cpu affinity enabled. 
Charm++> Running on 1 hosts (2 sockets x 2 cores x 1 PUs = 5-way SMP)
Charm++> cpu topology info is gathered in 0.001 seconds.
CharmLB> Load balancing instrumentation for communication is off.
Running Task Benchmark
  Configuration:
    Task Graph 1:
      Time Steps: 1000
      Max Width: 4
      Dependence Type: stencil_1d
      Radix: 3
      Period: 0
      Fraction Connected: 0.250000
      Kernel:
        Type: compute_bound
        Iterations: 32
        Samples: 16
        Imbalance: 0.000000
      Output Bytes: 16
      Scratch Bytes: 0
Time for last run: 3.073931e-03
Time for last run: 3.117085e-03
Total Tasks 4000
Total Dependencies 9990
  Unable to estimate local/nonlocal dependencies
Total FLOPs 16640000
Total Bytes 0
Elapsed Time 3.117085e-03 seconds
FLOP/s 5.338322e+09
B/s 0.000000e+00
Transfer (estimated):
  Unable to estimate local/nonlocal transfer
[Partition 0][Node 0] End of program
=== system charm_old pes 4 iter 16 rep 3 ===
Charm++> Running on MPI library: MPI VERSION    : CRAY MPICH version 8.1.32.110 (ANL base 3.4a2)
MPI BUILD INFO : Thu Feb 06 22:53 2025 (git hash f9c5634)
 (MPI standard: 3.1)
Charm++> Level of thread support used: MPI_THREAD_FUNNELED (desired: MPI_THREAD_FUNNELED)
Charm++> Running in SMP mode: 1 processes, 4 worker threads (PEs) + 1 comm threads per process, 4 PEs total
Charm++> The comm. thread both sends and receives messages
Converse/Charm++ Commit ID: v8.0.1-devel-36-g3c3086b33
CharmLB> Load balancer assumes all CPUs are same.
Charm++> cpu affinity enabled. 
Charm++> Running on 1 hosts (2 sockets x 2 cores x 1 PUs = 5-way SMP)
Charm++> cpu topology info is gathered in 0.001 seconds.
CharmLB> Load balancing instrumentation for communication is off.
Running Task Benchmark
  Configuration:
    Task Graph 1:
      Time Steps: 1000
      Max Width: 4
      Dependence Type: stencil_1d
      Radix: 3
      Period: 0
      Fraction Connected: 0.250000
      Kernel:
        Type: compute_bound
        Iterations: 16
        Samples: 16
        Imbalance: 0.000000
      Output Bytes: 16
      Scratch Bytes: 0
Time for last run: 3.008127e-03
Time for last run: 3.027916e-03
Total Tasks 4000
Total Dependencies 9990
  Unable to estimate local/nonlocal dependencies
Total FLOPs 8448000
Total Bytes 0
Elapsed Time 3.027916e-03 seconds
FLOP/s 2.790038e+09
B/s 0.000000e+00
Transfer (estimated):
  Unable to estimate local/nonlocal transfer
[Partition 0][Node 0] End of program
=== system charm_old pes 4 iter 8 rep 3 ===
Charm++> Running on MPI library: MPI VERSION    : CRAY MPICH version 8.1.32.110 (ANL base 3.4a2)
MPI BUILD INFO : Thu Feb 06 22:53 2025 (git hash f9c5634)
 (MPI standard: 3.1)
Charm++> Level of thread support used: MPI_THREAD_FUNNELED (desired: MPI_THREAD_FUNNELED)
Charm++> Running in SMP mode: 1 processes, 4 worker threads (PEs) + 1 comm threads per process, 4 PEs total
Charm++> The comm. thread both sends and receives messages
Converse/Charm++ Commit ID: v8.0.1-devel-36-g3c3086b33
CharmLB> Load balancer assumes all CPUs are same.
Charm++> cpu affinity enabled. 
Charm++> Running on 1 hosts (2 sockets x 2 cores x 1 PUs = 5-way SMP)
Charm++> cpu topology info is gathered in 0.001 seconds.
CharmLB> Load balancing instrumentation for communication is off.
Running Task Benchmark
  Configuration:
    Task Graph 1:
      Time Steps: 1000
      Max Width: 4
      Dependence Type: stencil_1d
      Radix: 3
      Period: 0
      Fraction Connected: 0.250000
      Kernel:
        Type: compute_bound
        Iterations: 8
        Samples: 16
        Imbalance: 0.000000
      Output Bytes: 16
      Scratch Bytes: 0
Time for last run: 3.237009e-03
Time for last run: 3.248930e-03
Total Tasks 4000
Total Dependencies 9990
  Unable to estimate local/nonlocal dependencies
Total FLOPs 4352000
Total Bytes 0
Elapsed Time 3.248930e-03 seconds
FLOP/s 1.339518e+09
B/s 0.000000e+00
Transfer (estimated):
  Unable to estimate local/nonlocal transfer
[Partition 0][Node 0] End of program
=== system charm_old pes 4 iter 4 rep 3 ===
Charm++> Running on MPI library: MPI VERSION    : CRAY MPICH version 8.1.32.110 (ANL base 3.4a2)
MPI BUILD INFO : Thu Feb 06 22:53 2025 (git hash f9c5634)
 (MPI standard: 3.1)
Charm++> Level of thread support used: MPI_THREAD_FUNNELED (desired: MPI_THREAD_FUNNELED)
Charm++> Running in SMP mode: 1 processes, 4 worker threads (PEs) + 1 comm threads per process, 4 PEs total
Charm++> The comm. thread both sends and receives messages
Converse/Charm++ Commit ID: v8.0.1-devel-36-g3c3086b33
CharmLB> Load balancer assumes all CPUs are same.
Charm++> cpu affinity enabled. 
Charm++> Running on 1 hosts (2 sockets x 2 cores x 1 PUs = 5-way SMP)
Charm++> cpu topology info is gathered in 0.001 seconds.
CharmLB> Load balancing instrumentation for communication is off.
Running Task Benchmark
  Configuration:
    Task Graph 1:
      Time Steps: 1000
      Max Width: 4
      Dependence Type: stencil_1d
      Radix: 3
      Period: 0
      Fraction Connected: 0.250000
      Kernel:
        Type: compute_bound
        Iterations: 4
        Samples: 16
        Imbalance: 0.000000
      Output Bytes: 16
      Scratch Bytes: 0
Time for last run: 3.213882e-03
Time for last run: 3.085852e-03
Total Tasks 4000
Total Dependencies 9990
  Unable to estimate local/nonlocal dependencies
Total FLOPs 2304000
Total Bytes 0
Elapsed Time 3.085852e-03 seconds
FLOP/s 7.466334e+08
B/s 0.000000e+00
Transfer (estimated):
  Unable to estimate local/nonlocal transfer
[Partition 0][Node 0] End of program
=== system charm_old pes 4 iter 2 rep 3 ===
Charm++> Running on MPI library: MPI VERSION    : CRAY MPICH version 8.1.32.110 (ANL base 3.4a2)
MPI BUILD INFO : Thu Feb 06 22:53 2025 (git hash f9c5634)
 (MPI standard: 3.1)
Charm++> Level of thread support used: MPI_THREAD_FUNNELED (desired: MPI_THREAD_FUNNELED)
Charm++> Running in SMP mode: 1 processes, 4 worker threads (PEs) + 1 comm threads per process, 4 PEs total
Charm++> The comm. thread both sends and receives messages
Converse/Charm++ Commit ID: v8.0.1-devel-36-g3c3086b33
CharmLB> Load balancer assumes all CPUs are same.
Charm++> cpu affinity enabled. 
Charm++> Running on 1 hosts (2 sockets x 2 cores x 1 PUs = 5-way SMP)
Charm++> cpu topology info is gathered in 0.001 seconds.
CharmLB> Load balancing instrumentation for communication is off.
Running Task Benchmark
  Configuration:
    Task Graph 1:
      Time Steps: 1000
      Max Width: 4
      Dependence Type: stencil_1d
      Radix: 3
      Period: 0
      Fraction Connected: 0.250000
      Kernel:
        Type: compute_bound
        Iterations: 2
        Samples: 16
        Imbalance: 0.000000
      Output Bytes: 16
      Scratch Bytes: 0
Time for last run: 3.226042e-03
Time for last run: 3.234863e-03
Total Tasks 4000
Total Dependencies 9990
  Unable to estimate local/nonlocal dependencies
Total FLOPs 1280000
Total Bytes 0
Elapsed Time 3.234863e-03 seconds
FLOP/s 3.956891e+08
B/s 0.000000e+00
Transfer (estimated):
  Unable to estimate local/nonlocal transfer
[Partition 0][Node 0] End of program
=== system charm_old pes 4 iter 16384 rep 4 ===
Charm++> Running on MPI library: MPI VERSION    : CRAY MPICH version 8.1.32.110 (ANL base 3.4a2)
MPI BUILD INFO : Thu Feb 06 22:53 2025 (git hash f9c5634)
 (MPI standard: 3.1)
Charm++> Level of thread support used: MPI_THREAD_FUNNELED (desired: MPI_THREAD_FUNNELED)
Charm++> Running in SMP mode: 1 processes, 4 worker threads (PEs) + 1 comm threads per process, 4 PEs total
Charm++> The comm. thread both sends and receives messages
Converse/Charm++ Commit ID: v8.0.1-devel-36-g3c3086b33
CharmLB> Load balancer assumes all CPUs are same.
Charm++> cpu affinity enabled. 
Charm++> Running on 1 hosts (2 sockets x 2 cores x 1 PUs = 5-way SMP)
Charm++> cpu topology info is gathered in 0.001 seconds.
CharmLB> Load balancing instrumentation for communication is off.
Running Task Benchmark
  Configuration:
    Task Graph 1:
      Time Steps: 1000
      Max Width: 4
      Dependence Type: stencil_1d
      Radix: 3
      Period: 0
      Fraction Connected: 0.250000
      Kernel:
        Type: compute_bound
        Iterations: 16384
        Samples: 16
        Imbalance: 0.000000
      Output Bytes: 16
      Scratch Bytes: 0
Time for last run: 7.091308e-02
Time for last run: 7.086515e-02
Total Tasks 4000
Total Dependencies 9990
  Unable to estimate local/nonlocal dependencies
Total FLOPs 8388864000
Total Bytes 0
Elapsed Time 7.086515e-02 seconds
FLOP/s 1.183778e+11
B/s 0.000000e+00
Transfer (estimated):
  Unable to estimate local/nonlocal transfer
[Partition 0][Node 0] End of program
=== system charm_old pes 4 iter 8192 rep 4 ===
Charm++> Running on MPI library: MPI VERSION    : CRAY MPICH version 8.1.32.110 (ANL base 3.4a2)
MPI BUILD INFO : Thu Feb 06 22:53 2025 (git hash f9c5634)
 (MPI standard: 3.1)
Charm++> Level of thread support used: MPI_THREAD_FUNNELED (desired: MPI_THREAD_FUNNELED)
Charm++> Running in SMP mode: 1 processes, 4 worker threads (PEs) + 1 comm threads per process, 4 PEs total
Charm++> The comm. thread both sends and receives messages
Converse/Charm++ Commit ID: v8.0.1-devel-36-g3c3086b33
CharmLB> Load balancer assumes all CPUs are same.
Charm++> cpu affinity enabled. 
Charm++> Running on 1 hosts (2 sockets x 2 cores x 1 PUs = 5-way SMP)
Charm++> cpu topology info is gathered in 0.001 seconds.
CharmLB> Load balancing instrumentation for communication is off.
Running Task Benchmark
  Configuration:
    Task Graph 1:
      Time Steps: 1000
      Max Width: 4
      Dependence Type: stencil_1d
      Radix: 3
      Period: 0
      Fraction Connected: 0.250000
      Kernel:
        Type: compute_bound
        Iterations: 8192
        Samples: 16
        Imbalance: 0.000000
      Output Bytes: 16
      Scratch Bytes: 0
Time for last run: 3.661990e-02
Time for last run: 3.655195e-02
Total Tasks 4000
Total Dependencies 9990
  Unable to estimate local/nonlocal dependencies
Total FLOPs 4194560000
Total Bytes 0
Elapsed Time 3.655195e-02 seconds
FLOP/s 1.147561e+11
B/s 0.000000e+00
Transfer (estimated):
  Unable to estimate local/nonlocal transfer
[Partition 0][Node 0] End of program
=== system charm_old pes 4 iter 4096 rep 4 ===
Charm++> Running on MPI library: MPI VERSION    : CRAY MPICH version 8.1.32.110 (ANL base 3.4a2)
MPI BUILD INFO : Thu Feb 06 22:53 2025 (git hash f9c5634)
 (MPI standard: 3.1)
Charm++> Level of thread support used: MPI_THREAD_FUNNELED (desired: MPI_THREAD_FUNNELED)
Charm++> Running in SMP mode: 1 processes, 4 worker threads (PEs) + 1 comm threads per process, 4 PEs total
Charm++> The comm. thread both sends and receives messages
Converse/Charm++ Commit ID: v8.0.1-devel-36-g3c3086b33
CharmLB> Load balancer assumes all CPUs are same.
Charm++> cpu affinity enabled. 
Charm++> Running on 1 hosts (2 sockets x 2 cores x 1 PUs = 5-way SMP)
Charm++> cpu topology info is gathered in 0.001 seconds.
CharmLB> Load balancing instrumentation for communication is off.
Running Task Benchmark
  Configuration:
    Task Graph 1:
      Time Steps: 1000
      Max Width: 4
      Dependence Type: stencil_1d
      Radix: 3
      Period: 0
      Fraction Connected: 0.250000
      Kernel:
        Type: compute_bound
        Iterations: 4096
        Samples: 16
        Imbalance: 0.000000
      Output Bytes: 16
      Scratch Bytes: 0
Time for last run: 1.960206e-02
Time for last run: 1.925182e-02
Total Tasks 4000
Total Dependencies 9990
  Unable to estimate local/nonlocal dependencies
Total FLOPs 2097408000
Total Bytes 0
Elapsed Time 1.925182e-02 seconds
FLOP/s 1.089459e+11
B/s 0.000000e+00
Transfer (estimated):
  Unable to estimate local/nonlocal transfer
[Partition 0][Node 0] End of program
=== system charm_old pes 4 iter 2048 rep 4 ===
Charm++> Running on MPI library: MPI VERSION    : CRAY MPICH version 8.1.32.110 (ANL base 3.4a2)
MPI BUILD INFO : Thu Feb 06 22:53 2025 (git hash f9c5634)
 (MPI standard: 3.1)
Charm++> Level of thread support used: MPI_THREAD_FUNNELED (desired: MPI_THREAD_FUNNELED)
Charm++> Running in SMP mode: 1 processes, 4 worker threads (PEs) + 1 comm threads per process, 4 PEs total
Charm++> The comm. thread both sends and receives messages
Converse/Charm++ Commit ID: v8.0.1-devel-36-g3c3086b33
CharmLB> Load balancer assumes all CPUs are same.
Charm++> cpu affinity enabled. 
Charm++> Running on 1 hosts (2 sockets x 2 cores x 1 PUs = 5-way SMP)
Charm++> cpu topology info is gathered in 0.001 seconds.
CharmLB> Load balancing instrumentation for communication is off.
Running Task Benchmark
  Configuration:
    Task Graph 1:
      Time Steps: 1000
      Max Width: 4
      Dependence Type: stencil_1d
      Radix: 3
      Period: 0
      Fraction Connected: 0.250000
      Kernel:
        Type: compute_bound
        Iterations: 2048
        Samples: 16
        Imbalance: 0.000000
      Output Bytes: 16
      Scratch Bytes: 0
Time for last run: 1.077509e-02
Time for last run: 1.069403e-02
Total Tasks 4000
Total Dependencies 9990
  Unable to estimate local/nonlocal dependencies
Total FLOPs 1048832000
Total Bytes 0
Elapsed Time 1.069403e-02 seconds
FLOP/s 9.807643e+10
B/s 0.000000e+00
Transfer (estimated):
  Unable to estimate local/nonlocal transfer
[Partition 0][Node 0] End of program
=== system charm_old pes 4 iter 1024 rep 4 ===
Charm++> Running on MPI library: MPI VERSION    : CRAY MPICH version 8.1.32.110 (ANL base 3.4a2)
MPI BUILD INFO : Thu Feb 06 22:53 2025 (git hash f9c5634)
 (MPI standard: 3.1)
Charm++> Level of thread support used: MPI_THREAD_FUNNELED (desired: MPI_THREAD_FUNNELED)
Charm++> Running in SMP mode: 1 processes, 4 worker threads (PEs) + 1 comm threads per process, 4 PEs total
Charm++> The comm. thread both sends and receives messages
Converse/Charm++ Commit ID: v8.0.1-devel-36-g3c3086b33
CharmLB> Load balancer assumes all CPUs are same.
Charm++> cpu affinity enabled. 
Charm++> Running on 1 hosts (2 sockets x 2 cores x 1 PUs = 5-way SMP)
Charm++> cpu topology info is gathered in 0.001 seconds.
CharmLB> Load balancing instrumentation for communication is off.
Running Task Benchmark
  Configuration:
    Task Graph 1:
      Time Steps: 1000
      Max Width: 4
      Dependence Type: stencil_1d
      Radix: 3
      Period: 0
      Fraction Connected: 0.250000
      Kernel:
        Type: compute_bound
        Iterations: 1024
        Samples: 16
        Imbalance: 0.000000
      Output Bytes: 16
      Scratch Bytes: 0
Time for last run: 6.229877e-03
Time for last run: 6.273031e-03
Total Tasks 4000
Total Dependencies 9990
  Unable to estimate local/nonlocal dependencies
Total FLOPs 524544000
Total Bytes 0
Elapsed Time 6.273031e-03 seconds
FLOP/s 8.361890e+10
B/s 0.000000e+00
Transfer (estimated):
  Unable to estimate local/nonlocal transfer
[Partition 0][Node 0] End of program
=== system charm_old pes 4 iter 512 rep 4 ===
Charm++> Running on MPI library: MPI VERSION    : CRAY MPICH version 8.1.32.110 (ANL base 3.4a2)
MPI BUILD INFO : Thu Feb 06 22:53 2025 (git hash f9c5634)
 (MPI standard: 3.1)
Charm++> Level of thread support used: MPI_THREAD_FUNNELED (desired: MPI_THREAD_FUNNELED)
Charm++> Running in SMP mode: 1 processes, 4 worker threads (PEs) + 1 comm threads per process, 4 PEs total
Charm++> The comm. thread both sends and receives messages
Converse/Charm++ Commit ID: v8.0.1-devel-36-g3c3086b33
CharmLB> Load balancer assumes all CPUs are same.
Charm++> cpu affinity enabled. 
Charm++> Running on 1 hosts (2 sockets x 2 cores x 1 PUs = 5-way SMP)
Charm++> cpu topology info is gathered in 0.001 seconds.
CharmLB> Load balancing instrumentation for communication is off.
Running Task Benchmark
  Configuration:
    Task Graph 1:
      Time Steps: 1000
      Max Width: 4
      Dependence Type: stencil_1d
      Radix: 3
      Period: 0
      Fraction Connected: 0.250000
      Kernel:
        Type: compute_bound
        Iterations: 512
        Samples: 16
        Imbalance: 0.000000
      Output Bytes: 16
      Scratch Bytes: 0
Time for last run: 5.288124e-03
Time for last run: 5.271912e-03
Total Tasks 4000
Total Dependencies 9990
  Unable to estimate local/nonlocal dependencies
Total FLOPs 262400000
Total Bytes 0
Elapsed Time 5.271912e-03 seconds
FLOP/s 4.977322e+10
B/s 0.000000e+00
Transfer (estimated):
  Unable to estimate local/nonlocal transfer
[Partition 0][Node 0] End of program
=== system charm_old pes 4 iter 256 rep 4 ===
Charm++> Running on MPI library: MPI VERSION    : CRAY MPICH version 8.1.32.110 (ANL base 3.4a2)
MPI BUILD INFO : Thu Feb 06 22:53 2025 (git hash f9c5634)
 (MPI standard: 3.1)
Charm++> Level of thread support used: MPI_THREAD_FUNNELED (desired: MPI_THREAD_FUNNELED)
Charm++> Running in SMP mode: 1 processes, 4 worker threads (PEs) + 1 comm threads per process, 4 PEs total
Charm++> The comm. thread both sends and receives messages
Converse/Charm++ Commit ID: v8.0.1-devel-36-g3c3086b33
CharmLB> Load balancer assumes all CPUs are same.
Charm++> cpu affinity enabled. 
Charm++> Running on 1 hosts (2 sockets x 2 cores x 1 PUs = 5-way SMP)
Charm++> cpu topology info is gathered in 0.001 seconds.
CharmLB> Load balancing instrumentation for communication is off.
Running Task Benchmark
  Configuration:
    Task Graph 1:
      Time Steps: 1000
      Max Width: 4
      Dependence Type: stencil_1d
      Radix: 3
      Period: 0
      Fraction Connected: 0.250000
      Kernel:
        Type: compute_bound
        Iterations: 256
        Samples: 16
        Imbalance: 0.000000
      Output Bytes: 16
      Scratch Bytes: 0
Time for last run: 3.906965e-03
Time for last run: 3.708839e-03
Total Tasks 4000
Total Dependencies 9990
  Unable to estimate local/nonlocal dependencies
Total FLOPs 131328000
Total Bytes 0
Elapsed Time 3.708839e-03 seconds
FLOP/s 3.540946e+10
B/s 0.000000e+00
Transfer (estimated):
  Unable to estimate local/nonlocal transfer
[Partition 0][Node 0] End of program
=== system charm_old pes 4 iter 128 rep 4 ===
Charm++> Running on MPI library: MPI VERSION    : CRAY MPICH version 8.1.32.110 (ANL base 3.4a2)
MPI BUILD INFO : Thu Feb 06 22:53 2025 (git hash f9c5634)
 (MPI standard: 3.1)
Charm++> Level of thread support used: MPI_THREAD_FUNNELED (desired: MPI_THREAD_FUNNELED)
Charm++> Running in SMP mode: 1 processes, 4 worker threads (PEs) + 1 comm threads per process, 4 PEs total
Charm++> The comm. thread both sends and receives messages
Converse/Charm++ Commit ID: v8.0.1-devel-36-g3c3086b33
CharmLB> Load balancer assumes all CPUs are same.
Charm++> cpu affinity enabled. 
Charm++> Running on 1 hosts (2 sockets x 2 cores x 1 PUs = 5-way SMP)
Charm++> cpu topology info is gathered in 0.001 seconds.
CharmLB> Load balancing instrumentation for communication is off.
Running Task Benchmark
  Configuration:
    Task Graph 1:
      Time Steps: 1000
      Max Width: 4
      Dependence Type: stencil_1d
      Radix: 3
      Period: 0
      Fraction Connected: 0.250000
      Kernel:
        Type: compute_bound
        Iterations: 128
        Samples: 16
        Imbalance: 0.000000
      Output Bytes: 16
      Scratch Bytes: 0
Time for last run: 3.348112e-03
Time for last run: 3.358126e-03
Total Tasks 4000
Total Dependencies 9990
  Unable to estimate local/nonlocal dependencies
Total FLOPs 65792000
Total Bytes 0
Elapsed Time 3.358126e-03 seconds
FLOP/s 1.959188e+10
B/s 0.000000e+00
Transfer (estimated):
  Unable to estimate local/nonlocal transfer
[Partition 0][Node 0] End of program
=== system charm_old pes 4 iter 64 rep 4 ===
Charm++> Running on MPI library: MPI VERSION    : CRAY MPICH version 8.1.32.110 (ANL base 3.4a2)
MPI BUILD INFO : Thu Feb 06 22:53 2025 (git hash f9c5634)
 (MPI standard: 3.1)
Charm++> Level of thread support used: MPI_THREAD_FUNNELED (desired: MPI_THREAD_FUNNELED)
Charm++> Running in SMP mode: 1 processes, 4 worker threads (PEs) + 1 comm threads per process, 4 PEs total
Charm++> The comm. thread both sends and receives messages
Converse/Charm++ Commit ID: v8.0.1-devel-36-g3c3086b33
CharmLB> Load balancer assumes all CPUs are same.
Charm++> cpu affinity enabled. 
Charm++> Running on 1 hosts (2 sockets x 2 cores x 1 PUs = 5-way SMP)
Charm++> cpu topology info is gathered in 0.001 seconds.
CharmLB> Load balancing instrumentation for communication is off.
Running Task Benchmark
  Configuration:
    Task Graph 1:
      Time Steps: 1000
      Max Width: 4
      Dependence Type: stencil_1d
      Radix: 3
      Period: 0
      Fraction Connected: 0.250000
      Kernel:
        Type: compute_bound
        Iterations: 64
        Samples: 16
        Imbalance: 0.000000
      Output Bytes: 16
      Scratch Bytes: 0
Time for last run: 3.576040e-03
Time for last run: 3.621817e-03
Total Tasks 4000
Total Dependencies 9990
  Unable to estimate local/nonlocal dependencies
Total FLOPs 33024000
Total Bytes 0
Elapsed Time 3.621817e-03 seconds
FLOP/s 9.118076e+09
B/s 0.000000e+00
Transfer (estimated):
  Unable to estimate local/nonlocal transfer
[Partition 0][Node 0] End of program
=== system charm_old pes 4 iter 32 rep 4 ===
Charm++> Running on MPI library: MPI VERSION    : CRAY MPICH version 8.1.32.110 (ANL base 3.4a2)
MPI BUILD INFO : Thu Feb 06 22:53 2025 (git hash f9c5634)
 (MPI standard: 3.1)
Charm++> Level of thread support used: MPI_THREAD_FUNNELED (desired: MPI_THREAD_FUNNELED)
Charm++> Running in SMP mode: 1 processes, 4 worker threads (PEs) + 1 comm threads per process, 4 PEs total
Charm++> The comm. thread both sends and receives messages
Converse/Charm++ Commit ID: v8.0.1-devel-36-g3c3086b33
CharmLB> Load balancer assumes all CPUs are same.
Charm++> cpu affinity enabled. 
Charm++> Running on 1 hosts (2 sockets x 2 cores x 1 PUs = 5-way SMP)
Charm++> cpu topology info is gathered in 0.001 seconds.
CharmLB> Load balancing instrumentation for communication is off.
Running Task Benchmark
  Configuration:
    Task Graph 1:
      Time Steps: 1000
      Max Width: 4
      Dependence Type: stencil_1d
      Radix: 3
      Period: 0
      Fraction Connected: 0.250000
      Kernel:
        Type: compute_bound
        Iterations: 32
        Samples: 16
        Imbalance: 0.000000
      Output Bytes: 16
      Scratch Bytes: 0
Time for last run: 3.356934e-03
Time for last run: 3.413916e-03
Total Tasks 4000
Total Dependencies 9990
  Unable to estimate local/nonlocal dependencies
Total FLOPs 16640000
Total Bytes 0
Elapsed Time 3.413916e-03 seconds
FLOP/s 4.874168e+09
B/s 0.000000e+00
Transfer (estimated):
  Unable to estimate local/nonlocal transfer
[Partition 0][Node 0] End of program
=== system charm_old pes 4 iter 16 rep 4 ===
Charm++> Running on MPI library: MPI VERSION    : CRAY MPICH version 8.1.32.110 (ANL base 3.4a2)
MPI BUILD INFO : Thu Feb 06 22:53 2025 (git hash f9c5634)
 (MPI standard: 3.1)
Charm++> Level of thread support used: MPI_THREAD_FUNNELED (desired: MPI_THREAD_FUNNELED)
Charm++> Running in SMP mode: 1 processes, 4 worker threads (PEs) + 1 comm threads per process, 4 PEs total
Charm++> The comm. thread both sends and receives messages
Converse/Charm++ Commit ID: v8.0.1-devel-36-g3c3086b33
CharmLB> Load balancer assumes all CPUs are same.
Charm++> cpu affinity enabled. 
Charm++> Running on 1 hosts (2 sockets x 2 cores x 1 PUs = 5-way SMP)
Charm++> cpu topology info is gathered in 0.001 seconds.
CharmLB> Load balancing instrumentation for communication is off.
Running Task Benchmark
  Configuration:
    Task Graph 1:
      Time Steps: 1000
      Max Width: 4
      Dependence Type: stencil_1d
      Radix: 3
      Period: 0
      Fraction Connected: 0.250000
      Kernel:
        Type: compute_bound
        Iterations: 16
        Samples: 16
        Imbalance: 0.000000
      Output Bytes: 16
      Scratch Bytes: 0
Time for last run: 2.937078e-03
Time for last run: 2.997875e-03
Total Tasks 4000
Total Dependencies 9990
  Unable to estimate local/nonlocal dependencies
Total FLOPs 8448000
Total Bytes 0
Elapsed Time 2.997875e-03 seconds
FLOP/s 2.817996e+09
B/s 0.000000e+00
Transfer (estimated):
  Unable to estimate local/nonlocal transfer
[Partition 0][Node 0] End of program
=== system charm_old pes 4 iter 8 rep 4 ===
Charm++> Running on MPI library: MPI VERSION    : CRAY MPICH version 8.1.32.110 (ANL base 3.4a2)
MPI BUILD INFO : Thu Feb 06 22:53 2025 (git hash f9c5634)
 (MPI standard: 3.1)
Charm++> Level of thread support used: MPI_THREAD_FUNNELED (desired: MPI_THREAD_FUNNELED)
Charm++> Running in SMP mode: 1 processes, 4 worker threads (PEs) + 1 comm threads per process, 4 PEs total
Charm++> The comm. thread both sends and receives messages
Converse/Charm++ Commit ID: v8.0.1-devel-36-g3c3086b33
CharmLB> Load balancer assumes all CPUs are same.
Charm++> cpu affinity enabled. 
Charm++> Running on 1 hosts (2 sockets x 2 cores x 1 PUs = 5-way SMP)
Charm++> cpu topology info is gathered in 0.001 seconds.
CharmLB> Load balancing instrumentation for communication is off.
Running Task Benchmark
  Configuration:
    Task Graph 1:
      Time Steps: 1000
      Max Width: 4
      Dependence Type: stencil_1d
      Radix: 3
      Period: 0
      Fraction Connected: 0.250000
      Kernel:
        Type: compute_bound
        Iterations: 8
        Samples: 16
        Imbalance: 0.000000
      Output Bytes: 16
      Scratch Bytes: 0
Time for last run: 2.964020e-03
Time for last run: 3.015041e-03
Total Tasks 4000
Total Dependencies 9990
  Unable to estimate local/nonlocal dependencies
Total FLOPs 4352000
Total Bytes 0
Elapsed Time 3.015041e-03 seconds
FLOP/s 1.443430e+09
B/s 0.000000e+00
Transfer (estimated):
  Unable to estimate local/nonlocal transfer
[Partition 0][Node 0] End of program
=== system charm_old pes 4 iter 4 rep 4 ===
Charm++> Running on MPI library: MPI VERSION    : CRAY MPICH version 8.1.32.110 (ANL base 3.4a2)
MPI BUILD INFO : Thu Feb 06 22:53 2025 (git hash f9c5634)
 (MPI standard: 3.1)
Charm++> Level of thread support used: MPI_THREAD_FUNNELED (desired: MPI_THREAD_FUNNELED)
Charm++> Running in SMP mode: 1 processes, 4 worker threads (PEs) + 1 comm threads per process, 4 PEs total
Charm++> The comm. thread both sends and receives messages
Converse/Charm++ Commit ID: v8.0.1-devel-36-g3c3086b33
CharmLB> Load balancer assumes all CPUs are same.
Charm++> cpu affinity enabled. 
Charm++> Running on 1 hosts (2 sockets x 2 cores x 1 PUs = 5-way SMP)
Charm++> cpu topology info is gathered in 0.001 seconds.
CharmLB> Load balancing instrumentation for communication is off.
Running Task Benchmark
  Configuration:
    Task Graph 1:
      Time Steps: 1000
      Max Width: 4
      Dependence Type: stencil_1d
      Radix: 3
      Period: 0
      Fraction Connected: 0.250000
      Kernel:
        Type: compute_bound
        Iterations: 4
        Samples: 16
        Imbalance: 0.000000
      Output Bytes: 16
      Scratch Bytes: 0
Time for last run: 2.900839e-03
Time for last run: 2.959013e-03
Total Tasks 4000
Total Dependencies 9990
  Unable to estimate local/nonlocal dependencies
Total FLOPs 2304000
Total Bytes 0
Elapsed Time 2.959013e-03 seconds
FLOP/s 7.786380e+08
B/s 0.000000e+00
Transfer (estimated):
  Unable to estimate local/nonlocal transfer
[Partition 0][Node 0] End of program
=== system charm_old pes 4 iter 2 rep 4 ===
Charm++> Running on MPI library: MPI VERSION    : CRAY MPICH version 8.1.32.110 (ANL base 3.4a2)
MPI BUILD INFO : Thu Feb 06 22:53 2025 (git hash f9c5634)
 (MPI standard: 3.1)
Charm++> Level of thread support used: MPI_THREAD_FUNNELED (desired: MPI_THREAD_FUNNELED)
Charm++> Running in SMP mode: 1 processes, 4 worker threads (PEs) + 1 comm threads per process, 4 PEs total
Charm++> The comm. thread both sends and receives messages
Converse/Charm++ Commit ID: v8.0.1-devel-36-g3c3086b33
CharmLB> Load balancer assumes all CPUs are same.
Charm++> cpu affinity enabled. 
Charm++> Running on 1 hosts (2 sockets x 2 cores x 1 PUs = 5-way SMP)
Charm++> cpu topology info is gathered in 0.001 seconds.
CharmLB> Load balancing instrumentation for communication is off.
Running Task Benchmark
  Configuration:
    Task Graph 1:
      Time Steps: 1000
      Max Width: 4
      Dependence Type: stencil_1d
      Radix: 3
      Period: 0
      Fraction Connected: 0.250000
      Kernel:
        Type: compute_bound
        Iterations: 2
        Samples: 16
        Imbalance: 0.000000
      Output Bytes: 16
      Scratch Bytes: 0
Time for last run: 2.961874e-03
Time for last run: 3.005981e-03
Total Tasks 4000
Total Dependencies 9990
  Unable to estimate local/nonlocal dependencies
Total FLOPs 1280000
Total Bytes 0
Elapsed Time 3.005981e-03 seconds
FLOP/s 4.258177e+08
B/s 0.000000e+00
Transfer (estimated):
  Unable to estimate local/nonlocal transfer
[Partition 0][Node 0] End of program
=== system charm_old pes 4 iter 16384 rep 5 ===
Charm++> Running on MPI library: MPI VERSION    : CRAY MPICH version 8.1.32.110 (ANL base 3.4a2)
MPI BUILD INFO : Thu Feb 06 22:53 2025 (git hash f9c5634)
 (MPI standard: 3.1)
Charm++> Level of thread support used: MPI_THREAD_FUNNELED (desired: MPI_THREAD_FUNNELED)
Charm++> Running in SMP mode: 1 processes, 4 worker threads (PEs) + 1 comm threads per process, 4 PEs total
Charm++> The comm. thread both sends and receives messages
Converse/Charm++ Commit ID: v8.0.1-devel-36-g3c3086b33
CharmLB> Load balancer assumes all CPUs are same.
Charm++> cpu affinity enabled. 
Charm++> Running on 1 hosts (2 sockets x 2 cores x 1 PUs = 5-way SMP)
Charm++> cpu topology info is gathered in 0.001 seconds.
CharmLB> Load balancing instrumentation for communication is off.
Running Task Benchmark
  Configuration:
    Task Graph 1:
      Time Steps: 1000
      Max Width: 4
      Dependence Type: stencil_1d
      Radix: 3
      Period: 0
      Fraction Connected: 0.250000
      Kernel:
        Type: compute_bound
        Iterations: 16384
        Samples: 16
        Imbalance: 0.000000
      Output Bytes: 16
      Scratch Bytes: 0
Time for last run: 7.093287e-02
Time for last run: 7.095218e-02
Total Tasks 4000
Total Dependencies 9990
  Unable to estimate local/nonlocal dependencies
Total FLOPs 8388864000
Total Bytes 0
Elapsed Time 7.095218e-02 seconds
FLOP/s 1.182327e+11
B/s 0.000000e+00
Transfer (estimated):
  Unable to estimate local/nonlocal transfer
[Partition 0][Node 0] End of program
=== system charm_old pes 4 iter 8192 rep 5 ===
Charm++> Running on MPI library: MPI VERSION    : CRAY MPICH version 8.1.32.110 (ANL base 3.4a2)
MPI BUILD INFO : Thu Feb 06 22:53 2025 (git hash f9c5634)
 (MPI standard: 3.1)
Charm++> Level of thread support used: MPI_THREAD_FUNNELED (desired: MPI_THREAD_FUNNELED)
Charm++> Running in SMP mode: 1 processes, 4 worker threads (PEs) + 1 comm threads per process, 4 PEs total
Charm++> The comm. thread both sends and receives messages
Converse/Charm++ Commit ID: v8.0.1-devel-36-g3c3086b33
CharmLB> Load balancer assumes all CPUs are same.
Charm++> cpu affinity enabled. 
Charm++> Running on 1 hosts (2 sockets x 2 cores x 1 PUs = 5-way SMP)
Charm++> cpu topology info is gathered in 0.001 seconds.
CharmLB> Load balancing instrumentation for communication is off.
Running Task Benchmark
  Configuration:
    Task Graph 1:
      Time Steps: 1000
      Max Width: 4
      Dependence Type: stencil_1d
      Radix: 3
      Period: 0
      Fraction Connected: 0.250000
      Kernel:
        Type: compute_bound
        Iterations: 8192
        Samples: 16
        Imbalance: 0.000000
      Output Bytes: 16
      Scratch Bytes: 0
Time for last run: 3.649902e-02
Time for last run: 3.673601e-02
Total Tasks 4000
Total Dependencies 9990
  Unable to estimate local/nonlocal dependencies
Total FLOPs 4194560000
Total Bytes 0
Elapsed Time 3.673601e-02 seconds
FLOP/s 1.141811e+11
B/s 0.000000e+00
Transfer (estimated):
  Unable to estimate local/nonlocal transfer
[Partition 0][Node 0] End of program
=== system charm_old pes 4 iter 4096 rep 5 ===
Charm++> Running on MPI library: MPI VERSION    : CRAY MPICH version 8.1.32.110 (ANL base 3.4a2)
MPI BUILD INFO : Thu Feb 06 22:53 2025 (git hash f9c5634)
 (MPI standard: 3.1)
Charm++> Level of thread support used: MPI_THREAD_FUNNELED (desired: MPI_THREAD_FUNNELED)
Charm++> Running in SMP mode: 1 processes, 4 worker threads (PEs) + 1 comm threads per process, 4 PEs total
Charm++> The comm. thread both sends and receives messages
Converse/Charm++ Commit ID: v8.0.1-devel-36-g3c3086b33
CharmLB> Load balancer assumes all CPUs are same.
Charm++> cpu affinity enabled. 
Charm++> Running on 1 hosts (2 sockets x 2 cores x 1 PUs = 5-way SMP)
Charm++> cpu topology info is gathered in 0.001 seconds.
CharmLB> Load balancing instrumentation for communication is off.
Running Task Benchmark
  Configuration:
    Task Graph 1:
      Time Steps: 1000
      Max Width: 4
      Dependence Type: stencil_1d
      Radix: 3
      Period: 0
      Fraction Connected: 0.250000
      Kernel:
        Type: compute_bound
        Iterations: 4096
        Samples: 16
        Imbalance: 0.000000
      Output Bytes: 16
      Scratch Bytes: 0
Time for last run: 1.934505e-02
Time for last run: 1.929712e-02
Total Tasks 4000
Total Dependencies 9990
  Unable to estimate local/nonlocal dependencies
Total FLOPs 2097408000
Total Bytes 0
Elapsed Time 1.929712e-02 seconds
FLOP/s 1.086902e+11
B/s 0.000000e+00
Transfer (estimated):
  Unable to estimate local/nonlocal transfer
[Partition 0][Node 0] End of program
=== system charm_old pes 4 iter 2048 rep 5 ===
Charm++> Running on MPI library: MPI VERSION    : CRAY MPICH version 8.1.32.110 (ANL base 3.4a2)
MPI BUILD INFO : Thu Feb 06 22:53 2025 (git hash f9c5634)
 (MPI standard: 3.1)
Charm++> Level of thread support used: MPI_THREAD_FUNNELED (desired: MPI_THREAD_FUNNELED)
Charm++> Running in SMP mode: 1 processes, 4 worker threads (PEs) + 1 comm threads per process, 4 PEs total
Charm++> The comm. thread both sends and receives messages
Converse/Charm++ Commit ID: v8.0.1-devel-36-g3c3086b33
CharmLB> Load balancer assumes all CPUs are same.
Charm++> cpu affinity enabled. 
Charm++> Running on 1 hosts (2 sockets x 2 cores x 1 PUs = 5-way SMP)
Charm++> cpu topology info is gathered in 0.001 seconds.
CharmLB> Load balancing instrumentation for communication is off.
Running Task Benchmark
  Configuration:
    Task Graph 1:
      Time Steps: 1000
      Max Width: 4
      Dependence Type: stencil_1d
      Radix: 3
      Period: 0
      Fraction Connected: 0.250000
      Kernel:
        Type: compute_bound
        Iterations: 2048
        Samples: 16
        Imbalance: 0.000000
      Output Bytes: 16
      Scratch Bytes: 0
Time for last run: 1.071000e-02
Time for last run: 1.064396e-02
Total Tasks 4000
Total Dependencies 9990
  Unable to estimate local/nonlocal dependencies
Total FLOPs 1048832000
Total Bytes 0
Elapsed Time 1.064396e-02 seconds
FLOP/s 9.853777e+10
B/s 0.000000e+00
Transfer (estimated):
  Unable to estimate local/nonlocal transfer
[Partition 0][Node 0] End of program
=== system charm_old pes 4 iter 1024 rep 5 ===
Charm++> Running on MPI library: MPI VERSION    : CRAY MPICH version 8.1.32.110 (ANL base 3.4a2)
MPI BUILD INFO : Thu Feb 06 22:53 2025 (git hash f9c5634)
 (MPI standard: 3.1)
Charm++> Level of thread support used: MPI_THREAD_FUNNELED (desired: MPI_THREAD_FUNNELED)
Charm++> Running in SMP mode: 1 processes, 4 worker threads (PEs) + 1 comm threads per process, 4 PEs total
Charm++> The comm. thread both sends and receives messages
Converse/Charm++ Commit ID: v8.0.1-devel-36-g3c3086b33
CharmLB> Load balancer assumes all CPUs are same.
Charm++> cpu affinity enabled. 
Charm++> Running on 1 hosts (2 sockets x 2 cores x 1 PUs = 5-way SMP)
Charm++> cpu topology info is gathered in 0.001 seconds.
CharmLB> Load balancing instrumentation for communication is off.
Running Task Benchmark
  Configuration:
    Task Graph 1:
      Time Steps: 1000
      Max Width: 4
      Dependence Type: stencil_1d
      Radix: 3
      Period: 0
      Fraction Connected: 0.250000
      Kernel:
        Type: compute_bound
        Iterations: 1024
        Samples: 16
        Imbalance: 0.000000
      Output Bytes: 16
      Scratch Bytes: 0
Time for last run: 6.134033e-03
Time for last run: 6.174088e-03
Total Tasks 4000
Total Dependencies 9990
  Unable to estimate local/nonlocal dependencies
Total FLOPs 524544000
Total Bytes 0
Elapsed Time 6.174088e-03 seconds
FLOP/s 8.495895e+10
B/s 0.000000e+00
Transfer (estimated):
  Unable to estimate local/nonlocal transfer
[Partition 0][Node 0] End of program
=== system charm_old pes 4 iter 512 rep 5 ===
Charm++> Running on MPI library: MPI VERSION    : CRAY MPICH version 8.1.32.110 (ANL base 3.4a2)
MPI BUILD INFO : Thu Feb 06 22:53 2025 (git hash f9c5634)
 (MPI standard: 3.1)
Charm++> Level of thread support used: MPI_THREAD_FUNNELED (desired: MPI_THREAD_FUNNELED)
Charm++> Running in SMP mode: 1 processes, 4 worker threads (PEs) + 1 comm threads per process, 4 PEs total
Charm++> The comm. thread both sends and receives messages
Converse/Charm++ Commit ID: v8.0.1-devel-36-g3c3086b33
CharmLB> Load balancer assumes all CPUs are same.
Charm++> cpu affinity enabled. 
Charm++> Running on 1 hosts (2 sockets x 2 cores x 1 PUs = 5-way SMP)
Charm++> cpu topology info is gathered in 0.001 seconds.
CharmLB> Load balancing instrumentation for communication is off.
Running Task Benchmark
  Configuration:
    Task Graph 1:
      Time Steps: 1000
      Max Width: 4
      Dependence Type: stencil_1d
      Radix: 3
      Period: 0
      Fraction Connected: 0.250000
      Kernel:
        Type: compute_bound
        Iterations: 512
        Samples: 16
        Imbalance: 0.000000
      Output Bytes: 16
      Scratch Bytes: 0
Time for last run: 4.560947e-03
Time for last run: 4.550934e-03
Total Tasks 4000
Total Dependencies 9990
  Unable to estimate local/nonlocal dependencies
Total FLOPs 262400000
Total Bytes 0
Elapsed Time 4.550934e-03 seconds
FLOP/s 5.765850e+10
B/s 0.000000e+00
Transfer (estimated):
  Unable to estimate local/nonlocal transfer
[Partition 0][Node 0] End of program
=== system charm_old pes 4 iter 256 rep 5 ===
Charm++> Running on MPI library: MPI VERSION    : CRAY MPICH version 8.1.32.110 (ANL base 3.4a2)
MPI BUILD INFO : Thu Feb 06 22:53 2025 (git hash f9c5634)
 (MPI standard: 3.1)
Charm++> Level of thread support used: MPI_THREAD_FUNNELED (desired: MPI_THREAD_FUNNELED)
Charm++> Running in SMP mode: 1 processes, 4 worker threads (PEs) + 1 comm threads per process, 4 PEs total
Charm++> The comm. thread both sends and receives messages
Converse/Charm++ Commit ID: v8.0.1-devel-36-g3c3086b33
CharmLB> Load balancer assumes all CPUs are same.
Charm++> cpu affinity enabled. 
Charm++> Running on 1 hosts (2 sockets x 2 cores x 1 PUs = 5-way SMP)
Charm++> cpu topology info is gathered in 0.001 seconds.
CharmLB> Load balancing instrumentation for communication is off.
Running Task Benchmark
  Configuration:
    Task Graph 1:
      Time Steps: 1000
      Max Width: 4
      Dependence Type: stencil_1d
      Radix: 3
      Period: 0
      Fraction Connected: 0.250000
      Kernel:
        Type: compute_bound
        Iterations: 256
        Samples: 16
        Imbalance: 0.000000
      Output Bytes: 16
      Scratch Bytes: 0
Time for last run: 4.314899e-03
Time for last run: 4.341125e-03
Total Tasks 4000
Total Dependencies 9990
  Unable to estimate local/nonlocal dependencies
Total FLOPs 131328000
Total Bytes 0
Elapsed Time 4.341125e-03 seconds
FLOP/s 3.025206e+10
B/s 0.000000e+00
Transfer (estimated):
  Unable to estimate local/nonlocal transfer
[Partition 0][Node 0] End of program
=== system charm_old pes 4 iter 128 rep 5 ===
Charm++> Running on MPI library: MPI VERSION    : CRAY MPICH version 8.1.32.110 (ANL base 3.4a2)
MPI BUILD INFO : Thu Feb 06 22:53 2025 (git hash f9c5634)
 (MPI standard: 3.1)
Charm++> Level of thread support used: MPI_THREAD_FUNNELED (desired: MPI_THREAD_FUNNELED)
Charm++> Running in SMP mode: 1 processes, 4 worker threads (PEs) + 1 comm threads per process, 4 PEs total
Charm++> The comm. thread both sends and receives messages
Converse/Charm++ Commit ID: v8.0.1-devel-36-g3c3086b33
CharmLB> Load balancer assumes all CPUs are same.
Charm++> cpu affinity enabled. 
Charm++> Running on 1 hosts (2 sockets x 2 cores x 1 PUs = 5-way SMP)
Charm++> cpu topology info is gathered in 0.001 seconds.
CharmLB> Load balancing instrumentation for communication is off.
Running Task Benchmark
  Configuration:
    Task Graph 1:
      Time Steps: 1000
      Max Width: 4
      Dependence Type: stencil_1d
      Radix: 3
      Period: 0
      Fraction Connected: 0.250000
      Kernel:
        Type: compute_bound
        Iterations: 128
        Samples: 16
        Imbalance: 0.000000
      Output Bytes: 16
      Scratch Bytes: 0
Time for last run: 3.244877e-03
Time for last run: 3.316164e-03
Total Tasks 4000
Total Dependencies 9990
  Unable to estimate local/nonlocal dependencies
Total FLOPs 65792000
Total Bytes 0
Elapsed Time 3.316164e-03 seconds
FLOP/s 1.983979e+10
B/s 0.000000e+00
Transfer (estimated):
  Unable to estimate local/nonlocal transfer
[Partition 0][Node 0] End of program
=== system charm_old pes 4 iter 64 rep 5 ===
Charm++> Running on MPI library: MPI VERSION    : CRAY MPICH version 8.1.32.110 (ANL base 3.4a2)
MPI BUILD INFO : Thu Feb 06 22:53 2025 (git hash f9c5634)
 (MPI standard: 3.1)
Charm++> Level of thread support used: MPI_THREAD_FUNNELED (desired: MPI_THREAD_FUNNELED)
Charm++> Running in SMP mode: 1 processes, 4 worker threads (PEs) + 1 comm threads per process, 4 PEs total
Charm++> The comm. thread both sends and receives messages
Converse/Charm++ Commit ID: v8.0.1-devel-36-g3c3086b33
CharmLB> Load balancer assumes all CPUs are same.
Charm++> cpu affinity enabled. 
Charm++> Running on 1 hosts (2 sockets x 2 cores x 1 PUs = 5-way SMP)
Charm++> cpu topology info is gathered in 0.001 seconds.
CharmLB> Load balancing instrumentation for communication is off.
Running Task Benchmark
  Configuration:
    Task Graph 1:
      Time Steps: 1000
      Max Width: 4
      Dependence Type: stencil_1d
      Radix: 3
      Period: 0
      Fraction Connected: 0.250000
      Kernel:
        Type: compute_bound
        Iterations: 64
        Samples: 16
        Imbalance: 0.000000
      Output Bytes: 16
      Scratch Bytes: 0
Time for last run: 3.119946e-03
Time for last run: 3.118992e-03
Total Tasks 4000
Total Dependencies 9990
  Unable to estimate local/nonlocal dependencies
Total FLOPs 33024000
Total Bytes 0
Elapsed Time 3.118992e-03 seconds
FLOP/s 1.058804e+10
B/s 0.000000e+00
Transfer (estimated):
  Unable to estimate local/nonlocal transfer
[Partition 0][Node 0] End of program
=== system charm_old pes 4 iter 32 rep 5 ===
Charm++> Running on MPI library: MPI VERSION    : CRAY MPICH version 8.1.32.110 (ANL base 3.4a2)
MPI BUILD INFO : Thu Feb 06 22:53 2025 (git hash f9c5634)
 (MPI standard: 3.1)
Charm++> Level of thread support used: MPI_THREAD_FUNNELED (desired: MPI_THREAD_FUNNELED)
Charm++> Running in SMP mode: 1 processes, 4 worker threads (PEs) + 1 comm threads per process, 4 PEs total
Charm++> The comm. thread both sends and receives messages
Converse/Charm++ Commit ID: v8.0.1-devel-36-g3c3086b33
CharmLB> Load balancer assumes all CPUs are same.
Charm++> cpu affinity enabled. 
Charm++> Running on 1 hosts (2 sockets x 2 cores x 1 PUs = 5-way SMP)
Charm++> cpu topology info is gathered in 0.001 seconds.
CharmLB> Load balancing instrumentation for communication is off.
Running Task Benchmark
  Configuration:
    Task Graph 1:
      Time Steps: 1000
      Max Width: 4
      Dependence Type: stencil_1d
      Radix: 3
      Period: 0
      Fraction Connected: 0.250000
      Kernel:
        Type: compute_bound
        Iterations: 32
        Samples: 16
        Imbalance: 0.000000
      Output Bytes: 16
      Scratch Bytes: 0
Time for last run: 3.327131e-03
Time for last run: 3.110886e-03
Total Tasks 4000
Total Dependencies 9990
  Unable to estimate local/nonlocal dependencies
Total FLOPs 16640000
Total Bytes 0
Elapsed Time 3.110886e-03 seconds
FLOP/s 5.348959e+09
B/s 0.000000e+00
Transfer (estimated):
  Unable to estimate local/nonlocal transfer
[Partition 0][Node 0] End of program
=== system charm_old pes 4 iter 16 rep 5 ===
Charm++> Running on MPI library: MPI VERSION    : CRAY MPICH version 8.1.32.110 (ANL base 3.4a2)
MPI BUILD INFO : Thu Feb 06 22:53 2025 (git hash f9c5634)
 (MPI standard: 3.1)
Charm++> Level of thread support used: MPI_THREAD_FUNNELED (desired: MPI_THREAD_FUNNELED)
Charm++> Running in SMP mode: 1 processes, 4 worker threads (PEs) + 1 comm threads per process, 4 PEs total
Charm++> The comm. thread both sends and receives messages
Converse/Charm++ Commit ID: v8.0.1-devel-36-g3c3086b33
CharmLB> Load balancer assumes all CPUs are same.
Charm++> cpu affinity enabled. 
Charm++> Running on 1 hosts (2 sockets x 2 cores x 1 PUs = 5-way SMP)
Charm++> cpu topology info is gathered in 0.001 seconds.
CharmLB> Load balancing instrumentation for communication is off.
Running Task Benchmark
  Configuration:
    Task Graph 1:
      Time Steps: 1000
      Max Width: 4
      Dependence Type: stencil_1d
      Radix: 3
      Period: 0
      Fraction Connected: 0.250000
      Kernel:
        Type: compute_bound
        Iterations: 16
        Samples: 16
        Imbalance: 0.000000
      Output Bytes: 16
      Scratch Bytes: 0
Time for last run: 3.039837e-03
Time for last run: 3.062010e-03
Total Tasks 4000
Total Dependencies 9990
  Unable to estimate local/nonlocal dependencies
Total FLOPs 8448000
Total Bytes 0
Elapsed Time 3.062010e-03 seconds
FLOP/s 2.758972e+09
B/s 0.000000e+00
Transfer (estimated):
  Unable to estimate local/nonlocal transfer
[Partition 0][Node 0] End of program
=== system charm_old pes 4 iter 8 rep 5 ===
Charm++> Running on MPI library: MPI VERSION    : CRAY MPICH version 8.1.32.110 (ANL base 3.4a2)
MPI BUILD INFO : Thu Feb 06 22:53 2025 (git hash f9c5634)
 (MPI standard: 3.1)
Charm++> Level of thread support used: MPI_THREAD_FUNNELED (desired: MPI_THREAD_FUNNELED)
Charm++> Running in SMP mode: 1 processes, 4 worker threads (PEs) + 1 comm threads per process, 4 PEs total
Charm++> The comm. thread both sends and receives messages
Converse/Charm++ Commit ID: v8.0.1-devel-36-g3c3086b33
CharmLB> Load balancer assumes all CPUs are same.
Charm++> cpu affinity enabled. 
Charm++> Running on 1 hosts (2 sockets x 2 cores x 1 PUs = 5-way SMP)
Charm++> cpu topology info is gathered in 0.001 seconds.
CharmLB> Load balancing instrumentation for communication is off.
Running Task Benchmark
  Configuration:
    Task Graph 1:
      Time Steps: 1000
      Max Width: 4
      Dependence Type: stencil_1d
      Radix: 3
      Period: 0
      Fraction Connected: 0.250000
      Kernel:
        Type: compute_bound
        Iterations: 8
        Samples: 16
        Imbalance: 0.000000
      Output Bytes: 16
      Scratch Bytes: 0
Time for last run: 2.872944e-03
Time for last run: 2.918005e-03
Total Tasks 4000
Total Dependencies 9990
  Unable to estimate local/nonlocal dependencies
Total FLOPs 4352000
Total Bytes 0
Elapsed Time 2.918005e-03 seconds
FLOP/s 1.491430e+09
B/s 0.000000e+00
Transfer (estimated):
  Unable to estimate local/nonlocal transfer
[Partition 0][Node 0] End of program
=== system charm_old pes 4 iter 4 rep 5 ===
Charm++> Running on MPI library: MPI VERSION    : CRAY MPICH version 8.1.32.110 (ANL base 3.4a2)
MPI BUILD INFO : Thu Feb 06 22:53 2025 (git hash f9c5634)
 (MPI standard: 3.1)
Charm++> Level of thread support used: MPI_THREAD_FUNNELED (desired: MPI_THREAD_FUNNELED)
Charm++> Running in SMP mode: 1 processes, 4 worker threads (PEs) + 1 comm threads per process, 4 PEs total
Charm++> The comm. thread both sends and receives messages
Converse/Charm++ Commit ID: v8.0.1-devel-36-g3c3086b33
CharmLB> Load balancer assumes all CPUs are same.
Charm++> cpu affinity enabled. 
Charm++> Running on 1 hosts (2 sockets x 2 cores x 1 PUs = 5-way SMP)
Charm++> cpu topology info is gathered in 0.001 seconds.
CharmLB> Load balancing instrumentation for communication is off.
Running Task Benchmark
  Configuration:
    Task Graph 1:
      Time Steps: 1000
      Max Width: 4
      Dependence Type: stencil_1d
      Radix: 3
      Period: 0
      Fraction Connected: 0.250000
      Kernel:
        Type: compute_bound
        Iterations: 4
        Samples: 16
        Imbalance: 0.000000
      Output Bytes: 16
      Scratch Bytes: 0
Time for last run: 2.920151e-03
Time for last run: 2.993107e-03
Total Tasks 4000
Total Dependencies 9990
  Unable to estimate local/nonlocal dependencies
Total FLOPs 2304000
Total Bytes 0
Elapsed Time 2.993107e-03 seconds
FLOP/s 7.697687e+08
B/s 0.000000e+00
Transfer (estimated):
  Unable to estimate local/nonlocal transfer
[Partition 0][Node 0] End of program
=== system charm_old pes 4 iter 2 rep 5 ===
Charm++> Running on MPI library: MPI VERSION    : CRAY MPICH version 8.1.32.110 (ANL base 3.4a2)
MPI BUILD INFO : Thu Feb 06 22:53 2025 (git hash f9c5634)
 (MPI standard: 3.1)
Charm++> Level of thread support used: MPI_THREAD_FUNNELED (desired: MPI_THREAD_FUNNELED)
Charm++> Running in SMP mode: 1 processes, 4 worker threads (PEs) + 1 comm threads per process, 4 PEs total
Charm++> The comm. thread both sends and receives messages
Converse/Charm++ Commit ID: v8.0.1-devel-36-g3c3086b33
CharmLB> Load balancer assumes all CPUs are same.
Charm++> cpu affinity enabled. 
Charm++> Running on 1 hosts (2 sockets x 2 cores x 1 PUs = 5-way SMP)
Charm++> cpu topology info is gathered in 0.001 seconds.
CharmLB> Load balancing instrumentation for communication is off.
Running Task Benchmark
  Configuration:
    Task Graph 1:
      Time Steps: 1000
      Max Width: 4
      Dependence Type: stencil_1d
      Radix: 3
      Period: 0
      Fraction Connected: 0.250000
      Kernel:
        Type: compute_bound
        Iterations: 2
        Samples: 16
        Imbalance: 0.000000
      Output Bytes: 16
      Scratch Bytes: 0
Time for last run: 2.938986e-03
Time for last run: 2.885103e-03
Total Tasks 4000
Total Dependencies 9990
  Unable to estimate local/nonlocal dependencies
Total FLOPs 1280000
Total Bytes 0
Elapsed Time 2.885103e-03 seconds
FLOP/s 4.436583e+08
B/s 0.000000e+00
Transfer (estimated):
  Unable to estimate local/nonlocal transfer
[Partition 0][Node 0] End of program
=== system charm_old pes 4 iter 16384 rep 6 ===
Charm++> Running on MPI library: MPI VERSION    : CRAY MPICH version 8.1.32.110 (ANL base 3.4a2)
MPI BUILD INFO : Thu Feb 06 22:53 2025 (git hash f9c5634)
 (MPI standard: 3.1)
Charm++> Level of thread support used: MPI_THREAD_FUNNELED (desired: MPI_THREAD_FUNNELED)
Charm++> Running in SMP mode: 1 processes, 4 worker threads (PEs) + 1 comm threads per process, 4 PEs total
Charm++> The comm. thread both sends and receives messages
Converse/Charm++ Commit ID: v8.0.1-devel-36-g3c3086b33
CharmLB> Load balancer assumes all CPUs are same.
Charm++> cpu affinity enabled. 
Charm++> Running on 1 hosts (2 sockets x 2 cores x 1 PUs = 5-way SMP)
Charm++> cpu topology info is gathered in 0.001 seconds.
CharmLB> Load balancing instrumentation for communication is off.
Running Task Benchmark
  Configuration:
    Task Graph 1:
      Time Steps: 1000
      Max Width: 4
      Dependence Type: stencil_1d
      Radix: 3
      Period: 0
      Fraction Connected: 0.250000
      Kernel:
        Type: compute_bound
        Iterations: 16384
        Samples: 16
        Imbalance: 0.000000
      Output Bytes: 16
      Scratch Bytes: 0
Time for last run: 5.814409e-02
Time for last run: 5.807400e-02
Total Tasks 4000
Total Dependencies 9990
  Unable to estimate local/nonlocal dependencies
Total FLOPs 8388864000
Total Bytes 0
Elapsed Time 5.807400e-02 seconds
FLOP/s 1.444513e+11
B/s 0.000000e+00
Transfer (estimated):
  Unable to estimate local/nonlocal transfer
[Partition 0][Node 0] End of program
=== system charm_old pes 4 iter 8192 rep 6 ===
Charm++> Running on MPI library: MPI VERSION    : CRAY MPICH version 8.1.32.110 (ANL base 3.4a2)
MPI BUILD INFO : Thu Feb 06 22:53 2025 (git hash f9c5634)
 (MPI standard: 3.1)
Charm++> Level of thread support used: MPI_THREAD_FUNNELED (desired: MPI_THREAD_FUNNELED)
Charm++> Running in SMP mode: 1 processes, 4 worker threads (PEs) + 1 comm threads per process, 4 PEs total
Charm++> The comm. thread both sends and receives messages
Converse/Charm++ Commit ID: v8.0.1-devel-36-g3c3086b33
CharmLB> Load balancer assumes all CPUs are same.
Charm++> cpu affinity enabled. 
Charm++> Running on 1 hosts (2 sockets x 2 cores x 1 PUs = 5-way SMP)
Charm++> cpu topology info is gathered in 0.001 seconds.
CharmLB> Load balancing instrumentation for communication is off.
Running Task Benchmark
  Configuration:
    Task Graph 1:
      Time Steps: 1000
      Max Width: 4
      Dependence Type: stencil_1d
      Radix: 3
      Period: 0
      Fraction Connected: 0.250000
      Kernel:
        Type: compute_bound
        Iterations: 8192
        Samples: 16
        Imbalance: 0.000000
      Output Bytes: 16
      Scratch Bytes: 0
Time for last run: 3.761196e-02
Time for last run: 3.754902e-02
Total Tasks 4000
Total Dependencies 9990
  Unable to estimate local/nonlocal dependencies
Total FLOPs 4194560000
Total Bytes 0
Elapsed Time 3.754902e-02 seconds
FLOP/s 1.117089e+11
B/s 0.000000e+00
Transfer (estimated):
  Unable to estimate local/nonlocal transfer
[Partition 0][Node 0] End of program
=== system charm_old pes 4 iter 4096 rep 6 ===
Charm++> Running on MPI library: MPI VERSION    : CRAY MPICH version 8.1.32.110 (ANL base 3.4a2)
MPI BUILD INFO : Thu Feb 06 22:53 2025 (git hash f9c5634)
 (MPI standard: 3.1)
Charm++> Level of thread support used: MPI_THREAD_FUNNELED (desired: MPI_THREAD_FUNNELED)
Charm++> Running in SMP mode: 1 processes, 4 worker threads (PEs) + 1 comm threads per process, 4 PEs total
Charm++> The comm. thread both sends and receives messages
Converse/Charm++ Commit ID: v8.0.1-devel-36-g3c3086b33
CharmLB> Load balancer assumes all CPUs are same.
Charm++> cpu affinity enabled. 
Charm++> Running on 1 hosts (2 sockets x 2 cores x 1 PUs = 5-way SMP)
Charm++> cpu topology info is gathered in 0.001 seconds.
CharmLB> Load balancing instrumentation for communication is off.
Running Task Benchmark
  Configuration:
    Task Graph 1:
      Time Steps: 1000
      Max Width: 4
      Dependence Type: stencil_1d
      Radix: 3
      Period: 0
      Fraction Connected: 0.250000
      Kernel:
        Type: compute_bound
        Iterations: 4096
        Samples: 16
        Imbalance: 0.000000
      Output Bytes: 16
      Scratch Bytes: 0
Time for last run: 2.032900e-02
Time for last run: 2.032900e-02
Total Tasks 4000
Total Dependencies 9990
  Unable to estimate local/nonlocal dependencies
Total FLOPs 2097408000
Total Bytes 0
Elapsed Time 2.032900e-02 seconds
FLOP/s 1.031732e+11
B/s 0.000000e+00
Transfer (estimated):
  Unable to estimate local/nonlocal transfer
[Partition 0][Node 0] End of program
=== system charm_old pes 4 iter 2048 rep 6 ===
Charm++> Running on MPI library: MPI VERSION    : CRAY MPICH version 8.1.32.110 (ANL base 3.4a2)
MPI BUILD INFO : Thu Feb 06 22:53 2025 (git hash f9c5634)
 (MPI standard: 3.1)
Charm++> Level of thread support used: MPI_THREAD_FUNNELED (desired: MPI_THREAD_FUNNELED)
Charm++> Running in SMP mode: 1 processes, 4 worker threads (PEs) + 1 comm threads per process, 4 PEs total
Charm++> The comm. thread both sends and receives messages
Converse/Charm++ Commit ID: v8.0.1-devel-36-g3c3086b33
CharmLB> Load balancer assumes all CPUs are same.
Charm++> cpu affinity enabled. 
Charm++> Running on 1 hosts (2 sockets x 2 cores x 1 PUs = 5-way SMP)
Charm++> cpu topology info is gathered in 0.001 seconds.
CharmLB> Load balancing instrumentation for communication is off.
Running Task Benchmark
  Configuration:
    Task Graph 1:
      Time Steps: 1000
      Max Width: 4
      Dependence Type: stencil_1d
      Radix: 3
      Period: 0
      Fraction Connected: 0.250000
      Kernel:
        Type: compute_bound
        Iterations: 2048
        Samples: 16
        Imbalance: 0.000000
      Output Bytes: 16
      Scratch Bytes: 0
Time for last run: 1.172614e-02
Time for last run: 1.172805e-02
Total Tasks 4000
Total Dependencies 9990
  Unable to estimate local/nonlocal dependencies
Total FLOPs 1048832000
Total Bytes 0
Elapsed Time 1.172805e-02 seconds
FLOP/s 8.942937e+10
B/s 0.000000e+00
Transfer (estimated):
  Unable to estimate local/nonlocal transfer
[Partition 0][Node 0] End of program
=== system charm_old pes 4 iter 1024 rep 6 ===
Charm++> Running on MPI library: MPI VERSION    : CRAY MPICH version 8.1.32.110 (ANL base 3.4a2)
MPI BUILD INFO : Thu Feb 06 22:53 2025 (git hash f9c5634)
 (MPI standard: 3.1)
Charm++> Level of thread support used: MPI_THREAD_FUNNELED (desired: MPI_THREAD_FUNNELED)
Charm++> Running in SMP mode: 1 processes, 4 worker threads (PEs) + 1 comm threads per process, 4 PEs total
Charm++> The comm. thread both sends and receives messages
Converse/Charm++ Commit ID: v8.0.1-devel-36-g3c3086b33
CharmLB> Load balancer assumes all CPUs are same.
Charm++> cpu affinity enabled. 
Charm++> Running on 1 hosts (2 sockets x 2 cores x 1 PUs = 5-way SMP)
Charm++> cpu topology info is gathered in 0.001 seconds.
CharmLB> Load balancing instrumentation for communication is off.
Running Task Benchmark
  Configuration:
    Task Graph 1:
      Time Steps: 1000
      Max Width: 4
      Dependence Type: stencil_1d
      Radix: 3
      Period: 0
      Fraction Connected: 0.250000
      Kernel:
        Type: compute_bound
        Iterations: 1024
        Samples: 16
        Imbalance: 0.000000
      Output Bytes: 16
      Scratch Bytes: 0
Time for last run: 6.443977e-03
Time for last run: 6.436825e-03
Total Tasks 4000
Total Dependencies 9990
  Unable to estimate local/nonlocal dependencies
Total FLOPs 524544000
Total Bytes 0
Elapsed Time 6.436825e-03 seconds
FLOP/s 8.149111e+10
B/s 0.000000e+00
Transfer (estimated):
  Unable to estimate local/nonlocal transfer
[Partition 0][Node 0] End of program
=== system charm_old pes 4 iter 512 rep 6 ===
Charm++> Running on MPI library: MPI VERSION    : CRAY MPICH version 8.1.32.110 (ANL base 3.4a2)
MPI BUILD INFO : Thu Feb 06 22:53 2025 (git hash f9c5634)
 (MPI standard: 3.1)
Charm++> Level of thread support used: MPI_THREAD_FUNNELED (desired: MPI_THREAD_FUNNELED)
Charm++> Running in SMP mode: 1 processes, 4 worker threads (PEs) + 1 comm threads per process, 4 PEs total
Charm++> The comm. thread both sends and receives messages
Converse/Charm++ Commit ID: v8.0.1-devel-36-g3c3086b33
CharmLB> Load balancer assumes all CPUs are same.
Charm++> cpu affinity enabled. 
Charm++> Running on 1 hosts (2 sockets x 2 cores x 1 PUs = 5-way SMP)
Charm++> cpu topology info is gathered in 0.001 seconds.
CharmLB> Load balancing instrumentation for communication is off.
Running Task Benchmark
  Configuration:
    Task Graph 1:
      Time Steps: 1000
      Max Width: 4
      Dependence Type: stencil_1d
      Radix: 3
      Period: 0
      Fraction Connected: 0.250000
      Kernel:
        Type: compute_bound
        Iterations: 512
        Samples: 16
        Imbalance: 0.000000
      Output Bytes: 16
      Scratch Bytes: 0
Time for last run: 4.374027e-03
Time for last run: 4.487991e-03
Total Tasks 4000
Total Dependencies 9990
  Unable to estimate local/nonlocal dependencies
Total FLOPs 262400000
Total Bytes 0
Elapsed Time 4.487991e-03 seconds
FLOP/s 5.846714e+10
B/s 0.000000e+00
Transfer (estimated):
  Unable to estimate local/nonlocal transfer
[Partition 0][Node 0] End of program
=== system charm_old pes 4 iter 256 rep 6 ===
Charm++> Running on MPI library: MPI VERSION    : CRAY MPICH version 8.1.32.110 (ANL base 3.4a2)
MPI BUILD INFO : Thu Feb 06 22:53 2025 (git hash f9c5634)
 (MPI standard: 3.1)
Charm++> Level of thread support used: MPI_THREAD_FUNNELED (desired: MPI_THREAD_FUNNELED)
Charm++> Running in SMP mode: 1 processes, 4 worker threads (PEs) + 1 comm threads per process, 4 PEs total
Charm++> The comm. thread both sends and receives messages
Converse/Charm++ Commit ID: v8.0.1-devel-36-g3c3086b33
CharmLB> Load balancer assumes all CPUs are same.
Charm++> cpu affinity enabled. 
Charm++> Running on 1 hosts (2 sockets x 2 cores x 1 PUs = 5-way SMP)
Charm++> cpu topology info is gathered in 0.001 seconds.
CharmLB> Load balancing instrumentation for communication is off.
Running Task Benchmark
  Configuration:
    Task Graph 1:
      Time Steps: 1000
      Max Width: 4
      Dependence Type: stencil_1d
      Radix: 3
      Period: 0
      Fraction Connected: 0.250000
      Kernel:
        Type: compute_bound
        Iterations: 256
        Samples: 16
        Imbalance: 0.000000
      Output Bytes: 16
      Scratch Bytes: 0
Time for last run: 4.285097e-03
Time for last run: 4.359007e-03
Total Tasks 4000
Total Dependencies 9990
  Unable to estimate local/nonlocal dependencies
Total FLOPs 131328000
Total Bytes 0
Elapsed Time 4.359007e-03 seconds
FLOP/s 3.012796e+10
B/s 0.000000e+00
Transfer (estimated):
  Unable to estimate local/nonlocal transfer
[Partition 0][Node 0] End of program
=== system charm_old pes 4 iter 128 rep 6 ===
Charm++> Running on MPI library: MPI VERSION    : CRAY MPICH version 8.1.32.110 (ANL base 3.4a2)
MPI BUILD INFO : Thu Feb 06 22:53 2025 (git hash f9c5634)
 (MPI standard: 3.1)
Charm++> Level of thread support used: MPI_THREAD_FUNNELED (desired: MPI_THREAD_FUNNELED)
Charm++> Running in SMP mode: 1 processes, 4 worker threads (PEs) + 1 comm threads per process, 4 PEs total
Charm++> The comm. thread both sends and receives messages
Converse/Charm++ Commit ID: v8.0.1-devel-36-g3c3086b33
CharmLB> Load balancer assumes all CPUs are same.
Charm++> cpu affinity enabled. 
Charm++> Running on 1 hosts (2 sockets x 2 cores x 1 PUs = 5-way SMP)
Charm++> cpu topology info is gathered in 0.001 seconds.
CharmLB> Load balancing instrumentation for communication is off.
Running Task Benchmark
  Configuration:
    Task Graph 1:
      Time Steps: 1000
      Max Width: 4
      Dependence Type: stencil_1d
      Radix: 3
      Period: 0
      Fraction Connected: 0.250000
      Kernel:
        Type: compute_bound
        Iterations: 128
        Samples: 16
        Imbalance: 0.000000
      Output Bytes: 16
      Scratch Bytes: 0
Time for last run: 3.319979e-03
Time for last run: 3.369093e-03
Total Tasks 4000
Total Dependencies 9990
  Unable to estimate local/nonlocal dependencies
Total FLOPs 65792000
Total Bytes 0
Elapsed Time 3.369093e-03 seconds
FLOP/s 1.952810e+10
B/s 0.000000e+00
Transfer (estimated):
  Unable to estimate local/nonlocal transfer
[Partition 0][Node 0] End of program
=== system charm_old pes 4 iter 64 rep 6 ===
Charm++> Running on MPI library: MPI VERSION    : CRAY MPICH version 8.1.32.110 (ANL base 3.4a2)
MPI BUILD INFO : Thu Feb 06 22:53 2025 (git hash f9c5634)
 (MPI standard: 3.1)
Charm++> Level of thread support used: MPI_THREAD_FUNNELED (desired: MPI_THREAD_FUNNELED)
Charm++> Running in SMP mode: 1 processes, 4 worker threads (PEs) + 1 comm threads per process, 4 PEs total
Charm++> The comm. thread both sends and receives messages
Converse/Charm++ Commit ID: v8.0.1-devel-36-g3c3086b33
CharmLB> Load balancer assumes all CPUs are same.
Charm++> cpu affinity enabled. 
Charm++> Running on 1 hosts (2 sockets x 2 cores x 1 PUs = 5-way SMP)
Charm++> cpu topology info is gathered in 0.001 seconds.
CharmLB> Load balancing instrumentation for communication is off.
Running Task Benchmark
  Configuration:
    Task Graph 1:
      Time Steps: 1000
      Max Width: 4
      Dependence Type: stencil_1d
      Radix: 3
      Period: 0
      Fraction Connected: 0.250000
      Kernel:
        Type: compute_bound
        Iterations: 64
        Samples: 16
        Imbalance: 0.000000
      Output Bytes: 16
      Scratch Bytes: 0
Time for last run: 3.167868e-03
Time for last run: 3.209829e-03
Total Tasks 4000
Total Dependencies 9990
  Unable to estimate local/nonlocal dependencies
Total FLOPs 33024000
Total Bytes 0
Elapsed Time 3.209829e-03 seconds
FLOP/s 1.028840e+10
B/s 0.000000e+00
Transfer (estimated):
  Unable to estimate local/nonlocal transfer
[Partition 0][Node 0] End of program
=== system charm_old pes 4 iter 32 rep 6 ===
Charm++> Running on MPI library: MPI VERSION    : CRAY MPICH version 8.1.32.110 (ANL base 3.4a2)
MPI BUILD INFO : Thu Feb 06 22:53 2025 (git hash f9c5634)
 (MPI standard: 3.1)
Charm++> Level of thread support used: MPI_THREAD_FUNNELED (desired: MPI_THREAD_FUNNELED)
Charm++> Running in SMP mode: 1 processes, 4 worker threads (PEs) + 1 comm threads per process, 4 PEs total
Charm++> The comm. thread both sends and receives messages
Converse/Charm++ Commit ID: v8.0.1-devel-36-g3c3086b33
CharmLB> Load balancer assumes all CPUs are same.
Charm++> cpu affinity enabled. 
Charm++> Running on 1 hosts (2 sockets x 2 cores x 1 PUs = 5-way SMP)
Charm++> cpu topology info is gathered in 0.001 seconds.
CharmLB> Load balancing instrumentation for communication is off.
Running Task Benchmark
  Configuration:
    Task Graph 1:
      Time Steps: 1000
      Max Width: 4
      Dependence Type: stencil_1d
      Radix: 3
      Period: 0
      Fraction Connected: 0.250000
      Kernel:
        Type: compute_bound
        Iterations: 32
        Samples: 16
        Imbalance: 0.000000
      Output Bytes: 16
      Scratch Bytes: 0
Time for last run: 2.974987e-03
Time for last run: 2.974033e-03
Total Tasks 4000
Total Dependencies 9990
  Unable to estimate local/nonlocal dependencies
Total FLOPs 16640000
Total Bytes 0
Elapsed Time 2.974033e-03 seconds
FLOP/s 5.595095e+09
B/s 0.000000e+00
Transfer (estimated):
  Unable to estimate local/nonlocal transfer
[Partition 0][Node 0] End of program
=== system charm_old pes 4 iter 16 rep 6 ===
Charm++> Running on MPI library: MPI VERSION    : CRAY MPICH version 8.1.32.110 (ANL base 3.4a2)
MPI BUILD INFO : Thu Feb 06 22:53 2025 (git hash f9c5634)
 (MPI standard: 3.1)
Charm++> Level of thread support used: MPI_THREAD_FUNNELED (desired: MPI_THREAD_FUNNELED)
Charm++> Running in SMP mode: 1 processes, 4 worker threads (PEs) + 1 comm threads per process, 4 PEs total
Charm++> The comm. thread both sends and receives messages
Converse/Charm++ Commit ID: v8.0.1-devel-36-g3c3086b33
CharmLB> Load balancer assumes all CPUs are same.
Charm++> cpu affinity enabled. 
Charm++> Running on 1 hosts (2 sockets x 2 cores x 1 PUs = 5-way SMP)
Charm++> cpu topology info is gathered in 0.001 seconds.
CharmLB> Load balancing instrumentation for communication is off.
Running Task Benchmark
  Configuration:
    Task Graph 1:
      Time Steps: 1000
      Max Width: 4
      Dependence Type: stencil_1d
      Radix: 3
      Period: 0
      Fraction Connected: 0.250000
      Kernel:
        Type: compute_bound
        Iterations: 16
        Samples: 16
        Imbalance: 0.000000
      Output Bytes: 16
      Scratch Bytes: 0
Time for last run: 3.358126e-03
Time for last run: 3.345013e-03
Total Tasks 4000
Total Dependencies 9990
  Unable to estimate local/nonlocal dependencies
Total FLOPs 8448000
Total Bytes 0
Elapsed Time 3.345013e-03 seconds
FLOP/s 2.525551e+09
B/s 0.000000e+00
Transfer (estimated):
  Unable to estimate local/nonlocal transfer
[Partition 0][Node 0] End of program
=== system charm_old pes 4 iter 8 rep 6 ===
Charm++> Running on MPI library: MPI VERSION    : CRAY MPICH version 8.1.32.110 (ANL base 3.4a2)
MPI BUILD INFO : Thu Feb 06 22:53 2025 (git hash f9c5634)
 (MPI standard: 3.1)
Charm++> Level of thread support used: MPI_THREAD_FUNNELED (desired: MPI_THREAD_FUNNELED)
Charm++> Running in SMP mode: 1 processes, 4 worker threads (PEs) + 1 comm threads per process, 4 PEs total
Charm++> The comm. thread both sends and receives messages
Converse/Charm++ Commit ID: v8.0.1-devel-36-g3c3086b33
CharmLB> Load balancer assumes all CPUs are same.
Charm++> cpu affinity enabled. 
Charm++> Running on 1 hosts (2 sockets x 2 cores x 1 PUs = 5-way SMP)
Charm++> cpu topology info is gathered in 0.001 seconds.
CharmLB> Load balancing instrumentation for communication is off.
Running Task Benchmark
  Configuration:
    Task Graph 1:
      Time Steps: 1000
      Max Width: 4
      Dependence Type: stencil_1d
      Radix: 3
      Period: 0
      Fraction Connected: 0.250000
      Kernel:
        Type: compute_bound
        Iterations: 8
        Samples: 16
        Imbalance: 0.000000
      Output Bytes: 16
      Scratch Bytes: 0
Time for last run: 2.856016e-03
Time for last run: 2.905130e-03
Total Tasks 4000
Total Dependencies 9990
  Unable to estimate local/nonlocal dependencies
Total FLOPs 4352000
Total Bytes 0
Elapsed Time 2.905130e-03 seconds
FLOP/s 1.498039e+09
B/s 0.000000e+00
Transfer (estimated):
  Unable to estimate local/nonlocal transfer
[Partition 0][Node 0] End of program
=== system charm_old pes 4 iter 4 rep 6 ===
Charm++> Running on MPI library: MPI VERSION    : CRAY MPICH version 8.1.32.110 (ANL base 3.4a2)
MPI BUILD INFO : Thu Feb 06 22:53 2025 (git hash f9c5634)
 (MPI standard: 3.1)
Charm++> Level of thread support used: MPI_THREAD_FUNNELED (desired: MPI_THREAD_FUNNELED)
Charm++> Running in SMP mode: 1 processes, 4 worker threads (PEs) + 1 comm threads per process, 4 PEs total
Charm++> The comm. thread both sends and receives messages
Converse/Charm++ Commit ID: v8.0.1-devel-36-g3c3086b33
CharmLB> Load balancer assumes all CPUs are same.
Charm++> cpu affinity enabled. 
Charm++> Running on 1 hosts (2 sockets x 2 cores x 1 PUs = 5-way SMP)
Charm++> cpu topology info is gathered in 0.001 seconds.
CharmLB> Load balancing instrumentation for communication is off.
Running Task Benchmark
  Configuration:
    Task Graph 1:
      Time Steps: 1000
      Max Width: 4
      Dependence Type: stencil_1d
      Radix: 3
      Period: 0
      Fraction Connected: 0.250000
      Kernel:
        Type: compute_bound
        Iterations: 4
        Samples: 16
        Imbalance: 0.000000
      Output Bytes: 16
      Scratch Bytes: 0
Time for last run: 3.126144e-03
Time for last run: 3.000021e-03
Total Tasks 4000
Total Dependencies 9990
  Unable to estimate local/nonlocal dependencies
Total FLOPs 2304000
Total Bytes 0
Elapsed Time 3.000021e-03 seconds
FLOP/s 7.679946e+08
B/s 0.000000e+00
Transfer (estimated):
  Unable to estimate local/nonlocal transfer
[Partition 0][Node 0] End of program
=== system charm_old pes 4 iter 2 rep 6 ===
Charm++> Running on MPI library: MPI VERSION    : CRAY MPICH version 8.1.32.110 (ANL base 3.4a2)
MPI BUILD INFO : Thu Feb 06 22:53 2025 (git hash f9c5634)
 (MPI standard: 3.1)
Charm++> Level of thread support used: MPI_THREAD_FUNNELED (desired: MPI_THREAD_FUNNELED)
Charm++> Running in SMP mode: 1 processes, 4 worker threads (PEs) + 1 comm threads per process, 4 PEs total
Charm++> The comm. thread both sends and receives messages
Converse/Charm++ Commit ID: v8.0.1-devel-36-g3c3086b33
CharmLB> Load balancer assumes all CPUs are same.
Charm++> cpu affinity enabled. 
Charm++> Running on 1 hosts (2 sockets x 2 cores x 1 PUs = 5-way SMP)
Charm++> cpu topology info is gathered in 0.001 seconds.
CharmLB> Load balancing instrumentation for communication is off.
Running Task Benchmark
  Configuration:
    Task Graph 1:
      Time Steps: 1000
      Max Width: 4
      Dependence Type: stencil_1d
      Radix: 3
      Period: 0
      Fraction Connected: 0.250000
      Kernel:
        Type: compute_bound
        Iterations: 2
        Samples: 16
        Imbalance: 0.000000
      Output Bytes: 16
      Scratch Bytes: 0
Time for last run: 3.139019e-03
Time for last run: 2.948046e-03
Total Tasks 4000
Total Dependencies 9990
  Unable to estimate local/nonlocal dependencies
Total FLOPs 1280000
Total Bytes 0
Elapsed Time 2.948046e-03 seconds
FLOP/s 4.341859e+08
B/s 0.000000e+00
Transfer (estimated):
  Unable to estimate local/nonlocal transfer
[Partition 0][Node 0] End of program
=== system charm_old pes 4 iter 16384 rep 7 ===
Charm++> Running on MPI library: MPI VERSION    : CRAY MPICH version 8.1.32.110 (ANL base 3.4a2)
MPI BUILD INFO : Thu Feb 06 22:53 2025 (git hash f9c5634)
 (MPI standard: 3.1)
Charm++> Level of thread support used: MPI_THREAD_FUNNELED (desired: MPI_THREAD_FUNNELED)
Charm++> Running in SMP mode: 1 processes, 4 worker threads (PEs) + 1 comm threads per process, 4 PEs total
Charm++> The comm. thread both sends and receives messages
Converse/Charm++ Commit ID: v8.0.1-devel-36-g3c3086b33
CharmLB> Load balancer assumes all CPUs are same.
Charm++> cpu affinity enabled. 
Charm++> Running on 1 hosts (2 sockets x 2 cores x 1 PUs = 5-way SMP)
Charm++> cpu topology info is gathered in 0.001 seconds.
CharmLB> Load balancing instrumentation for communication is off.
Running Task Benchmark
  Configuration:
    Task Graph 1:
      Time Steps: 1000
      Max Width: 4
      Dependence Type: stencil_1d
      Radix: 3
      Period: 0
      Fraction Connected: 0.250000
      Kernel:
        Type: compute_bound
        Iterations: 16384
        Samples: 16
        Imbalance: 0.000000
      Output Bytes: 16
      Scratch Bytes: 0
Time for last run: 5.803299e-02
Time for last run: 5.787301e-02
Total Tasks 4000
Total Dependencies 9990
  Unable to estimate local/nonlocal dependencies
Total FLOPs 8388864000
Total Bytes 0
Elapsed Time 5.787301e-02 seconds
FLOP/s 1.449530e+11
B/s 0.000000e+00
Transfer (estimated):
  Unable to estimate local/nonlocal transfer
[Partition 0][Node 0] End of program
=== system charm_old pes 4 iter 8192 rep 7 ===
Charm++> Running on MPI library: MPI VERSION    : CRAY MPICH version 8.1.32.110 (ANL base 3.4a2)
MPI BUILD INFO : Thu Feb 06 22:53 2025 (git hash f9c5634)
 (MPI standard: 3.1)
Charm++> Level of thread support used: MPI_THREAD_FUNNELED (desired: MPI_THREAD_FUNNELED)
Charm++> Running in SMP mode: 1 processes, 4 worker threads (PEs) + 1 comm threads per process, 4 PEs total
Charm++> The comm. thread both sends and receives messages
Converse/Charm++ Commit ID: v8.0.1-devel-36-g3c3086b33
CharmLB> Load balancer assumes all CPUs are same.
Charm++> cpu affinity enabled. 
Charm++> Running on 1 hosts (2 sockets x 2 cores x 1 PUs = 5-way SMP)
Charm++> cpu topology info is gathered in 0.001 seconds.
CharmLB> Load balancing instrumentation for communication is off.
Running Task Benchmark
  Configuration:
    Task Graph 1:
      Time Steps: 1000
      Max Width: 4
      Dependence Type: stencil_1d
      Radix: 3
      Period: 0
      Fraction Connected: 0.250000
      Kernel:
        Type: compute_bound
        Iterations: 8192
        Samples: 16
        Imbalance: 0.000000
      Output Bytes: 16
      Scratch Bytes: 0
Time for last run: 3.764606e-02
Time for last run: 3.762817e-02
Total Tasks 4000
Total Dependencies 9990
  Unable to estimate local/nonlocal dependencies
Total FLOPs 4194560000
Total Bytes 0
Elapsed Time 3.762817e-02 seconds
FLOP/s 1.114739e+11
B/s 0.000000e+00
Transfer (estimated):
  Unable to estimate local/nonlocal transfer
[Partition 0][Node 0] End of program
=== system charm_old pes 4 iter 4096 rep 7 ===
Charm++> Running on MPI library: MPI VERSION    : CRAY MPICH version 8.1.32.110 (ANL base 3.4a2)
MPI BUILD INFO : Thu Feb 06 22:53 2025 (git hash f9c5634)
 (MPI standard: 3.1)
Charm++> Level of thread support used: MPI_THREAD_FUNNELED (desired: MPI_THREAD_FUNNELED)
Charm++> Running in SMP mode: 1 processes, 4 worker threads (PEs) + 1 comm threads per process, 4 PEs total
Charm++> The comm. thread both sends and receives messages
Converse/Charm++ Commit ID: v8.0.1-devel-36-g3c3086b33
CharmLB> Load balancer assumes all CPUs are same.
Charm++> cpu affinity enabled. 
Charm++> Running on 1 hosts (2 sockets x 2 cores x 1 PUs = 5-way SMP)
Charm++> cpu topology info is gathered in 0.001 seconds.
CharmLB> Load balancing instrumentation for communication is off.
Running Task Benchmark
  Configuration:
    Task Graph 1:
      Time Steps: 1000
      Max Width: 4
      Dependence Type: stencil_1d
      Radix: 3
      Period: 0
      Fraction Connected: 0.250000
      Kernel:
        Type: compute_bound
        Iterations: 4096
        Samples: 16
        Imbalance: 0.000000
      Output Bytes: 16
      Scratch Bytes: 0
Time for last run: 1.934099e-02
Time for last run: 1.928711e-02
Total Tasks 4000
Total Dependencies 9990
  Unable to estimate local/nonlocal dependencies
Total FLOPs 2097408000
Total Bytes 0
Elapsed Time 1.928711e-02 seconds
FLOP/s 1.087466e+11
B/s 0.000000e+00
Transfer (estimated):
  Unable to estimate local/nonlocal transfer
[Partition 0][Node 0] End of program
=== system charm_old pes 4 iter 2048 rep 7 ===
Charm++> Running on MPI library: MPI VERSION    : CRAY MPICH version 8.1.32.110 (ANL base 3.4a2)
MPI BUILD INFO : Thu Feb 06 22:53 2025 (git hash f9c5634)
 (MPI standard: 3.1)
Charm++> Level of thread support used: MPI_THREAD_FUNNELED (desired: MPI_THREAD_FUNNELED)
Charm++> Running in SMP mode: 1 processes, 4 worker threads (PEs) + 1 comm threads per process, 4 PEs total
Charm++> The comm. thread both sends and receives messages
Converse/Charm++ Commit ID: v8.0.1-devel-36-g3c3086b33
CharmLB> Load balancer assumes all CPUs are same.
Charm++> cpu affinity enabled. 
Charm++> Running on 1 hosts (2 sockets x 2 cores x 1 PUs = 5-way SMP)
Charm++> cpu topology info is gathered in 0.001 seconds.
CharmLB> Load balancing instrumentation for communication is off.
Running Task Benchmark
  Configuration:
    Task Graph 1:
      Time Steps: 1000
      Max Width: 4
      Dependence Type: stencil_1d
      Radix: 3
      Period: 0
      Fraction Connected: 0.250000
      Kernel:
        Type: compute_bound
        Iterations: 2048
        Samples: 16
        Imbalance: 0.000000
      Output Bytes: 16
      Scratch Bytes: 0
Time for last run: 1.082087e-02
Time for last run: 1.067591e-02
Total Tasks 4000
Total Dependencies 9990
  Unable to estimate local/nonlocal dependencies
Total FLOPs 1048832000
Total Bytes 0
Elapsed Time 1.067591e-02 seconds
FLOP/s 9.824289e+10
B/s 0.000000e+00
Transfer (estimated):
  Unable to estimate local/nonlocal transfer
[Partition 0][Node 0] End of program
=== system charm_old pes 4 iter 1024 rep 7 ===
Charm++> Running on MPI library: MPI VERSION    : CRAY MPICH version 8.1.32.110 (ANL base 3.4a2)
MPI BUILD INFO : Thu Feb 06 22:53 2025 (git hash f9c5634)
 (MPI standard: 3.1)
Charm++> Level of thread support used: MPI_THREAD_FUNNELED (desired: MPI_THREAD_FUNNELED)
Charm++> Running in SMP mode: 1 processes, 4 worker threads (PEs) + 1 comm threads per process, 4 PEs total
Charm++> The comm. thread both sends and receives messages
Converse/Charm++ Commit ID: v8.0.1-devel-36-g3c3086b33
CharmLB> Load balancer assumes all CPUs are same.
Charm++> cpu affinity enabled. 
Charm++> Running on 1 hosts (2 sockets x 2 cores x 1 PUs = 5-way SMP)
Charm++> cpu topology info is gathered in 0.001 seconds.
CharmLB> Load balancing instrumentation for communication is off.
Running Task Benchmark
  Configuration:
    Task Graph 1:
      Time Steps: 1000
      Max Width: 4
      Dependence Type: stencil_1d
      Radix: 3
      Period: 0
      Fraction Connected: 0.250000
      Kernel:
        Type: compute_bound
        Iterations: 1024
        Samples: 16
        Imbalance: 0.000000
      Output Bytes: 16
      Scratch Bytes: 0
Time for last run: 7.412910e-03
Time for last run: 7.425070e-03
Total Tasks 4000
Total Dependencies 9990
  Unable to estimate local/nonlocal dependencies
Total FLOPs 524544000
Total Bytes 0
Elapsed Time 7.425070e-03 seconds
FLOP/s 7.064499e+10
B/s 0.000000e+00
Transfer (estimated):
  Unable to estimate local/nonlocal transfer
[Partition 0][Node 0] End of program
=== system charm_old pes 4 iter 512 rep 7 ===
Charm++> Running on MPI library: MPI VERSION    : CRAY MPICH version 8.1.32.110 (ANL base 3.4a2)
MPI BUILD INFO : Thu Feb 06 22:53 2025 (git hash f9c5634)
 (MPI standard: 3.1)
Charm++> Level of thread support used: MPI_THREAD_FUNNELED (desired: MPI_THREAD_FUNNELED)
Charm++> Running in SMP mode: 1 processes, 4 worker threads (PEs) + 1 comm threads per process, 4 PEs total
Charm++> The comm. thread both sends and receives messages
Converse/Charm++ Commit ID: v8.0.1-devel-36-g3c3086b33
CharmLB> Load balancer assumes all CPUs are same.
Charm++> cpu affinity enabled. 
Charm++> Running on 1 hosts (2 sockets x 2 cores x 1 PUs = 5-way SMP)
Charm++> cpu topology info is gathered in 0.001 seconds.
CharmLB> Load balancing instrumentation for communication is off.
Running Task Benchmark
  Configuration:
    Task Graph 1:
      Time Steps: 1000
      Max Width: 4
      Dependence Type: stencil_1d
      Radix: 3
      Period: 0
      Fraction Connected: 0.250000
      Kernel:
        Type: compute_bound
        Iterations: 512
        Samples: 16
        Imbalance: 0.000000
      Output Bytes: 16
      Scratch Bytes: 0
Time for last run: 4.616976e-03
Time for last run: 4.570007e-03
Total Tasks 4000
Total Dependencies 9990
  Unable to estimate local/nonlocal dependencies
Total FLOPs 262400000
Total Bytes 0
Elapsed Time 4.570007e-03 seconds
FLOP/s 5.741785e+10
B/s 0.000000e+00
Transfer (estimated):
  Unable to estimate local/nonlocal transfer
[Partition 0][Node 0] End of program
=== system charm_old pes 4 iter 256 rep 7 ===
Charm++> Running on MPI library: MPI VERSION    : CRAY MPICH version 8.1.32.110 (ANL base 3.4a2)
MPI BUILD INFO : Thu Feb 06 22:53 2025 (git hash f9c5634)
 (MPI standard: 3.1)
Charm++> Level of thread support used: MPI_THREAD_FUNNELED (desired: MPI_THREAD_FUNNELED)
Charm++> Running in SMP mode: 1 processes, 4 worker threads (PEs) + 1 comm threads per process, 4 PEs total
Charm++> The comm. thread both sends and receives messages
Converse/Charm++ Commit ID: v8.0.1-devel-36-g3c3086b33
CharmLB> Load balancer assumes all CPUs are same.
Charm++> cpu affinity enabled. 
Charm++> Running on 1 hosts (2 sockets x 2 cores x 1 PUs = 5-way SMP)
Charm++> cpu topology info is gathered in 0.001 seconds.
CharmLB> Load balancing instrumentation for communication is off.
Running Task Benchmark
  Configuration:
    Task Graph 1:
      Time Steps: 1000
      Max Width: 4
      Dependence Type: stencil_1d
      Radix: 3
      Period: 0
      Fraction Connected: 0.250000
      Kernel:
        Type: compute_bound
        Iterations: 256
        Samples: 16
        Imbalance: 0.000000
      Output Bytes: 16
      Scratch Bytes: 0
Time for last run: 3.712893e-03
Time for last run: 3.726959e-03
Total Tasks 4000
Total Dependencies 9990
  Unable to estimate local/nonlocal dependencies
Total FLOPs 131328000
Total Bytes 0
Elapsed Time 3.726959e-03 seconds
FLOP/s 3.523731e+10
B/s 0.000000e+00
Transfer (estimated):
  Unable to estimate local/nonlocal transfer
[Partition 0][Node 0] End of program
=== system charm_old pes 4 iter 128 rep 7 ===
Charm++> Running on MPI library: MPI VERSION    : CRAY MPICH version 8.1.32.110 (ANL base 3.4a2)
MPI BUILD INFO : Thu Feb 06 22:53 2025 (git hash f9c5634)
 (MPI standard: 3.1)
Charm++> Level of thread support used: MPI_THREAD_FUNNELED (desired: MPI_THREAD_FUNNELED)
Charm++> Running in SMP mode: 1 processes, 4 worker threads (PEs) + 1 comm threads per process, 4 PEs total
Charm++> The comm. thread both sends and receives messages
Converse/Charm++ Commit ID: v8.0.1-devel-36-g3c3086b33
CharmLB> Load balancer assumes all CPUs are same.
Charm++> cpu affinity enabled. 
Charm++> Running on 1 hosts (2 sockets x 2 cores x 1 PUs = 5-way SMP)
Charm++> cpu topology info is gathered in 0.001 seconds.
CharmLB> Load balancing instrumentation for communication is off.
Running Task Benchmark
  Configuration:
    Task Graph 1:
      Time Steps: 1000
      Max Width: 4
      Dependence Type: stencil_1d
      Radix: 3
      Period: 0
      Fraction Connected: 0.250000
      Kernel:
        Type: compute_bound
        Iterations: 128
        Samples: 16
        Imbalance: 0.000000
      Output Bytes: 16
      Scratch Bytes: 0
Time for last run: 3.859997e-03
Time for last run: 3.895044e-03
Total Tasks 4000
Total Dependencies 9990
  Unable to estimate local/nonlocal dependencies
Total FLOPs 65792000
Total Bytes 0
Elapsed Time 3.895044e-03 seconds
FLOP/s 1.689121e+10
B/s 0.000000e+00
Transfer (estimated):
  Unable to estimate local/nonlocal transfer
[Partition 0][Node 0] End of program
=== system charm_old pes 4 iter 64 rep 7 ===
Charm++> Running on MPI library: MPI VERSION    : CRAY MPICH version 8.1.32.110 (ANL base 3.4a2)
MPI BUILD INFO : Thu Feb 06 22:53 2025 (git hash f9c5634)
 (MPI standard: 3.1)
Charm++> Level of thread support used: MPI_THREAD_FUNNELED (desired: MPI_THREAD_FUNNELED)
Charm++> Running in SMP mode: 1 processes, 4 worker threads (PEs) + 1 comm threads per process, 4 PEs total
Charm++> The comm. thread both sends and receives messages
Converse/Charm++ Commit ID: v8.0.1-devel-36-g3c3086b33
CharmLB> Load balancer assumes all CPUs are same.
Charm++> cpu affinity enabled. 
Charm++> Running on 1 hosts (2 sockets x 2 cores x 1 PUs = 5-way SMP)
Charm++> cpu topology info is gathered in 0.001 seconds.
CharmLB> Load balancing instrumentation for communication is off.
Running Task Benchmark
  Configuration:
    Task Graph 1:
      Time Steps: 1000
      Max Width: 4
      Dependence Type: stencil_1d
      Radix: 3
      Period: 0
      Fraction Connected: 0.250000
      Kernel:
        Type: compute_bound
        Iterations: 64
        Samples: 16
        Imbalance: 0.000000
      Output Bytes: 16
      Scratch Bytes: 0
Time for last run: 3.092051e-03
Time for last run: 3.171921e-03
Total Tasks 4000
Total Dependencies 9990
  Unable to estimate local/nonlocal dependencies
Total FLOPs 33024000
Total Bytes 0
Elapsed Time 3.171921e-03 seconds
FLOP/s 1.041136e+10
B/s 0.000000e+00
Transfer (estimated):
  Unable to estimate local/nonlocal transfer
[Partition 0][Node 0] End of program
=== system charm_old pes 4 iter 32 rep 7 ===
Charm++> Running on MPI library: MPI VERSION    : CRAY MPICH version 8.1.32.110 (ANL base 3.4a2)
MPI BUILD INFO : Thu Feb 06 22:53 2025 (git hash f9c5634)
 (MPI standard: 3.1)
Charm++> Level of thread support used: MPI_THREAD_FUNNELED (desired: MPI_THREAD_FUNNELED)
Charm++> Running in SMP mode: 1 processes, 4 worker threads (PEs) + 1 comm threads per process, 4 PEs total
Charm++> The comm. thread both sends and receives messages
Converse/Charm++ Commit ID: v8.0.1-devel-36-g3c3086b33
CharmLB> Load balancer assumes all CPUs are same.
Charm++> cpu affinity enabled. 
Charm++> Running on 1 hosts (2 sockets x 2 cores x 1 PUs = 5-way SMP)
Charm++> cpu topology info is gathered in 0.001 seconds.
CharmLB> Load balancing instrumentation for communication is off.
Running Task Benchmark
  Configuration:
    Task Graph 1:
      Time Steps: 1000
      Max Width: 4
      Dependence Type: stencil_1d
      Radix: 3
      Period: 0
      Fraction Connected: 0.250000
      Kernel:
        Type: compute_bound
        Iterations: 32
        Samples: 16
        Imbalance: 0.000000
      Output Bytes: 16
      Scratch Bytes: 0
Time for last run: 3.031015e-03
Time for last run: 3.102064e-03
Total Tasks 4000
Total Dependencies 9990
  Unable to estimate local/nonlocal dependencies
Total FLOPs 16640000
Total Bytes 0
Elapsed Time 3.102064e-03 seconds
FLOP/s 5.364170e+09
B/s 0.000000e+00
Transfer (estimated):
  Unable to estimate local/nonlocal transfer
[Partition 0][Node 0] End of program
=== system charm_old pes 4 iter 16 rep 7 ===
Charm++> Running on MPI library: MPI VERSION    : CRAY MPICH version 8.1.32.110 (ANL base 3.4a2)
MPI BUILD INFO : Thu Feb 06 22:53 2025 (git hash f9c5634)
 (MPI standard: 3.1)
Charm++> Level of thread support used: MPI_THREAD_FUNNELED (desired: MPI_THREAD_FUNNELED)
Charm++> Running in SMP mode: 1 processes, 4 worker threads (PEs) + 1 comm threads per process, 4 PEs total
Charm++> The comm. thread both sends and receives messages
Converse/Charm++ Commit ID: v8.0.1-devel-36-g3c3086b33
CharmLB> Load balancer assumes all CPUs are same.
Charm++> cpu affinity enabled. 
Charm++> Running on 1 hosts (2 sockets x 2 cores x 1 PUs = 5-way SMP)
Charm++> cpu topology info is gathered in 0.001 seconds.
CharmLB> Load balancing instrumentation for communication is off.
Running Task Benchmark
  Configuration:
    Task Graph 1:
      Time Steps: 1000
      Max Width: 4
      Dependence Type: stencil_1d
      Radix: 3
      Period: 0
      Fraction Connected: 0.250000
      Kernel:
        Type: compute_bound
        Iterations: 16
        Samples: 16
        Imbalance: 0.000000
      Output Bytes: 16
      Scratch Bytes: 0
Time for last run: 3.395081e-03
Time for last run: 3.453970e-03
Total Tasks 4000
Total Dependencies 9990
  Unable to estimate local/nonlocal dependencies
Total FLOPs 8448000
Total Bytes 0
Elapsed Time 3.453970e-03 seconds
FLOP/s 2.445881e+09
B/s 0.000000e+00
Transfer (estimated):
  Unable to estimate local/nonlocal transfer
[Partition 0][Node 0] End of program
=== system charm_old pes 4 iter 8 rep 7 ===
Charm++> Running on MPI library: MPI VERSION    : CRAY MPICH version 8.1.32.110 (ANL base 3.4a2)
MPI BUILD INFO : Thu Feb 06 22:53 2025 (git hash f9c5634)
 (MPI standard: 3.1)
Charm++> Level of thread support used: MPI_THREAD_FUNNELED (desired: MPI_THREAD_FUNNELED)
Charm++> Running in SMP mode: 1 processes, 4 worker threads (PEs) + 1 comm threads per process, 4 PEs total
Charm++> The comm. thread both sends and receives messages
Converse/Charm++ Commit ID: v8.0.1-devel-36-g3c3086b33
CharmLB> Load balancer assumes all CPUs are same.
Charm++> cpu affinity enabled. 
Charm++> Running on 1 hosts (2 sockets x 2 cores x 1 PUs = 5-way SMP)
Charm++> cpu topology info is gathered in 0.001 seconds.
CharmLB> Load balancing instrumentation for communication is off.
Running Task Benchmark
  Configuration:
    Task Graph 1:
      Time Steps: 1000
      Max Width: 4
      Dependence Type: stencil_1d
      Radix: 3
      Period: 0
      Fraction Connected: 0.250000
      Kernel:
        Type: compute_bound
        Iterations: 8
        Samples: 16
        Imbalance: 0.000000
      Output Bytes: 16
      Scratch Bytes: 0
Time for last run: 3.288031e-03
Time for last run: 3.288984e-03
Total Tasks 4000
Total Dependencies 9990
  Unable to estimate local/nonlocal dependencies
Total FLOPs 4352000
Total Bytes 0
Elapsed Time 3.288984e-03 seconds
FLOP/s 1.323205e+09
B/s 0.000000e+00
Transfer (estimated):
  Unable to estimate local/nonlocal transfer
[Partition 0][Node 0] End of program
=== system charm_old pes 4 iter 4 rep 7 ===
Charm++> Running on MPI library: MPI VERSION    : CRAY MPICH version 8.1.32.110 (ANL base 3.4a2)
MPI BUILD INFO : Thu Feb 06 22:53 2025 (git hash f9c5634)
 (MPI standard: 3.1)
Charm++> Level of thread support used: MPI_THREAD_FUNNELED (desired: MPI_THREAD_FUNNELED)
Charm++> Running in SMP mode: 1 processes, 4 worker threads (PEs) + 1 comm threads per process, 4 PEs total
Charm++> The comm. thread both sends and receives messages
Converse/Charm++ Commit ID: v8.0.1-devel-36-g3c3086b33
CharmLB> Load balancer assumes all CPUs are same.
Charm++> cpu affinity enabled. 
Charm++> Running on 1 hosts (2 sockets x 2 cores x 1 PUs = 5-way SMP)
Charm++> cpu topology info is gathered in 0.001 seconds.
CharmLB> Load balancing instrumentation for communication is off.
Running Task Benchmark
  Configuration:
    Task Graph 1:
      Time Steps: 1000
      Max Width: 4
      Dependence Type: stencil_1d
      Radix: 3
      Period: 0
      Fraction Connected: 0.250000
      Kernel:
        Type: compute_bound
        Iterations: 4
        Samples: 16
        Imbalance: 0.000000
      Output Bytes: 16
      Scratch Bytes: 0
Time for last run: 3.125906e-03
Time for last run: 3.091097e-03
Total Tasks 4000
Total Dependencies 9990
  Unable to estimate local/nonlocal dependencies
Total FLOPs 2304000
Total Bytes 0
Elapsed Time 3.091097e-03 seconds
FLOP/s 7.453665e+08
B/s 0.000000e+00
Transfer (estimated):
  Unable to estimate local/nonlocal transfer
[Partition 0][Node 0] End of program
=== system charm_old pes 4 iter 2 rep 7 ===
Charm++> Running on MPI library: MPI VERSION    : CRAY MPICH version 8.1.32.110 (ANL base 3.4a2)
MPI BUILD INFO : Thu Feb 06 22:53 2025 (git hash f9c5634)
 (MPI standard: 3.1)
Charm++> Level of thread support used: MPI_THREAD_FUNNELED (desired: MPI_THREAD_FUNNELED)
Charm++> Running in SMP mode: 1 processes, 4 worker threads (PEs) + 1 comm threads per process, 4 PEs total
Charm++> The comm. thread both sends and receives messages
Converse/Charm++ Commit ID: v8.0.1-devel-36-g3c3086b33
CharmLB> Load balancer assumes all CPUs are same.
Charm++> cpu affinity enabled. 
Charm++> Running on 1 hosts (2 sockets x 2 cores x 1 PUs = 5-way SMP)
Charm++> cpu topology info is gathered in 0.001 seconds.
CharmLB> Load balancing instrumentation for communication is off.
Running Task Benchmark
  Configuration:
    Task Graph 1:
      Time Steps: 1000
      Max Width: 4
      Dependence Type: stencil_1d
      Radix: 3
      Period: 0
      Fraction Connected: 0.250000
      Kernel:
        Type: compute_bound
        Iterations: 2
        Samples: 16
        Imbalance: 0.000000
      Output Bytes: 16
      Scratch Bytes: 0
Time for last run: 3.050089e-03
Time for last run: 3.089905e-03
Total Tasks 4000
Total Dependencies 9990
  Unable to estimate local/nonlocal dependencies
Total FLOPs 1280000
Total Bytes 0
Elapsed Time 3.089905e-03 seconds
FLOP/s 4.142522e+08
B/s 0.000000e+00
Transfer (estimated):
  Unable to estimate local/nonlocal transfer
[Partition 0][Node 0] End of program
