=== ring cfg adaptive pes 4 rep 1 ===
Charm++> Running in SMP mode on 1 nodes and 4 PEs
adapt_ring: layer=reconverse pes=4 adaptive=1 m=2000 phases=8 warmup=3
Format: DATA,ring,{layer},{pes},{adaptive},{streams},{m},{mean phase s},{us per message},{slots}
PHASE,reconverse,streams=0,phase=0,time=0.001686,slots=nodeq=61 threadq=1 nodeprio=1 threadprio=1
PHASE,reconverse,streams=0,phase=1,time=0.001686,slots=nodeq=61 threadq=1 nodeprio=1 threadprio=1
PHASE,reconverse,streams=0,phase=2,time=0.001681,slots=nodeq=61 threadq=1 nodeprio=1 threadprio=1
PHASE,reconverse,streams=0,phase=3,time=0.001682,slots=nodeq=61 threadq=1 nodeprio=1 threadprio=1
PHASE,reconverse,streams=0,phase=4,time=0.001694,slots=nodeq=61 threadq=1 nodeprio=1 threadprio=1
PHASE,reconverse,streams=0,phase=5,time=0.001693,slots=nodeq=61 threadq=1 nodeprio=1 threadprio=1
PHASE,reconverse,streams=0,phase=6,time=0.001797,slots=nodeq=61 threadq=1 nodeprio=1 threadprio=1
PHASE,reconverse,streams=0,phase=7,time=0.001746,slots=nodeq=61 threadq=1 nodeprio=1 threadprio=1
DATA,ring,reconverse,4,1,0,2000,0.001708,0.2135,nodeq=61 threadq=1 nodeprio=1 threadprio=1
PHASE,reconverse,streams=1,phase=0,time=0.001810,slots=nodeq=31 threadq=31 nodeprio=1 threadprio=1
PHASE,reconverse,streams=1,phase=1,time=0.001796,slots=nodeq=31 threadq=31 nodeprio=1 threadprio=1
PHASE,reconverse,streams=1,phase=2,time=0.001786,slots=nodeq=31 threadq=31 nodeprio=1 threadprio=1
PHASE,reconverse,streams=1,phase=3,time=0.001807,slots=nodeq=29 threadq=33 nodeprio=1 threadprio=1
PHASE,reconverse,streams=1,phase=4,time=0.001786,slots=nodeq=31 threadq=31 nodeprio=1 threadprio=1
PHASE,reconverse,streams=1,phase=5,time=0.001808,slots=nodeq=31 threadq=31 nodeprio=1 threadprio=1
PHASE,reconverse,streams=1,phase=6,time=0.001794,slots=nodeq=31 threadq=31 nodeprio=1 threadprio=1
PHASE,reconverse,streams=1,phase=7,time=0.001783,slots=nodeq=31 threadq=31 nodeprio=1 threadprio=1
DATA,ring,reconverse,4,1,1,2000,0.001796,0.1123,nodeq=31 threadq=31 nodeprio=1 threadprio=1
PHASE,reconverse,streams=2,phase=0,time=0.002039,slots=nodeq=1 threadq=61 nodeprio=1 threadprio=1
PHASE,reconverse,streams=2,phase=1,time=0.002045,slots=nodeq=1 threadq=61 nodeprio=1 threadprio=1
PHASE,reconverse,streams=2,phase=2,time=0.002084,slots=nodeq=1 threadq=61 nodeprio=1 threadprio=1
PHASE,reconverse,streams=2,phase=3,time=0.002035,slots=nodeq=1 threadq=61 nodeprio=1 threadprio=1
PHASE,reconverse,streams=2,phase=4,time=0.002079,slots=nodeq=1 threadq=61 nodeprio=1 threadprio=1
PHASE,reconverse,streams=2,phase=5,time=0.002046,slots=nodeq=1 threadq=61 nodeprio=1 threadprio=1
PHASE,reconverse,streams=2,phase=6,time=0.002046,slots=nodeq=1 threadq=61 nodeprio=1 threadprio=1
PHASE,reconverse,streams=2,phase=7,time=0.002024,slots=nodeq=1 threadq=61 nodeprio=1 threadprio=1
DATA,ring,reconverse,4,1,2,2000,0.002050,0.0854,nodeq=1 threadq=61 nodeprio=1 threadprio=1
PHASE,reconverse,streams=4,phase=0,time=0.002678,slots=nodeq=1 threadq=61 nodeprio=1 threadprio=1
PHASE,reconverse,streams=4,phase=1,time=0.002566,slots=nodeq=1 threadq=61 nodeprio=1 threadprio=1
PHASE,reconverse,streams=4,phase=2,time=0.002579,slots=nodeq=1 threadq=61 nodeprio=1 threadprio=1
PHASE,reconverse,streams=4,phase=3,time=0.002594,slots=nodeq=1 threadq=61 nodeprio=1 threadprio=1
PHASE,reconverse,streams=4,phase=4,time=0.002656,slots=nodeq=1 threadq=61 nodeprio=1 threadprio=1
PHASE,reconverse,streams=4,phase=5,time=0.002669,slots=nodeq=1 threadq=61 nodeprio=1 threadprio=1
PHASE,reconverse,streams=4,phase=6,time=0.002665,slots=nodeq=1 threadq=61 nodeprio=1 threadprio=1
PHASE,reconverse,streams=4,phase=7,time=0.002669,slots=nodeq=1 threadq=61 nodeprio=1 threadprio=1
DATA,ring,reconverse,4,1,4,2000,0.002635,0.0659,nodeq=1 threadq=61 nodeprio=1 threadprio=1
PHASE,reconverse,streams=8,phase=0,time=0.003747,slots=nodeq=1 threadq=61 nodeprio=1 threadprio=1
PHASE,reconverse,streams=8,phase=1,time=0.003731,slots=nodeq=1 threadq=61 nodeprio=1 threadprio=1
PHASE,reconverse,streams=8,phase=2,time=0.003626,slots=nodeq=1 threadq=61 nodeprio=1 threadprio=1
PHASE,reconverse,streams=8,phase=3,time=0.003726,slots=nodeq=1 threadq=61 nodeprio=1 threadprio=1
PHASE,reconverse,streams=8,phase=4,time=0.003716,slots=nodeq=1 threadq=61 nodeprio=1 threadprio=1
PHASE,reconverse,streams=8,phase=5,time=0.003765,slots=nodeq=1 threadq=61 nodeprio=1 threadprio=1
PHASE,reconverse,streams=8,phase=6,time=0.003750,slots=nodeq=1 threadq=61 nodeprio=1 threadprio=1
PHASE,reconverse,streams=8,phase=7,time=0.003718,slots=nodeq=1 threadq=61 nodeprio=1 threadprio=1
DATA,ring,reconverse,4,1,8,2000,0.003722,0.0517,nodeq=1 threadq=61 nodeprio=1 threadprio=1
PHASE,reconverse,streams=16,phase=0,time=0.005908,slots=nodeq=1 threadq=61 nodeprio=1 threadprio=1
PHASE,reconverse,streams=16,phase=1,time=0.005747,slots=nodeq=1 threadq=61 nodeprio=1 threadprio=1
PHASE,reconverse,streams=16,phase=2,time=0.005857,slots=nodeq=1 threadq=61 nodeprio=1 threadprio=1
PHASE,reconverse,streams=16,phase=3,time=0.005853,slots=nodeq=1 threadq=61 nodeprio=1 threadprio=1
PHASE,reconverse,streams=16,phase=4,time=0.005856,slots=nodeq=1 threadq=61 nodeprio=1 threadprio=1
PHASE,reconverse,streams=16,phase=5,time=0.005878,slots=nodeq=1 threadq=61 nodeprio=1 threadprio=1
PHASE,reconverse,streams=16,phase=6,time=0.005880,slots=nodeq=1 threadq=61 nodeprio=1 threadprio=1
PHASE,reconverse,streams=16,phase=7,time=0.005873,slots=nodeq=1 threadq=61 nodeprio=1 threadprio=1
DATA,ring,reconverse,4,1,16,2000,0.005856,0.0431,nodeq=1 threadq=61 nodeprio=1 threadprio=1
PHASE,reconverse,streams=32,phase=0,time=0.010074,slots=nodeq=1 threadq=61 nodeprio=1 threadprio=1
PHASE,reconverse,streams=32,phase=1,time=0.010092,slots=nodeq=1 threadq=61 nodeprio=1 threadprio=1
PHASE,reconverse,streams=32,phase=2,time=0.010089,slots=nodeq=1 threadq=61 nodeprio=1 threadprio=1
PHASE,reconverse,streams=32,phase=3,time=0.010094,slots=nodeq=1 threadq=61 nodeprio=1 threadprio=1
PHASE,reconverse,streams=32,phase=4,time=0.010067,slots=nodeq=1 threadq=61 nodeprio=1 threadprio=1
PHASE,reconverse,streams=32,phase=5,time=0.010127,slots=nodeq=1 threadq=61 nodeprio=1 threadprio=1
PHASE,reconverse,streams=32,phase=6,time=0.010060,slots=nodeq=1 threadq=61 nodeprio=1 threadprio=1
PHASE,reconverse,streams=32,phase=7,time=0.009966,slots=nodeq=1 threadq=61 nodeprio=1 threadprio=1
DATA,ring,reconverse,4,1,32,2000,0.010071,0.0381,nodeq=1 threadq=61 nodeprio=1 threadprio=1
PHASE,reconverse,streams=64,phase=0,time=0.018563,slots=nodeq=1 threadq=61 nodeprio=1 threadprio=1
PHASE,reconverse,streams=64,phase=1,time=0.018527,slots=nodeq=1 threadq=61 nodeprio=1 threadprio=1
PHASE,reconverse,streams=64,phase=2,time=0.018604,slots=nodeq=1 threadq=61 nodeprio=1 threadprio=1
PHASE,reconverse,streams=64,phase=3,time=0.018657,slots=nodeq=1 threadq=61 nodeprio=1 threadprio=1
PHASE,reconverse,streams=64,phase=4,time=0.018631,slots=nodeq=1 threadq=61 nodeprio=1 threadprio=1
PHASE,reconverse,streams=64,phase=5,time=0.018565,slots=nodeq=1 threadq=61 nodeprio=1 threadprio=1
PHASE,reconverse,streams=64,phase=6,time=0.018574,slots=nodeq=1 threadq=61 nodeprio=1 threadprio=1
PHASE,reconverse,streams=64,phase=7,time=0.018610,slots=nodeq=1 threadq=61 nodeprio=1 threadprio=1
DATA,ring,reconverse,4,1,64,2000,0.018592,0.0358,nodeq=1 threadq=61 nodeprio=1 threadprio=1
=== ring cfg hitrate pes 4 rep 1 ===
Charm++> Running in SMP mode on 1 nodes and 4 PEs
adapt_ring: layer=reconverse pes=4 adaptive=1 m=2000 phases=8 warmup=3
Format: DATA,ring,{layer},{pes},{adaptive},{streams},{m},{mean phase s},{us per message},{slots}
PHASE,reconverse,streams=0,phase=0,time=0.001652,slots=nodeq=61 threadq=1 nodeprio=1 threadprio=1
PHASE,reconverse,streams=0,phase=1,time=0.001637,slots=nodeq=61 threadq=1 nodeprio=1 threadprio=1
PHASE,reconverse,streams=0,phase=2,time=0.001543,slots=nodeq=61 threadq=1 nodeprio=1 threadprio=1
PHASE,reconverse,streams=0,phase=3,time=0.001528,slots=nodeq=61 threadq=1 nodeprio=1 threadprio=1
PHASE,reconverse,streams=0,phase=4,time=0.001532,slots=nodeq=61 threadq=1 nodeprio=1 threadprio=1
PHASE,reconverse,streams=0,phase=5,time=0.001537,slots=nodeq=61 threadq=1 nodeprio=1 threadprio=1
PHASE,reconverse,streams=0,phase=6,time=0.001672,slots=nodeq=61 threadq=1 nodeprio=1 threadprio=1
PHASE,reconverse,streams=0,phase=7,time=0.001622,slots=nodeq=61 threadq=1 nodeprio=1 threadprio=1
DATA,ring,reconverse,4,1,0,2000,0.001591,0.1988,nodeq=61 threadq=1 nodeprio=1 threadprio=1
PHASE,reconverse,streams=1,phase=0,time=0.001447,slots=nodeq=31 threadq=31 nodeprio=1 threadprio=1
PHASE,reconverse,streams=1,phase=1,time=0.001467,slots=nodeq=31 threadq=31 nodeprio=1 threadprio=1
PHASE,reconverse,streams=1,phase=2,time=0.001428,slots=nodeq=31 threadq=31 nodeprio=1 threadprio=1
PHASE,reconverse,streams=1,phase=3,time=0.001454,slots=nodeq=31 threadq=31 nodeprio=1 threadprio=1
PHASE,reconverse,streams=1,phase=4,time=0.001434,slots=nodeq=31 threadq=31 nodeprio=1 threadprio=1
PHASE,reconverse,streams=1,phase=5,time=0.001434,slots=nodeq=31 threadq=31 nodeprio=1 threadprio=1
PHASE,reconverse,streams=1,phase=6,time=0.001435,slots=nodeq=30 threadq=32 nodeprio=1 threadprio=1
PHASE,reconverse,streams=1,phase=7,time=0.001446,slots=nodeq=31 threadq=31 nodeprio=1 threadprio=1
DATA,ring,reconverse,4,1,1,2000,0.001443,0.0902,nodeq=31 threadq=31 nodeprio=1 threadprio=1
PHASE,reconverse,streams=2,phase=0,time=0.001697,slots=nodeq=1 threadq=61 nodeprio=1 threadprio=1
PHASE,reconverse,streams=2,phase=1,time=0.001687,slots=nodeq=1 threadq=61 nodeprio=1 threadprio=1
PHASE,reconverse,streams=2,phase=2,time=0.001700,slots=nodeq=1 threadq=61 nodeprio=1 threadprio=1
PHASE,reconverse,streams=2,phase=3,time=0.001691,slots=nodeq=1 threadq=61 nodeprio=1 threadprio=1
PHASE,reconverse,streams=2,phase=4,time=0.001700,slots=nodeq=1 threadq=61 nodeprio=1 threadprio=1
PHASE,reconverse,streams=2,phase=5,time=0.001704,slots=nodeq=1 threadq=61 nodeprio=1 threadprio=1
PHASE,reconverse,streams=2,phase=6,time=0.001680,slots=nodeq=1 threadq=61 nodeprio=1 threadprio=1
PHASE,reconverse,streams=2,phase=7,time=0.001697,slots=nodeq=1 threadq=61 nodeprio=1 threadprio=1
DATA,ring,reconverse,4,1,2,2000,0.001694,0.0706,nodeq=1 threadq=61 nodeprio=1 threadprio=1
PHASE,reconverse,streams=4,phase=0,time=0.002330,slots=nodeq=1 threadq=61 nodeprio=1 threadprio=1
PHASE,reconverse,streams=4,phase=1,time=0.002344,slots=nodeq=1 threadq=61 nodeprio=1 threadprio=1
PHASE,reconverse,streams=4,phase=2,time=0.002340,slots=nodeq=1 threadq=61 nodeprio=1 threadprio=1
PHASE,reconverse,streams=4,phase=3,time=0.002336,slots=nodeq=1 threadq=61 nodeprio=1 threadprio=1
PHASE,reconverse,streams=4,phase=4,time=0.002329,slots=nodeq=1 threadq=61 nodeprio=1 threadprio=1
PHASE,reconverse,streams=4,phase=5,time=0.002340,slots=nodeq=1 threadq=61 nodeprio=1 threadprio=1
PHASE,reconverse,streams=4,phase=6,time=0.002303,slots=nodeq=1 threadq=61 nodeprio=1 threadprio=1
PHASE,reconverse,streams=4,phase=7,time=0.002334,slots=nodeq=1 threadq=61 nodeprio=1 threadprio=1
DATA,ring,reconverse,4,1,4,2000,0.002332,0.0583,nodeq=1 threadq=61 nodeprio=1 threadprio=1
PHASE,reconverse,streams=8,phase=0,time=0.003290,slots=nodeq=1 threadq=61 nodeprio=1 threadprio=1
PHASE,reconverse,streams=8,phase=1,time=0.003444,slots=nodeq=1 threadq=61 nodeprio=1 threadprio=1
PHASE,reconverse,streams=8,phase=2,time=0.003425,slots=nodeq=1 threadq=61 nodeprio=1 threadprio=1
PHASE,reconverse,streams=8,phase=3,time=0.003404,slots=nodeq=1 threadq=61 nodeprio=1 threadprio=1
PHASE,reconverse,streams=8,phase=4,time=0.003405,slots=nodeq=1 threadq=61 nodeprio=1 threadprio=1
PHASE,reconverse,streams=8,phase=5,time=0.003390,slots=nodeq=1 threadq=61 nodeprio=1 threadprio=1
PHASE,reconverse,streams=8,phase=6,time=0.003404,slots=nodeq=1 threadq=61 nodeprio=1 threadprio=1
PHASE,reconverse,streams=8,phase=7,time=0.003415,slots=nodeq=1 threadq=61 nodeprio=1 threadprio=1
DATA,ring,reconverse,4,1,8,2000,0.003397,0.0472,nodeq=1 threadq=61 nodeprio=1 threadprio=1
PHASE,reconverse,streams=16,phase=0,time=0.005513,slots=nodeq=1 threadq=61 nodeprio=1 threadprio=1
PHASE,reconverse,streams=16,phase=1,time=0.005534,slots=nodeq=1 threadq=61 nodeprio=1 threadprio=1
PHASE,reconverse,streams=16,phase=2,time=0.005528,slots=nodeq=1 threadq=61 nodeprio=1 threadprio=1
PHASE,reconverse,streams=16,phase=3,time=0.005525,slots=nodeq=1 threadq=61 nodeprio=1 threadprio=1
PHASE,reconverse,streams=16,phase=4,time=0.005533,slots=nodeq=1 threadq=61 nodeprio=1 threadprio=1
PHASE,reconverse,streams=16,phase=5,time=0.005529,slots=nodeq=1 threadq=61 nodeprio=1 threadprio=1
PHASE,reconverse,streams=16,phase=6,time=0.005545,slots=nodeq=1 threadq=61 nodeprio=1 threadprio=1
PHASE,reconverse,streams=16,phase=7,time=0.005801,slots=nodeq=1 threadq=61 nodeprio=1 threadprio=1
DATA,ring,reconverse,4,1,16,2000,0.005564,0.0409,nodeq=1 threadq=61 nodeprio=1 threadprio=1
PHASE,reconverse,streams=32,phase=0,time=0.010604,slots=nodeq=1 threadq=61 nodeprio=1 threadprio=1
PHASE,reconverse,streams=32,phase=1,time=0.010276,slots=nodeq=1 threadq=61 nodeprio=1 threadprio=1
PHASE,reconverse,streams=32,phase=2,time=0.010583,slots=nodeq=1 threadq=61 nodeprio=1 threadprio=1
PHASE,reconverse,streams=32,phase=3,time=0.010568,slots=nodeq=1 threadq=61 nodeprio=1 threadprio=1
PHASE,reconverse,streams=32,phase=4,time=0.010564,slots=nodeq=1 threadq=61 nodeprio=1 threadprio=1
PHASE,reconverse,streams=32,phase=5,time=0.010551,slots=nodeq=1 threadq=61 nodeprio=1 threadprio=1
PHASE,reconverse,streams=32,phase=6,time=0.010561,slots=nodeq=1 threadq=61 nodeprio=1 threadprio=1
PHASE,reconverse,streams=32,phase=7,time=0.010530,slots=nodeq=1 threadq=61 nodeprio=1 threadprio=1
DATA,ring,reconverse,4,1,32,2000,0.010529,0.0399,nodeq=1 threadq=61 nodeprio=1 threadprio=1
PHASE,reconverse,streams=64,phase=0,time=0.019572,slots=nodeq=1 threadq=61 nodeprio=1 threadprio=1
PHASE,reconverse,streams=64,phase=1,time=0.019664,slots=nodeq=1 threadq=61 nodeprio=1 threadprio=1
PHASE,reconverse,streams=64,phase=2,time=0.019639,slots=nodeq=1 threadq=61 nodeprio=1 threadprio=1
PHASE,reconverse,streams=64,phase=3,time=0.019633,slots=nodeq=1 threadq=61 nodeprio=1 threadprio=1
PHASE,reconverse,streams=64,phase=4,time=0.019619,slots=nodeq=1 threadq=61 nodeprio=1 threadprio=1
PHASE,reconverse,streams=64,phase=5,time=0.019675,slots=nodeq=1 threadq=61 nodeprio=1 threadprio=1
PHASE,reconverse,streams=64,phase=6,time=0.019660,slots=nodeq=1 threadq=61 nodeprio=1 threadprio=1
PHASE,reconverse,streams=64,phase=7,time=0.019620,slots=nodeq=1 threadq=61 nodeprio=1 threadprio=1
DATA,ring,reconverse,4,1,64,2000,0.019635,0.0378,nodeq=1 threadq=61 nodeprio=1 threadprio=1
=== ring cfg static pes 4 rep 1 ===
Charm++> Running in SMP mode on 1 nodes and 4 PEs
adapt_ring: layer=reconverse pes=4 adaptive=0 m=2000 phases=8 warmup=3
Format: DATA,ring,{layer},{pes},{adaptive},{streams},{m},{mean phase s},{us per message},{slots}
PHASE,reconverse,streams=0,phase=0,time=0.001807,slots=nodeq=3 threadq=29 nodeprio=3 threadprio=29
PHASE,reconverse,streams=0,phase=1,time=0.001786,slots=nodeq=3 threadq=29 nodeprio=3 threadprio=29
PHASE,reconverse,streams=0,phase=2,time=0.001790,slots=nodeq=3 threadq=29 nodeprio=3 threadprio=29
PHASE,reconverse,streams=0,phase=3,time=0.001783,slots=nodeq=3 threadq=29 nodeprio=3 threadprio=29
PHASE,reconverse,streams=0,phase=4,time=0.001793,slots=nodeq=3 threadq=29 nodeprio=3 threadprio=29
PHASE,reconverse,streams=0,phase=5,time=0.001781,slots=nodeq=3 threadq=29 nodeprio=3 threadprio=29
PHASE,reconverse,streams=0,phase=6,time=0.001795,slots=nodeq=3 threadq=29 nodeprio=3 threadprio=29
PHASE,reconverse,streams=0,phase=7,time=0.001789,slots=nodeq=3 threadq=29 nodeprio=3 threadprio=29
DATA,ring,reconverse,4,0,0,2000,0.001791,0.2238,nodeq=3 threadq=29 nodeprio=3 threadprio=29
PHASE,reconverse,streams=1,phase=0,time=0.001970,slots=nodeq=3 threadq=29 nodeprio=3 threadprio=29
PHASE,reconverse,streams=1,phase=1,time=0.002000,slots=nodeq=3 threadq=29 nodeprio=3 threadprio=29
PHASE,reconverse,streams=1,phase=2,time=0.001975,slots=nodeq=3 threadq=29 nodeprio=3 threadprio=29
PHASE,reconverse,streams=1,phase=3,time=0.001979,slots=nodeq=3 threadq=29 nodeprio=3 threadprio=29
PHASE,reconverse,streams=1,phase=4,time=0.001999,slots=nodeq=3 threadq=29 nodeprio=3 threadprio=29
PHASE,reconverse,streams=1,phase=5,time=0.001950,slots=nodeq=3 threadq=29 nodeprio=3 threadprio=29
PHASE,reconverse,streams=1,phase=6,time=0.001989,slots=nodeq=3 threadq=29 nodeprio=3 threadprio=29
PHASE,reconverse,streams=1,phase=7,time=0.001974,slots=nodeq=3 threadq=29 nodeprio=3 threadprio=29
DATA,ring,reconverse,4,0,1,2000,0.001980,0.1237,nodeq=3 threadq=29 nodeprio=3 threadprio=29
PHASE,reconverse,streams=2,phase=0,time=0.002136,slots=nodeq=3 threadq=29 nodeprio=3 threadprio=29
PHASE,reconverse,streams=2,phase=1,time=0.002119,slots=nodeq=3 threadq=29 nodeprio=3 threadprio=29
PHASE,reconverse,streams=2,phase=2,time=0.002113,slots=nodeq=3 threadq=29 nodeprio=3 threadprio=29
PHASE,reconverse,streams=2,phase=3,time=0.002141,slots=nodeq=3 threadq=29 nodeprio=3 threadprio=29
PHASE,reconverse,streams=2,phase=4,time=0.002157,slots=nodeq=3 threadq=29 nodeprio=3 threadprio=29
PHASE,reconverse,streams=2,phase=5,time=0.002149,slots=nodeq=3 threadq=29 nodeprio=3 threadprio=29
PHASE,reconverse,streams=2,phase=6,time=0.002147,slots=nodeq=3 threadq=29 nodeprio=3 threadprio=29
PHASE,reconverse,streams=2,phase=7,time=0.002141,slots=nodeq=3 threadq=29 nodeprio=3 threadprio=29
DATA,ring,reconverse,4,0,2,2000,0.002138,0.0891,nodeq=3 threadq=29 nodeprio=3 threadprio=29
PHASE,reconverse,streams=4,phase=0,time=0.002491,slots=nodeq=3 threadq=29 nodeprio=3 threadprio=29
PHASE,reconverse,streams=4,phase=1,time=0.002463,slots=nodeq=3 threadq=29 nodeprio=3 threadprio=29
PHASE,reconverse,streams=4,phase=2,time=0.002477,slots=nodeq=3 threadq=29 nodeprio=3 threadprio=29
PHASE,reconverse,streams=4,phase=3,time=0.002471,slots=nodeq=3 threadq=29 nodeprio=3 threadprio=29
PHASE,reconverse,streams=4,phase=4,time=0.002441,slots=nodeq=3 threadq=29 nodeprio=3 threadprio=29
PHASE,reconverse,streams=4,phase=5,time=0.002495,slots=nodeq=3 threadq=29 nodeprio=3 threadprio=29
PHASE,reconverse,streams=4,phase=6,time=0.002500,slots=nodeq=3 threadq=29 nodeprio=3 threadprio=29
PHASE,reconverse,streams=4,phase=7,time=0.002478,slots=nodeq=3 threadq=29 nodeprio=3 threadprio=29
DATA,ring,reconverse,4,0,4,2000,0.002477,0.0619,nodeq=3 threadq=29 nodeprio=3 threadprio=29
PHASE,reconverse,streams=8,phase=0,time=0.003134,slots=nodeq=3 threadq=29 nodeprio=3 threadprio=29
PHASE,reconverse,streams=8,phase=1,time=0.003150,slots=nodeq=3 threadq=29 nodeprio=3 threadprio=29
PHASE,reconverse,streams=8,phase=2,time=0.003153,slots=nodeq=3 threadq=29 nodeprio=3 threadprio=29
PHASE,reconverse,streams=8,phase=3,time=0.003149,slots=nodeq=3 threadq=29 nodeprio=3 threadprio=29
PHASE,reconverse,streams=8,phase=4,time=0.003143,slots=nodeq=3 threadq=29 nodeprio=3 threadprio=29
PHASE,reconverse,streams=8,phase=5,time=0.003111,slots=nodeq=3 threadq=29 nodeprio=3 threadprio=29
PHASE,reconverse,streams=8,phase=6,time=0.003164,slots=nodeq=3 threadq=29 nodeprio=3 threadprio=29
PHASE,reconverse,streams=8,phase=7,time=0.003110,slots=nodeq=3 threadq=29 nodeprio=3 threadprio=29
DATA,ring,reconverse,4,0,8,2000,0.003139,0.0436,nodeq=3 threadq=29 nodeprio=3 threadprio=29
PHASE,reconverse,streams=16,phase=0,time=0.005397,slots=nodeq=3 threadq=29 nodeprio=3 threadprio=29
PHASE,reconverse,streams=16,phase=1,time=0.005384,slots=nodeq=3 threadq=29 nodeprio=3 threadprio=29
PHASE,reconverse,streams=16,phase=2,time=0.005351,slots=nodeq=3 threadq=29 nodeprio=3 threadprio=29
PHASE,reconverse,streams=16,phase=3,time=0.005362,slots=nodeq=3 threadq=29 nodeprio=3 threadprio=29
PHASE,reconverse,streams=16,phase=4,time=0.005381,slots=nodeq=3 threadq=29 nodeprio=3 threadprio=29
PHASE,reconverse,streams=16,phase=5,time=0.005396,slots=nodeq=3 threadq=29 nodeprio=3 threadprio=29
PHASE,reconverse,streams=16,phase=6,time=0.005494,slots=nodeq=3 threadq=29 nodeprio=3 threadprio=29
PHASE,reconverse,streams=16,phase=7,time=0.005844,slots=nodeq=3 threadq=29 nodeprio=3 threadprio=29
DATA,ring,reconverse,4,0,16,2000,0.005451,0.0401,nodeq=3 threadq=29 nodeprio=3 threadprio=29
PHASE,reconverse,streams=32,phase=0,time=0.010925,slots=nodeq=3 threadq=29 nodeprio=3 threadprio=29
PHASE,reconverse,streams=32,phase=1,time=0.010779,slots=nodeq=3 threadq=29 nodeprio=3 threadprio=29
PHASE,reconverse,streams=32,phase=2,time=0.010960,slots=nodeq=3 threadq=29 nodeprio=3 threadprio=29
PHASE,reconverse,streams=32,phase=3,time=0.010947,slots=nodeq=3 threadq=29 nodeprio=3 threadprio=29
PHASE,reconverse,streams=32,phase=4,time=0.010946,slots=nodeq=3 threadq=29 nodeprio=3 threadprio=29
PHASE,reconverse,streams=32,phase=5,time=0.010908,slots=nodeq=3 threadq=29 nodeprio=3 threadprio=29
PHASE,reconverse,streams=32,phase=6,time=0.010969,slots=nodeq=3 threadq=29 nodeprio=3 threadprio=29
PHASE,reconverse,streams=32,phase=7,time=0.010975,slots=nodeq=3 threadq=29 nodeprio=3 threadprio=29
DATA,ring,reconverse,4,0,32,2000,0.010926,0.0414,nodeq=3 threadq=29 nodeprio=3 threadprio=29
PHASE,reconverse,streams=64,phase=0,time=0.020560,slots=nodeq=3 threadq=29 nodeprio=3 threadprio=29
PHASE,reconverse,streams=64,phase=1,time=0.020806,slots=nodeq=3 threadq=29 nodeprio=3 threadprio=29
PHASE,reconverse,streams=64,phase=2,time=0.020684,slots=nodeq=3 threadq=29 nodeprio=3 threadprio=29
PHASE,reconverse,streams=64,phase=3,time=0.020677,slots=nodeq=3 threadq=29 nodeprio=3 threadprio=29
PHASE,reconverse,streams=64,phase=4,time=0.020777,slots=nodeq=3 threadq=29 nodeprio=3 threadprio=29
PHASE,reconverse,streams=64,phase=5,time=0.020586,slots=nodeq=3 threadq=29 nodeprio=3 threadprio=29
PHASE,reconverse,streams=64,phase=6,time=0.020622,slots=nodeq=3 threadq=29 nodeprio=3 threadprio=29
PHASE,reconverse,streams=64,phase=7,time=0.020833,slots=nodeq=3 threadq=29 nodeprio=3 threadprio=29
DATA,ring,reconverse,4,0,64,2000,0.020693,0.0398,nodeq=3 threadq=29 nodeprio=3 threadprio=29
=== ring cfg converse pes 4 rep 1 ===
Charm++> Running on MPI library: MPI VERSION    : CRAY MPICH version 8.1.32.110 (ANL base 3.4a2)
MPI BUILD INFO : Thu Feb 06 22:53 2025 (git hash f9c5634)
 (MPI standard: 3.1)
Charm++> Level of thread support used: MPI_THREAD_FUNNELED (desired: MPI_THREAD_FUNNELED)
Charm++> Running in SMP mode: 1 processes, 4 worker threads (PEs) + 1 comm threads per process, 4 PEs total
Charm++> The comm. thread both sends and receives messages
Converse/Charm++ Commit ID: v8.0.1-devel-36-g3c3086b33
adapt_ring: layer=converse pes=4 adaptive=-1 m=2000 phases=8 warmup=3
Format: DATA,ring,{layer},{pes},{adaptive},{streams},{m},{mean phase s},{us per message},{slots}
PHASE,converse,streams=0,phase=0,time=0.003008,slots=n/a
PHASE,converse,streams=0,phase=1,time=0.002914,slots=n/a
PHASE,converse,streams=0,phase=2,time=0.002876,slots=n/a
PHASE,converse,streams=0,phase=3,time=0.002912,slots=n/a
PHASE,converse,streams=0,phase=4,time=0.002854,slots=n/a
PHASE,converse,streams=0,phase=5,time=0.002863,slots=n/a
PHASE,converse,streams=0,phase=6,time=0.003019,slots=n/a
PHASE,converse,streams=0,phase=7,time=0.002838,slots=n/a
DATA,ring,converse,4,-1,0,2000,0.002911,0.3638,n/a
PHASE,converse,streams=1,phase=0,time=0.003142,slots=n/a
PHASE,converse,streams=1,phase=1,time=0.003120,slots=n/a
PHASE,converse,streams=1,phase=2,time=0.003280,slots=n/a
PHASE,converse,streams=1,phase=3,time=0.003265,slots=n/a
PHASE,converse,streams=1,phase=4,time=0.003329,slots=n/a
PHASE,converse,streams=1,phase=5,time=0.003154,slots=n/a
PHASE,converse,streams=1,phase=6,time=0.003170,slots=n/a
PHASE,converse,streams=1,phase=7,time=0.003179,slots=n/a
DATA,ring,converse,4,-1,1,2000,0.003205,0.2003,n/a
PHASE,converse,streams=2,phase=0,time=0.003602,slots=n/a
PHASE,converse,streams=2,phase=1,time=0.003492,slots=n/a
PHASE,converse,streams=2,phase=2,time=0.003501,slots=n/a
PHASE,converse,streams=2,phase=3,time=0.003451,slots=n/a
PHASE,converse,streams=2,phase=4,time=0.003472,slots=n/a
PHASE,converse,streams=2,phase=5,time=0.003621,slots=n/a
PHASE,converse,streams=2,phase=6,time=0.003426,slots=n/a
PHASE,converse,streams=2,phase=7,time=0.003561,slots=n/a
DATA,ring,converse,4,-1,2,2000,0.003516,0.1465,n/a
PHASE,converse,streams=4,phase=0,time=0.004096,slots=n/a
PHASE,converse,streams=4,phase=1,time=0.003949,slots=n/a
PHASE,converse,streams=4,phase=2,time=0.003919,slots=n/a
PHASE,converse,streams=4,phase=3,time=0.004152,slots=n/a
PHASE,converse,streams=4,phase=4,time=0.003974,slots=n/a
PHASE,converse,streams=4,phase=5,time=0.004257,slots=n/a
PHASE,converse,streams=4,phase=6,time=0.004011,slots=n/a
PHASE,converse,streams=4,phase=7,time=0.004116,slots=n/a
DATA,ring,converse,4,-1,4,2000,0.004059,0.1015,n/a
PHASE,converse,streams=8,phase=0,time=0.005253,slots=n/a
PHASE,converse,streams=8,phase=1,time=0.005180,slots=n/a
PHASE,converse,streams=8,phase=2,time=0.005308,slots=n/a
PHASE,converse,streams=8,phase=3,time=0.005245,slots=n/a
PHASE,converse,streams=8,phase=4,time=0.005182,slots=n/a
PHASE,converse,streams=8,phase=5,time=0.005183,slots=n/a
PHASE,converse,streams=8,phase=6,time=0.005138,slots=n/a
PHASE,converse,streams=8,phase=7,time=0.005265,slots=n/a
DATA,ring,converse,4,-1,8,2000,0.005219,0.0725,n/a
PHASE,converse,streams=16,phase=0,time=0.007556,slots=n/a
PHASE,converse,streams=16,phase=1,time=0.007437,slots=n/a
PHASE,converse,streams=16,phase=2,time=0.007278,slots=n/a
PHASE,converse,streams=16,phase=3,time=0.007338,slots=n/a
PHASE,converse,streams=16,phase=4,time=0.007497,slots=n/a
PHASE,converse,streams=16,phase=5,time=0.007490,slots=n/a
PHASE,converse,streams=16,phase=6,time=0.007363,slots=n/a
PHASE,converse,streams=16,phase=7,time=0.007404,slots=n/a
DATA,ring,converse,4,-1,16,2000,0.007420,0.0546,n/a
PHASE,converse,streams=32,phase=0,time=0.012095,slots=n/a
PHASE,converse,streams=32,phase=1,time=0.011755,slots=n/a
PHASE,converse,streams=32,phase=2,time=0.011827,slots=n/a
PHASE,converse,streams=32,phase=3,time=0.011912,slots=n/a
PHASE,converse,streams=32,phase=4,time=0.011932,slots=n/a
PHASE,converse,streams=32,phase=5,time=0.011826,slots=n/a
PHASE,converse,streams=32,phase=6,time=0.011933,slots=n/a
PHASE,converse,streams=32,phase=7,time=0.011898,slots=n/a
DATA,ring,converse,4,-1,32,2000,0.011897,0.0451,n/a
PHASE,converse,streams=64,phase=0,time=0.020785,slots=n/a
PHASE,converse,streams=64,phase=1,time=0.020550,slots=n/a
PHASE,converse,streams=64,phase=2,time=0.020667,slots=n/a
PHASE,converse,streams=64,phase=3,time=0.020604,slots=n/a
PHASE,converse,streams=64,phase=4,time=0.020671,slots=n/a
PHASE,converse,streams=64,phase=5,time=0.020597,slots=n/a
PHASE,converse,streams=64,phase=6,time=0.020633,slots=n/a
PHASE,converse,streams=64,phase=7,time=0.020628,slots=n/a
DATA,ring,converse,4,-1,64,2000,0.020642,0.0397,n/a
[Partition 0][Node 0] End of program
=== ring cfg adaptive pes 8 rep 1 ===
Charm++> Running in SMP mode on 1 nodes and 8 PEs
adapt_ring: layer=reconverse pes=8 adaptive=1 m=2000 phases=8 warmup=3
Format: DATA,ring,{layer},{pes},{adaptive},{streams},{m},{mean phase s},{us per message},{slots}
PHASE,reconverse,streams=0,phase=0,time=0.006172,slots=nodeq=61 threadq=1 nodeprio=1 threadprio=1
PHASE,reconverse,streams=0,phase=1,time=0.006237,slots=nodeq=61 threadq=1 nodeprio=1 threadprio=1
PHASE,reconverse,streams=0,phase=2,time=0.006460,slots=nodeq=37 threadq=25 nodeprio=1 threadprio=1
PHASE,reconverse,streams=0,phase=3,time=0.006149,slots=nodeq=61 threadq=1 nodeprio=1 threadprio=1
PHASE,reconverse,streams=0,phase=4,time=0.006288,slots=nodeq=61 threadq=1 nodeprio=1 threadprio=1
PHASE,reconverse,streams=0,phase=5,time=0.006564,slots=nodeq=37 threadq=25 nodeprio=1 threadprio=1
PHASE,reconverse,streams=0,phase=6,time=0.006183,slots=nodeq=61 threadq=1 nodeprio=1 threadprio=1
PHASE,reconverse,streams=0,phase=7,time=0.006252,slots=nodeq=61 threadq=1 nodeprio=1 threadprio=1
DATA,ring,reconverse,8,1,0,2000,0.006288,0.3930,nodeq=61 threadq=1 nodeprio=1 threadprio=1
PHASE,reconverse,streams=1,phase=0,time=0.006232,slots=nodeq=29 threadq=33 nodeprio=1 threadprio=1
PHASE,reconverse,streams=1,phase=1,time=0.006303,slots=nodeq=31 threadq=31 nodeprio=1 threadprio=1
PHASE,reconverse,streams=1,phase=2,time=0.006270,slots=nodeq=31 threadq=31 nodeprio=1 threadprio=1
PHASE,reconverse,streams=1,phase=3,time=0.006287,slots=nodeq=18 threadq=44 nodeprio=1 threadprio=1
PHASE,reconverse,streams=1,phase=4,time=0.006287,slots=nodeq=31 threadq=31 nodeprio=1 threadprio=1
PHASE,reconverse,streams=1,phase=5,time=0.006293,slots=nodeq=31 threadq=31 nodeprio=1 threadprio=1
PHASE,reconverse,streams=1,phase=6,time=0.006256,slots=nodeq=29 threadq=33 nodeprio=1 threadprio=1
PHASE,reconverse,streams=1,phase=7,time=0.006276,slots=nodeq=31 threadq=31 nodeprio=1 threadprio=1
DATA,ring,reconverse,8,1,1,2000,0.006275,0.1961,nodeq=31 threadq=31 nodeprio=1 threadprio=1
PHASE,reconverse,streams=2,phase=0,time=0.006804,slots=nodeq=1 threadq=61 nodeprio=1 threadprio=1
PHASE,reconverse,streams=2,phase=1,time=0.006867,slots=nodeq=1 threadq=61 nodeprio=1 threadprio=1
PHASE,reconverse,streams=2,phase=2,time=0.006611,slots=nodeq=1 threadq=61 nodeprio=1 threadprio=1
PHASE,reconverse,streams=2,phase=3,time=0.006633,slots=nodeq=1 threadq=61 nodeprio=1 threadprio=1
PHASE,reconverse,streams=2,phase=4,time=0.006498,slots=nodeq=1 threadq=61 nodeprio=1 threadprio=1
PHASE,reconverse,streams=2,phase=5,time=0.006800,slots=nodeq=1 threadq=61 nodeprio=1 threadprio=1
PHASE,reconverse,streams=2,phase=6,time=0.006785,slots=nodeq=1 threadq=61 nodeprio=1 threadprio=1
PHASE,reconverse,streams=2,phase=7,time=0.006539,slots=nodeq=1 threadq=61 nodeprio=1 threadprio=1
DATA,ring,reconverse,8,1,2,2000,0.006692,0.1394,nodeq=1 threadq=61 nodeprio=1 threadprio=1
PHASE,reconverse,streams=4,phase=0,time=0.007578,slots=nodeq=1 threadq=61 nodeprio=1 threadprio=1
PHASE,reconverse,streams=4,phase=1,time=0.007821,slots=nodeq=1 threadq=61 nodeprio=1 threadprio=1
PHASE,reconverse,streams=4,phase=2,time=0.007466,slots=nodeq=1 threadq=61 nodeprio=1 threadprio=1
PHASE,reconverse,streams=4,phase=3,time=0.007066,slots=nodeq=1 threadq=61 nodeprio=1 threadprio=1
PHASE,reconverse,streams=4,phase=4,time=0.007093,slots=nodeq=1 threadq=61 nodeprio=1 threadprio=1
PHASE,reconverse,streams=4,phase=5,time=0.007114,slots=nodeq=1 threadq=61 nodeprio=1 threadprio=1
PHASE,reconverse,streams=4,phase=6,time=0.007651,slots=nodeq=1 threadq=61 nodeprio=1 threadprio=1
PHASE,reconverse,streams=4,phase=7,time=0.007546,slots=nodeq=1 threadq=61 nodeprio=1 threadprio=1
DATA,ring,reconverse,8,1,4,2000,0.007417,0.0927,nodeq=1 threadq=61 nodeprio=1 threadprio=1
PHASE,reconverse,streams=8,phase=0,time=0.008924,slots=nodeq=1 threadq=61 nodeprio=1 threadprio=1
PHASE,reconverse,streams=8,phase=1,time=0.008836,slots=nodeq=1 threadq=61 nodeprio=1 threadprio=1
PHASE,reconverse,streams=8,phase=2,time=0.008813,slots=nodeq=1 threadq=61 nodeprio=1 threadprio=1
PHASE,reconverse,streams=8,phase=3,time=0.008863,slots=nodeq=1 threadq=61 nodeprio=1 threadprio=1
PHASE,reconverse,streams=8,phase=4,time=0.008844,slots=nodeq=1 threadq=61 nodeprio=1 threadprio=1
PHASE,reconverse,streams=8,phase=5,time=0.008660,slots=nodeq=1 threadq=61 nodeprio=1 threadprio=1
PHASE,reconverse,streams=8,phase=6,time=0.008265,slots=nodeq=1 threadq=61 nodeprio=1 threadprio=1
PHASE,reconverse,streams=8,phase=7,time=0.008316,slots=nodeq=1 threadq=61 nodeprio=1 threadprio=1
DATA,ring,reconverse,8,1,8,2000,0.008690,0.0603,nodeq=1 threadq=61 nodeprio=1 threadprio=1
PHASE,reconverse,streams=16,phase=0,time=0.010579,slots=nodeq=1 threadq=61 nodeprio=1 threadprio=1
PHASE,reconverse,streams=16,phase=1,time=0.011247,slots=nodeq=1 threadq=61 nodeprio=1 threadprio=1
PHASE,reconverse,streams=16,phase=2,time=0.011136,slots=nodeq=1 threadq=61 nodeprio=1 threadprio=1
PHASE,reconverse,streams=16,phase=3,time=0.011223,slots=nodeq=1 threadq=61 nodeprio=1 threadprio=1
PHASE,reconverse,streams=16,phase=4,time=0.011205,slots=nodeq=1 threadq=61 nodeprio=1 threadprio=1
PHASE,reconverse,streams=16,phase=5,time=0.010509,slots=nodeq=1 threadq=61 nodeprio=1 threadprio=1
PHASE,reconverse,streams=16,phase=6,time=0.011060,slots=nodeq=1 threadq=61 nodeprio=1 threadprio=1
PHASE,reconverse,streams=16,phase=7,time=0.011067,slots=nodeq=1 threadq=61 nodeprio=1 threadprio=1
DATA,ring,reconverse,8,1,16,2000,0.011003,0.0405,nodeq=1 threadq=61 nodeprio=1 threadprio=1
PHASE,reconverse,streams=32,phase=0,time=0.015726,slots=nodeq=1 threadq=61 nodeprio=1 threadprio=1
PHASE,reconverse,streams=32,phase=1,time=0.016334,slots=nodeq=1 threadq=61 nodeprio=1 threadprio=1
PHASE,reconverse,streams=32,phase=2,time=0.015736,slots=nodeq=1 threadq=61 nodeprio=1 threadprio=1
PHASE,reconverse,streams=32,phase=3,time=0.016312,slots=nodeq=1 threadq=61 nodeprio=1 threadprio=1
PHASE,reconverse,streams=32,phase=4,time=0.016291,slots=nodeq=1 threadq=61 nodeprio=1 threadprio=1
PHASE,reconverse,streams=32,phase=5,time=0.016328,slots=nodeq=1 threadq=61 nodeprio=1 threadprio=1
PHASE,reconverse,streams=32,phase=6,time=0.016169,slots=nodeq=1 threadq=61 nodeprio=1 threadprio=1
PHASE,reconverse,streams=32,phase=7,time=0.016362,slots=nodeq=1 threadq=61 nodeprio=1 threadprio=1
DATA,ring,reconverse,8,1,32,2000,0.016157,0.0306,nodeq=1 threadq=61 nodeprio=1 threadprio=1
PHASE,reconverse,streams=64,phase=0,time=0.025520,slots=nodeq=1 threadq=61 nodeprio=1 threadprio=1
PHASE,reconverse,streams=64,phase=1,time=0.025689,slots=nodeq=1 threadq=61 nodeprio=1 threadprio=1
PHASE,reconverse,streams=64,phase=2,time=0.025521,slots=nodeq=1 threadq=61 nodeprio=1 threadprio=1
PHASE,reconverse,streams=64,phase=3,time=0.025465,slots=nodeq=1 threadq=61 nodeprio=1 threadprio=1
PHASE,reconverse,streams=64,phase=4,time=0.025377,slots=nodeq=1 threadq=61 nodeprio=1 threadprio=1
PHASE,reconverse,streams=64,phase=5,time=0.025249,slots=nodeq=1 threadq=61 nodeprio=1 threadprio=1
PHASE,reconverse,streams=64,phase=6,time=0.025601,slots=nodeq=1 threadq=61 nodeprio=1 threadprio=1
PHASE,reconverse,streams=64,phase=7,time=0.025414,slots=nodeq=1 threadq=61 nodeprio=1 threadprio=1
DATA,ring,reconverse,8,1,64,2000,0.025479,0.0245,nodeq=1 threadq=61 nodeprio=1 threadprio=1
=== ring cfg hitrate pes 8 rep 1 ===
Charm++> Running in SMP mode on 1 nodes and 8 PEs
adapt_ring: layer=reconverse pes=8 adaptive=1 m=2000 phases=8 warmup=3
Format: DATA,ring,{layer},{pes},{adaptive},{streams},{m},{mean phase s},{us per message},{slots}
PHASE,reconverse,streams=0,phase=0,time=0.006409,slots=nodeq=61 threadq=1 nodeprio=1 threadprio=1
PHASE,reconverse,streams=0,phase=1,time=0.006406,slots=nodeq=61 threadq=1 nodeprio=1 threadprio=1
PHASE,reconverse,streams=0,phase=2,time=0.006176,slots=nodeq=61 threadq=1 nodeprio=1 threadprio=1
PHASE,reconverse,streams=0,phase=3,time=0.006539,slots=nodeq=61 threadq=1 nodeprio=1 threadprio=1
PHASE,reconverse,streams=0,phase=4,time=0.006670,slots=nodeq=38 threadq=24 nodeprio=1 threadprio=1
PHASE,reconverse,streams=0,phase=5,time=0.006187,slots=nodeq=61 threadq=1 nodeprio=1 threadprio=1
PHASE,reconverse,streams=0,phase=6,time=0.006210,slots=nodeq=61 threadq=1 nodeprio=1 threadprio=1
PHASE,reconverse,streams=0,phase=7,time=0.006271,slots=nodeq=61 threadq=1 nodeprio=1 threadprio=1
DATA,ring,reconverse,8,1,0,2000,0.006359,0.3974,nodeq=61 threadq=1 nodeprio=1 threadprio=1
PHASE,reconverse,streams=1,phase=0,time=0.006249,slots=nodeq=31 threadq=31 nodeprio=1 threadprio=1
PHASE,reconverse,streams=1,phase=1,time=0.006252,slots=nodeq=31 threadq=31 nodeprio=1 threadprio=1
PHASE,reconverse,streams=1,phase=2,time=0.006244,slots=nodeq=31 threadq=31 nodeprio=1 threadprio=1
PHASE,reconverse,streams=1,phase=3,time=0.006305,slots=nodeq=31 threadq=31 nodeprio=1 threadprio=1
PHASE,reconverse,streams=1,phase=4,time=0.006212,slots=nodeq=28 threadq=34 nodeprio=1 threadprio=1
PHASE,reconverse,streams=1,phase=5,time=0.006236,slots=nodeq=30 threadq=32 nodeprio=1 threadprio=1
PHASE,reconverse,streams=1,phase=6,time=0.006214,slots=nodeq=31 threadq=31 nodeprio=1 threadprio=1
PHASE,reconverse,streams=1,phase=7,time=0.006289,slots=nodeq=31 threadq=31 nodeprio=1 threadprio=1
DATA,ring,reconverse,8,1,1,2000,0.006250,0.1953,nodeq=31 threadq=31 nodeprio=1 threadprio=1
PHASE,reconverse,streams=2,phase=0,time=0.006743,slots=nodeq=1 threadq=61 nodeprio=1 threadprio=1
PHASE,reconverse,streams=2,phase=1,time=0.006939,slots=nodeq=1 threadq=61 nodeprio=1 threadprio=1
PHASE,reconverse,streams=2,phase=2,time=0.006686,slots=nodeq=1 threadq=61 nodeprio=1 threadprio=1
PHASE,reconverse,streams=2,phase=3,time=0.006896,slots=nodeq=1 threadq=61 nodeprio=1 threadprio=1
PHASE,reconverse,streams=2,phase=4,time=0.006860,slots=nodeq=1 threadq=61 nodeprio=1 threadprio=1
PHASE,reconverse,streams=2,phase=5,time=0.006619,slots=nodeq=1 threadq=61 nodeprio=1 threadprio=1
PHASE,reconverse,streams=2,phase=6,time=0.006893,slots=nodeq=1 threadq=61 nodeprio=1 threadprio=1
PHASE,reconverse,streams=2,phase=7,time=0.006914,slots=nodeq=1 threadq=61 nodeprio=1 threadprio=1
DATA,ring,reconverse,8,1,2,2000,0.006819,0.1421,nodeq=1 threadq=61 nodeprio=1 threadprio=1
PHASE,reconverse,streams=4,phase=0,time=0.008000,slots=nodeq=1 threadq=61 nodeprio=1 threadprio=1
PHASE,reconverse,streams=4,phase=1,time=0.007983,slots=nodeq=1 threadq=61 nodeprio=1 threadprio=1
PHASE,reconverse,streams=4,phase=2,time=0.008060,slots=nodeq=1 threadq=61 nodeprio=1 threadprio=1
PHASE,reconverse,streams=4,phase=3,time=0.007983,slots=nodeq=1 threadq=61 nodeprio=1 threadprio=1
PHASE,reconverse,streams=4,phase=4,time=0.007843,slots=nodeq=1 threadq=61 nodeprio=1 threadprio=1
PHASE,reconverse,streams=4,phase=5,time=0.007915,slots=nodeq=1 threadq=61 nodeprio=1 threadprio=1
PHASE,reconverse,streams=4,phase=6,time=0.007785,slots=nodeq=1 threadq=61 nodeprio=1 threadprio=1
PHASE,reconverse,streams=4,phase=7,time=0.007919,slots=nodeq=1 threadq=61 nodeprio=1 threadprio=1
DATA,ring,reconverse,8,1,4,2000,0.007936,0.0992,nodeq=1 threadq=61 nodeprio=1 threadprio=1
PHASE,reconverse,streams=8,phase=0,time=0.008938,slots=nodeq=1 threadq=61 nodeprio=1 threadprio=1
PHASE,reconverse,streams=8,phase=1,time=0.008911,slots=nodeq=1 threadq=61 nodeprio=1 threadprio=1
PHASE,reconverse,streams=8,phase=2,time=0.008723,slots=nodeq=1 threadq=61 nodeprio=1 threadprio=1
PHASE,reconverse,streams=8,phase=3,time=0.008936,slots=nodeq=1 threadq=61 nodeprio=1 threadprio=1
PHASE,reconverse,streams=8,phase=4,time=0.008848,slots=nodeq=1 threadq=61 nodeprio=1 threadprio=1
PHASE,reconverse,streams=8,phase=5,time=0.008632,slots=nodeq=1 threadq=61 nodeprio=1 threadprio=1
PHASE,reconverse,streams=8,phase=6,time=0.008913,slots=nodeq=1 threadq=61 nodeprio=1 threadprio=1
PHASE,reconverse,streams=8,phase=7,time=0.009479,slots=nodeq=1 threadq=61 nodeprio=1 threadprio=1
DATA,ring,reconverse,8,1,8,2000,0.008922,0.0620,nodeq=1 threadq=61 nodeprio=1 threadprio=1
PHASE,reconverse,streams=16,phase=0,time=0.012109,slots=nodeq=1 threadq=61 nodeprio=1 threadprio=1
PHASE,reconverse,streams=16,phase=1,time=0.011519,slots=nodeq=1 threadq=61 nodeprio=1 threadprio=1
PHASE,reconverse,streams=16,phase=2,time=0.011660,slots=nodeq=1 threadq=61 nodeprio=1 threadprio=1
PHASE,reconverse,streams=16,phase=3,time=0.011652,slots=nodeq=1 threadq=61 nodeprio=1 threadprio=1
PHASE,reconverse,streams=16,phase=4,time=0.011511,slots=nodeq=1 threadq=61 nodeprio=1 threadprio=1
PHASE,reconverse,streams=16,phase=5,time=0.011684,slots=nodeq=1 threadq=61 nodeprio=1 threadprio=1
PHASE,reconverse,streams=16,phase=6,time=0.011492,slots=nodeq=1 threadq=61 nodeprio=1 threadprio=1
PHASE,reconverse,streams=16,phase=7,time=0.011469,slots=nodeq=1 threadq=61 nodeprio=1 threadprio=1
DATA,ring,reconverse,8,1,16,2000,0.011637,0.0428,nodeq=1 threadq=61 nodeprio=1 threadprio=1
PHASE,reconverse,streams=32,phase=0,time=0.017695,slots=nodeq=1 threadq=61 nodeprio=1 threadprio=1
PHASE,reconverse,streams=32,phase=1,time=0.017157,slots=nodeq=1 threadq=61 nodeprio=1 threadprio=1
PHASE,reconverse,streams=32,phase=2,time=0.017511,slots=nodeq=1 threadq=61 nodeprio=1 threadprio=1
PHASE,reconverse,streams=32,phase=3,time=0.017588,slots=nodeq=1 threadq=61 nodeprio=1 threadprio=1
PHASE,reconverse,streams=32,phase=4,time=0.017577,slots=nodeq=1 threadq=61 nodeprio=1 threadprio=1
PHASE,reconverse,streams=32,phase=5,time=0.017489,slots=nodeq=1 threadq=61 nodeprio=1 threadprio=1
PHASE,reconverse,streams=32,phase=6,time=0.017609,slots=nodeq=1 threadq=61 nodeprio=1 threadprio=1
PHASE,reconverse,streams=32,phase=7,time=0.017543,slots=nodeq=1 threadq=61 nodeprio=1 threadprio=1
DATA,ring,reconverse,8,1,32,2000,0.017521,0.0332,nodeq=1 threadq=61 nodeprio=1 threadprio=1
PHASE,reconverse,streams=64,phase=0,time=0.027974,slots=nodeq=1 threadq=61 nodeprio=1 threadprio=1
PHASE,reconverse,streams=64,phase=1,time=0.027896,slots=nodeq=1 threadq=61 nodeprio=1 threadprio=1
PHASE,reconverse,streams=64,phase=2,time=0.028379,slots=nodeq=1 threadq=61 nodeprio=1 threadprio=1
PHASE,reconverse,streams=64,phase=3,time=0.027420,slots=nodeq=1 threadq=61 nodeprio=1 threadprio=1
PHASE,reconverse,streams=64,phase=4,time=0.027071,slots=nodeq=1 threadq=61 nodeprio=1 threadprio=1
PHASE,reconverse,streams=64,phase=5,time=0.026703,slots=nodeq=1 threadq=61 nodeprio=1 threadprio=1
PHASE,reconverse,streams=64,phase=6,time=0.025997,slots=nodeq=1 threadq=61 nodeprio=1 threadprio=1
PHASE,reconverse,streams=64,phase=7,time=0.025806,slots=nodeq=1 threadq=61 nodeprio=1 threadprio=1
DATA,ring,reconverse,8,1,64,2000,0.027156,0.0261,nodeq=1 threadq=61 nodeprio=1 threadprio=1
=== ring cfg static pes 8 rep 1 ===
Charm++> Running in SMP mode on 1 nodes and 8 PEs
adapt_ring: layer=reconverse pes=8 adaptive=0 m=2000 phases=8 warmup=3
Format: DATA,ring,{layer},{pes},{adaptive},{streams},{m},{mean phase s},{us per message},{slots}
PHASE,reconverse,streams=0,phase=0,time=0.006510,slots=nodeq=3 threadq=29 nodeprio=3 threadprio=29
PHASE,reconverse,streams=0,phase=1,time=0.006488,slots=nodeq=3 threadq=29 nodeprio=3 threadprio=29
PHASE,reconverse,streams=0,phase=2,time=0.006456,slots=nodeq=3 threadq=29 nodeprio=3 threadprio=29
PHASE,reconverse,streams=0,phase=3,time=0.006378,slots=nodeq=3 threadq=29 nodeprio=3 threadprio=29
PHASE,reconverse,streams=0,phase=4,time=0.006417,slots=nodeq=3 threadq=29 nodeprio=3 threadprio=29
PHASE,reconverse,streams=0,phase=5,time=0.006433,slots=nodeq=3 threadq=29 nodeprio=3 threadprio=29
PHASE,reconverse,streams=0,phase=6,time=0.006424,slots=nodeq=3 threadq=29 nodeprio=3 threadprio=29
PHASE,reconverse,streams=0,phase=7,time=0.006365,slots=nodeq=3 threadq=29 nodeprio=3 threadprio=29
DATA,ring,reconverse,8,0,0,2000,0.006434,0.4021,nodeq=3 threadq=29 nodeprio=3 threadprio=29
PHASE,reconverse,streams=1,phase=0,time=0.006371,slots=nodeq=3 threadq=29 nodeprio=3 threadprio=29
PHASE,reconverse,streams=1,phase=1,time=0.006370,slots=nodeq=3 threadq=29 nodeprio=3 threadprio=29
PHASE,reconverse,streams=1,phase=2,time=0.006387,slots=nodeq=3 threadq=29 nodeprio=3 threadprio=29
PHASE,reconverse,streams=1,phase=3,time=0.006344,slots=nodeq=3 threadq=29 nodeprio=3 threadprio=29
PHASE,reconverse,streams=1,phase=4,time=0.006424,slots=nodeq=3 threadq=29 nodeprio=3 threadprio=29
PHASE,reconverse,streams=1,phase=5,time=0.006443,slots=nodeq=3 threadq=29 nodeprio=3 threadprio=29
PHASE,reconverse,streams=1,phase=6,time=0.006376,slots=nodeq=3 threadq=29 nodeprio=3 threadprio=29
PHASE,reconverse,streams=1,phase=7,time=0.006366,slots=nodeq=3 threadq=29 nodeprio=3 threadprio=29
DATA,ring,reconverse,8,0,1,2000,0.006385,0.1995,nodeq=3 threadq=29 nodeprio=3 threadprio=29
PHASE,reconverse,streams=2,phase=0,time=0.006422,slots=nodeq=3 threadq=29 nodeprio=3 threadprio=29
PHASE,reconverse,streams=2,phase=1,time=0.006375,slots=nodeq=3 threadq=29 nodeprio=3 threadprio=29
PHASE,reconverse,streams=2,phase=2,time=0.006345,slots=nodeq=3 threadq=29 nodeprio=3 threadprio=29
PHASE,reconverse,streams=2,phase=3,time=0.006378,slots=nodeq=3 threadq=29 nodeprio=3 threadprio=29
PHASE,reconverse,streams=2,phase=4,time=0.006316,slots=nodeq=3 threadq=29 nodeprio=3 threadprio=29
PHASE,reconverse,streams=2,phase=5,time=0.006279,slots=nodeq=3 threadq=29 nodeprio=3 threadprio=29
PHASE,reconverse,streams=2,phase=6,time=0.006307,slots=nodeq=3 threadq=29 nodeprio=3 threadprio=29
PHASE,reconverse,streams=2,phase=7,time=0.006277,slots=nodeq=3 threadq=29 nodeprio=3 threadprio=29
DATA,ring,reconverse,8,0,2,2000,0.006337,0.1320,nodeq=3 threadq=29 nodeprio=3 threadprio=29
PHASE,reconverse,streams=4,phase=0,time=0.006464,slots=nodeq=3 threadq=29 nodeprio=3 threadprio=29
PHASE,reconverse,streams=4,phase=1,time=0.006354,slots=nodeq=3 threadq=29 nodeprio=3 threadprio=29
PHASE,reconverse,streams=4,phase=2,time=0.006352,slots=nodeq=3 threadq=29 nodeprio=3 threadprio=29
PHASE,reconverse,streams=4,phase=3,time=0.006360,slots=nodeq=3 threadq=29 nodeprio=3 threadprio=29
PHASE,reconverse,streams=4,phase=4,time=0.006416,slots=nodeq=3 threadq=29 nodeprio=3 threadprio=29
PHASE,reconverse,streams=4,phase=5,time=0.006298,slots=nodeq=3 threadq=29 nodeprio=3 threadprio=29
PHASE,reconverse,streams=4,phase=6,time=0.006316,slots=nodeq=3 threadq=29 nodeprio=3 threadprio=29
PHASE,reconverse,streams=4,phase=7,time=0.006324,slots=nodeq=3 threadq=29 nodeprio=3 threadprio=29
DATA,ring,reconverse,8,0,4,2000,0.006360,0.0795,nodeq=3 threadq=29 nodeprio=3 threadprio=29
PHASE,reconverse,streams=8,phase=0,time=0.007439,slots=nodeq=3 threadq=29 nodeprio=3 threadprio=29
PHASE,reconverse,streams=8,phase=1,time=0.007430,slots=nodeq=3 threadq=29 nodeprio=3 threadprio=29
PHASE,reconverse,streams=8,phase=2,time=0.007413,slots=nodeq=3 threadq=29 nodeprio=3 threadprio=29
PHASE,reconverse,streams=8,phase=3,time=0.006908,slots=nodeq=3 threadq=29 nodeprio=3 threadprio=29
PHASE,reconverse,streams=8,phase=4,time=0.007077,slots=nodeq=3 threadq=29 nodeprio=3 threadprio=29
PHASE,reconverse,streams=8,phase=5,time=0.007040,slots=nodeq=3 threadq=29 nodeprio=3 threadprio=29
PHASE,reconverse,streams=8,phase=6,time=0.007218,slots=nodeq=3 threadq=29 nodeprio=3 threadprio=29
PHASE,reconverse,streams=8,phase=7,time=0.007349,slots=nodeq=3 threadq=29 nodeprio=3 threadprio=29
DATA,ring,reconverse,8,0,8,2000,0.007234,0.0502,nodeq=3 threadq=29 nodeprio=3 threadprio=29
PHASE,reconverse,streams=16,phase=0,time=0.010134,slots=nodeq=3 threadq=29 nodeprio=3 threadprio=29
PHASE,reconverse,streams=16,phase=1,time=0.010260,slots=nodeq=3 threadq=29 nodeprio=3 threadprio=29
PHASE,reconverse,streams=16,phase=2,time=0.010233,slots=nodeq=3 threadq=29 nodeprio=3 threadprio=29
PHASE,reconverse,streams=16,phase=3,time=0.010397,slots=nodeq=3 threadq=29 nodeprio=3 threadprio=29
PHASE,reconverse,streams=16,phase=4,time=0.010188,slots=nodeq=3 threadq=29 nodeprio=3 threadprio=29
PHASE,reconverse,streams=16,phase=5,time=0.010356,slots=nodeq=3 threadq=29 nodeprio=3 threadprio=29
PHASE,reconverse,streams=16,phase=6,time=0.010301,slots=nodeq=3 threadq=29 nodeprio=3 threadprio=29
PHASE,reconverse,streams=16,phase=7,time=0.010769,slots=nodeq=3 threadq=29 nodeprio=3 threadprio=29
DATA,ring,reconverse,8,0,16,2000,0.010330,0.0380,nodeq=3 threadq=29 nodeprio=3 threadprio=29
PHASE,reconverse,streams=32,phase=0,time=0.017009,slots=nodeq=3 threadq=29 nodeprio=3 threadprio=29
PHASE,reconverse,streams=32,phase=1,time=0.017043,slots=nodeq=3 threadq=29 nodeprio=3 threadprio=29
PHASE,reconverse,streams=32,phase=2,time=0.017008,slots=nodeq=3 threadq=29 nodeprio=3 threadprio=29
PHASE,reconverse,streams=32,phase=3,time=0.017020,slots=nodeq=3 threadq=29 nodeprio=3 threadprio=29
PHASE,reconverse,streams=32,phase=4,time=0.017504,slots=nodeq=3 threadq=29 nodeprio=3 threadprio=29
PHASE,reconverse,streams=32,phase=5,time=0.016921,slots=nodeq=3 threadq=29 nodeprio=3 threadprio=29
PHASE,reconverse,streams=32,phase=6,time=0.016893,slots=nodeq=3 threadq=29 nodeprio=3 threadprio=29
PHASE,reconverse,streams=32,phase=7,time=0.017317,slots=nodeq=3 threadq=29 nodeprio=3 threadprio=29
DATA,ring,reconverse,8,0,32,2000,0.017089,0.0324,nodeq=3 threadq=29 nodeprio=3 threadprio=29
PHASE,reconverse,streams=64,phase=0,time=0.029549,slots=nodeq=3 threadq=29 nodeprio=3 threadprio=29
PHASE,reconverse,streams=64,phase=1,time=0.029694,slots=nodeq=3 threadq=29 nodeprio=3 threadprio=29
PHASE,reconverse,streams=64,phase=2,time=0.029783,slots=nodeq=3 threadq=29 nodeprio=3 threadprio=29
PHASE,reconverse,streams=64,phase=3,time=0.029760,slots=nodeq=3 threadq=29 nodeprio=3 threadprio=29
PHASE,reconverse,streams=64,phase=4,time=0.029636,slots=nodeq=3 threadq=29 nodeprio=3 threadprio=29
PHASE,reconverse,streams=64,phase=5,time=0.029176,slots=nodeq=3 threadq=29 nodeprio=3 threadprio=29
PHASE,reconverse,streams=64,phase=6,time=0.028976,slots=nodeq=3 threadq=29 nodeprio=3 threadprio=29
PHASE,reconverse,streams=64,phase=7,time=0.025513,slots=nodeq=3 threadq=29 nodeprio=3 threadprio=29
DATA,ring,reconverse,8,0,64,2000,0.029011,0.0279,nodeq=3 threadq=29 nodeprio=3 threadprio=29
=== ring cfg converse pes 8 rep 1 ===
Charm++> Running on MPI library: MPI VERSION    : CRAY MPICH version 8.1.32.110 (ANL base 3.4a2)
MPI BUILD INFO : Thu Feb 06 22:53 2025 (git hash f9c5634)
 (MPI standard: 3.1)
Charm++> Level of thread support used: MPI_THREAD_FUNNELED (desired: MPI_THREAD_FUNNELED)
Charm++> Running in SMP mode: 1 processes, 8 worker threads (PEs) + 1 comm threads per process, 8 PEs total
Charm++> The comm. thread both sends and receives messages
Converse/Charm++ Commit ID: v8.0.1-devel-36-g3c3086b33
adapt_ring: layer=converse pes=8 adaptive=-1 m=2000 phases=8 warmup=3
Format: DATA,ring,{layer},{pes},{adaptive},{streams},{m},{mean phase s},{us per message},{slots}
PHASE,converse,streams=0,phase=0,time=0.012615,slots=n/a
PHASE,converse,streams=0,phase=1,time=0.012366,slots=n/a
PHASE,converse,streams=0,phase=2,time=0.011320,slots=n/a
PHASE,converse,streams=0,phase=3,time=0.011301,slots=n/a
PHASE,converse,streams=0,phase=4,time=0.011354,slots=n/a
PHASE,converse,streams=0,phase=5,time=0.011068,slots=n/a
PHASE,converse,streams=0,phase=6,time=0.011061,slots=n/a
PHASE,converse,streams=0,phase=7,time=0.011575,slots=n/a
DATA,ring,converse,8,-1,0,2000,0.011583,0.7239,n/a
PHASE,converse,streams=1,phase=0,time=0.011765,slots=n/a
PHASE,converse,streams=1,phase=1,time=0.011582,slots=n/a
PHASE,converse,streams=1,phase=2,time=0.011928,slots=n/a
PHASE,converse,streams=1,phase=3,time=0.011763,slots=n/a
PHASE,converse,streams=1,phase=4,time=0.011757,slots=n/a
PHASE,converse,streams=1,phase=5,time=0.011455,slots=n/a
PHASE,converse,streams=1,phase=6,time=0.011296,slots=n/a
PHASE,converse,streams=1,phase=7,time=0.012297,slots=n/a
DATA,ring,converse,8,-1,1,2000,0.011731,0.3666,n/a
PHASE,converse,streams=2,phase=0,time=0.012140,slots=n/a
PHASE,converse,streams=2,phase=1,time=0.012003,slots=n/a
PHASE,converse,streams=2,phase=2,time=0.011821,slots=n/a
PHASE,converse,streams=2,phase=3,time=0.011727,slots=n/a
PHASE,converse,streams=2,phase=4,time=0.011618,slots=n/a
PHASE,converse,streams=2,phase=5,time=0.012080,slots=n/a
PHASE,converse,streams=2,phase=6,time=0.011941,slots=n/a
PHASE,converse,streams=2,phase=7,time=0.011636,slots=n/a
DATA,ring,converse,8,-1,2,2000,0.011871,0.2473,n/a
PHASE,converse,streams=4,phase=0,time=0.013048,slots=n/a
PHASE,converse,streams=4,phase=1,time=0.012641,slots=n/a
PHASE,converse,streams=4,phase=2,time=0.012617,slots=n/a
PHASE,converse,streams=4,phase=3,time=0.013100,slots=n/a
PHASE,converse,streams=4,phase=4,time=0.012842,slots=n/a
PHASE,converse,streams=4,phase=5,time=0.013233,slots=n/a
PHASE,converse,streams=4,phase=6,time=0.013065,slots=n/a
PHASE,converse,streams=4,phase=7,time=0.012866,slots=n/a
DATA,ring,converse,8,-1,4,2000,0.012927,0.1616,n/a
PHASE,converse,streams=8,phase=0,time=0.014602,slots=n/a
PHASE,converse,streams=8,phase=1,time=0.014718,slots=n/a
PHASE,converse,streams=8,phase=2,time=0.014169,slots=n/a
PHASE,converse,streams=8,phase=3,time=0.014034,slots=n/a
PHASE,converse,streams=8,phase=4,time=0.014172,slots=n/a
PHASE,converse,streams=8,phase=5,time=0.013838,slots=n/a
PHASE,converse,streams=8,phase=6,time=0.013780,slots=n/a
PHASE,converse,streams=8,phase=7,time=0.013439,slots=n/a
DATA,ring,converse,8,-1,8,2000,0.014094,0.0979,n/a
PHASE,converse,streams=16,phase=0,time=0.016738,slots=n/a
PHASE,converse,streams=16,phase=1,time=0.016592,slots=n/a
PHASE,converse,streams=16,phase=2,time=0.016394,slots=n/a
PHASE,converse,streams=16,phase=3,time=0.016360,slots=n/a
PHASE,converse,streams=16,phase=4,time=0.016370,slots=n/a
PHASE,converse,streams=16,phase=5,time=0.016378,slots=n/a
PHASE,converse,streams=16,phase=6,time=0.016586,slots=n/a
PHASE,converse,streams=16,phase=7,time=0.016369,slots=n/a
DATA,ring,converse,8,-1,16,2000,0.016473,0.0606,n/a
PHASE,converse,streams=32,phase=0,time=0.032807,slots=n/a
PHASE,converse,streams=32,phase=1,time=0.033172,slots=n/a
PHASE,converse,streams=32,phase=2,time=0.032756,slots=n/a
PHASE,converse,streams=32,phase=3,time=0.033169,slots=n/a
PHASE,converse,streams=32,phase=4,time=0.033014,slots=n/a
PHASE,converse,streams=32,phase=5,time=0.033092,slots=n/a
PHASE,converse,streams=32,phase=6,time=0.033038,slots=n/a
PHASE,converse,streams=32,phase=7,time=0.032863,slots=n/a
DATA,ring,converse,8,-1,32,2000,0.032989,0.0625,n/a
PHASE,converse,streams=64,phase=0,time=0.064313,slots=n/a
PHASE,converse,streams=64,phase=1,time=0.065331,slots=n/a
PHASE,converse,streams=64,phase=2,time=0.064398,slots=n/a
PHASE,converse,streams=64,phase=3,time=0.063351,slots=n/a
PHASE,converse,streams=64,phase=4,time=0.063357,slots=n/a
PHASE,converse,streams=64,phase=5,time=0.063444,slots=n/a
PHASE,converse,streams=64,phase=6,time=0.063329,slots=n/a
PHASE,converse,streams=64,phase=7,time=0.063394,slots=n/a
DATA,ring,converse,8,-1,64,2000,0.063865,0.0614,n/a
[Partition 0][Node 0] End of program
=== ring cfg adaptive pes 4 rep 2 ===
Charm++> Running in SMP mode on 1 nodes and 4 PEs
adapt_ring: layer=reconverse pes=4 adaptive=1 m=2000 phases=8 warmup=3
Format: DATA,ring,{layer},{pes},{adaptive},{streams},{m},{mean phase s},{us per message},{slots}
PHASE,reconverse,streams=0,phase=0,time=0.001262,slots=nodeq=61 threadq=1 nodeprio=1 threadprio=1
PHASE,reconverse,streams=0,phase=1,time=0.001297,slots=nodeq=61 threadq=1 nodeprio=1 threadprio=1
PHASE,reconverse,streams=0,phase=2,time=0.001262,slots=nodeq=61 threadq=1 nodeprio=1 threadprio=1
PHASE,reconverse,streams=0,phase=3,time=0.001298,slots=nodeq=61 threadq=1 nodeprio=1 threadprio=1
PHASE,reconverse,streams=0,phase=4,time=0.001293,slots=nodeq=61 threadq=1 nodeprio=1 threadprio=1
PHASE,reconverse,streams=0,phase=5,time=0.001246,slots=nodeq=61 threadq=1 nodeprio=1 threadprio=1
PHASE,reconverse,streams=0,phase=6,time=0.001250,slots=nodeq=61 threadq=1 nodeprio=1 threadprio=1
PHASE,reconverse,streams=0,phase=7,time=0.001244,slots=nodeq=61 threadq=1 nodeprio=1 threadprio=1
DATA,ring,reconverse,4,1,0,2000,0.001269,0.1586,nodeq=61 threadq=1 nodeprio=1 threadprio=1
PHASE,reconverse,streams=1,phase=0,time=0.001325,slots=nodeq=31 threadq=31 nodeprio=1 threadprio=1
PHASE,reconverse,streams=1,phase=1,time=0.001335,slots=nodeq=31 threadq=31 nodeprio=1 threadprio=1
PHASE,reconverse,streams=1,phase=2,time=0.001312,slots=nodeq=31 threadq=31 nodeprio=1 threadprio=1
PHASE,reconverse,streams=1,phase=3,time=0.001335,slots=nodeq=31 threadq=31 nodeprio=1 threadprio=1
PHASE,reconverse,streams=1,phase=4,time=0.001330,slots=nodeq=31 threadq=31 nodeprio=1 threadprio=1
PHASE,reconverse,streams=1,phase=5,time=0.001324,slots=nodeq=31 threadq=31 nodeprio=1 threadprio=1
PHASE,reconverse,streams=1,phase=6,time=0.001316,slots=nodeq=31 threadq=31 nodeprio=1 threadprio=1
PHASE,reconverse,streams=1,phase=7,time=0.001312,slots=nodeq=31 threadq=31 nodeprio=1 threadprio=1
DATA,ring,reconverse,4,1,1,2000,0.001324,0.0827,nodeq=31 threadq=31 nodeprio=1 threadprio=1
PHASE,reconverse,streams=2,phase=0,time=0.001506,slots=nodeq=1 threadq=61 nodeprio=1 threadprio=1
PHASE,reconverse,streams=2,phase=1,time=0.001510,slots=nodeq=1 threadq=61 nodeprio=1 threadprio=1
PHASE,reconverse,streams=2,phase=2,time=0.001530,slots=nodeq=1 threadq=61 nodeprio=1 threadprio=1
PHASE,reconverse,streams=2,phase=3,time=0.001489,slots=nodeq=1 threadq=61 nodeprio=1 threadprio=1
PHASE,reconverse,streams=2,phase=4,time=0.001502,slots=nodeq=1 threadq=61 nodeprio=1 threadprio=1
PHASE,reconverse,streams=2,phase=5,time=0.001533,slots=nodeq=1 threadq=61 nodeprio=1 threadprio=1
PHASE,reconverse,streams=2,phase=6,time=0.001503,slots=nodeq=1 threadq=61 nodeprio=1 threadprio=1
PHASE,reconverse,streams=2,phase=7,time=0.001510,slots=nodeq=1 threadq=61 nodeprio=1 threadprio=1
DATA,ring,reconverse,4,1,2,2000,0.001510,0.0629,nodeq=1 threadq=61 nodeprio=1 threadprio=1
PHASE,reconverse,streams=4,phase=0,time=0.001996,slots=nodeq=1 threadq=61 nodeprio=1 threadprio=1
PHASE,reconverse,streams=4,phase=1,time=0.001892,slots=nodeq=1 threadq=61 nodeprio=1 threadprio=1
PHASE,reconverse,streams=4,phase=2,time=0.001996,slots=nodeq=1 threadq=61 nodeprio=1 threadprio=1
PHASE,reconverse,streams=4,phase=3,time=0.001882,slots=nodeq=1 threadq=61 nodeprio=1 threadprio=1
PHASE,reconverse,streams=4,phase=4,time=0.001949,slots=nodeq=1 threadq=61 nodeprio=1 threadprio=1
PHASE,reconverse,streams=4,phase=5,time=0.001886,slots=nodeq=1 threadq=61 nodeprio=1 threadprio=1
PHASE,reconverse,streams=4,phase=6,time=0.001957,slots=nodeq=1 threadq=61 nodeprio=1 threadprio=1
PHASE,reconverse,streams=4,phase=7,time=0.001909,slots=nodeq=1 threadq=61 nodeprio=1 threadprio=1
DATA,ring,reconverse,4,1,4,2000,0.001933,0.0483,nodeq=1 threadq=61 nodeprio=1 threadprio=1
PHASE,reconverse,streams=8,phase=0,time=0.002740,slots=nodeq=1 threadq=61 nodeprio=1 threadprio=1
PHASE,reconverse,streams=8,phase=1,time=0.002737,slots=nodeq=1 threadq=61 nodeprio=1 threadprio=1
PHASE,reconverse,streams=8,phase=2,time=0.002730,slots=nodeq=1 threadq=61 nodeprio=1 threadprio=1
PHASE,reconverse,streams=8,phase=3,time=0.002677,slots=nodeq=1 threadq=61 nodeprio=1 threadprio=1
PHASE,reconverse,streams=8,phase=4,time=0.002752,slots=nodeq=1 threadq=61 nodeprio=1 threadprio=1
PHASE,reconverse,streams=8,phase=5,time=0.002677,slots=nodeq=1 threadq=61 nodeprio=1 threadprio=1
PHASE,reconverse,streams=8,phase=6,time=0.002738,slots=nodeq=1 threadq=61 nodeprio=1 threadprio=1
PHASE,reconverse,streams=8,phase=7,time=0.002734,slots=nodeq=1 threadq=61 nodeprio=1 threadprio=1
DATA,ring,reconverse,4,1,8,2000,0.002723,0.0378,nodeq=1 threadq=61 nodeprio=1 threadprio=1
PHASE,reconverse,streams=16,phase=0,time=0.004308,slots=nodeq=1 threadq=61 nodeprio=1 threadprio=1
PHASE,reconverse,streams=16,phase=1,time=0.004248,slots=nodeq=1 threadq=61 nodeprio=1 threadprio=1
PHASE,reconverse,streams=16,phase=2,time=0.004325,slots=nodeq=1 threadq=61 nodeprio=1 threadprio=1
PHASE,reconverse,streams=16,phase=3,time=0.004271,slots=nodeq=1 threadq=61 nodeprio=1 threadprio=1
PHASE,reconverse,streams=16,phase=4,time=0.004279,slots=nodeq=1 threadq=61 nodeprio=1 threadprio=1
PHASE,reconverse,streams=16,phase=5,time=0.004287,slots=nodeq=1 threadq=61 nodeprio=1 threadprio=1
PHASE,reconverse,streams=16,phase=6,time=0.004277,slots=nodeq=1 threadq=61 nodeprio=1 threadprio=1
PHASE,reconverse,streams=16,phase=7,time=0.004319,slots=nodeq=1 threadq=61 nodeprio=1 threadprio=1
DATA,ring,reconverse,4,1,16,2000,0.004289,0.0315,nodeq=1 threadq=61 nodeprio=1 threadprio=1
PHASE,reconverse,streams=32,phase=0,time=0.007347,slots=nodeq=1 threadq=61 nodeprio=1 threadprio=1
PHASE,reconverse,streams=32,phase=1,time=0.007446,slots=nodeq=1 threadq=61 nodeprio=1 threadprio=1
PHASE,reconverse,streams=32,phase=2,time=0.007444,slots=nodeq=1 threadq=61 nodeprio=1 threadprio=1
PHASE,reconverse,streams=32,phase=3,time=0.007430,slots=nodeq=1 threadq=61 nodeprio=1 threadprio=1
PHASE,reconverse,streams=32,phase=4,time=0.007439,slots=nodeq=1 threadq=61 nodeprio=1 threadprio=1
PHASE,reconverse,streams=32,phase=5,time=0.007513,slots=nodeq=1 threadq=61 nodeprio=1 threadprio=1
PHASE,reconverse,streams=32,phase=6,time=0.007488,slots=nodeq=1 threadq=61 nodeprio=1 threadprio=1
PHASE,reconverse,streams=32,phase=7,time=0.007450,slots=nodeq=1 threadq=61 nodeprio=1 threadprio=1
DATA,ring,reconverse,4,1,32,2000,0.007444,0.0282,nodeq=1 threadq=61 nodeprio=1 threadprio=1
PHASE,reconverse,streams=64,phase=0,time=0.013655,slots=nodeq=1 threadq=61 nodeprio=1 threadprio=1
PHASE,reconverse,streams=64,phase=1,time=0.013714,slots=nodeq=1 threadq=61 nodeprio=1 threadprio=1
PHASE,reconverse,streams=64,phase=2,time=0.013684,slots=nodeq=1 threadq=61 nodeprio=1 threadprio=1
PHASE,reconverse,streams=64,phase=3,time=0.013648,slots=nodeq=1 threadq=61 nodeprio=1 threadprio=1
PHASE,reconverse,streams=64,phase=4,time=0.013706,slots=nodeq=1 threadq=61 nodeprio=1 threadprio=1
PHASE,reconverse,streams=64,phase=5,time=0.013670,slots=nodeq=1 threadq=61 nodeprio=1 threadprio=1
PHASE,reconverse,streams=64,phase=6,time=0.013724,slots=nodeq=1 threadq=61 nodeprio=1 threadprio=1
PHASE,reconverse,streams=64,phase=7,time=0.013739,slots=nodeq=1 threadq=61 nodeprio=1 threadprio=1
DATA,ring,reconverse,4,1,64,2000,0.013693,0.0263,nodeq=1 threadq=61 nodeprio=1 threadprio=1
=== ring cfg hitrate pes 4 rep 2 ===
Charm++> Running in SMP mode on 1 nodes and 4 PEs
adapt_ring: layer=reconverse pes=4 adaptive=1 m=2000 phases=8 warmup=3
Format: DATA,ring,{layer},{pes},{adaptive},{streams},{m},{mean phase s},{us per message},{slots}
PHASE,reconverse,streams=0,phase=0,time=0.001124,slots=nodeq=61 threadq=1 nodeprio=1 threadprio=1
PHASE,reconverse,streams=0,phase=1,time=0.001142,slots=nodeq=61 threadq=1 nodeprio=1 threadprio=1
PHASE,reconverse,streams=0,phase=2,time=0.001127,slots=nodeq=61 threadq=1 nodeprio=1 threadprio=1
PHASE,reconverse,streams=0,phase=3,time=0.001131,slots=nodeq=61 threadq=1 nodeprio=1 threadprio=1
PHASE,reconverse,streams=0,phase=4,time=0.001184,slots=nodeq=61 threadq=1 nodeprio=1 threadprio=1
PHASE,reconverse,streams=0,phase=5,time=0.001138,slots=nodeq=61 threadq=1 nodeprio=1 threadprio=1
PHASE,reconverse,streams=0,phase=6,time=0.001213,slots=nodeq=61 threadq=1 nodeprio=1 threadprio=1
PHASE,reconverse,streams=0,phase=7,time=0.001115,slots=nodeq=61 threadq=1 nodeprio=1 threadprio=1
DATA,ring,reconverse,4,1,0,2000,0.001147,0.1434,nodeq=61 threadq=1 nodeprio=1 threadprio=1
PHASE,reconverse,streams=1,phase=0,time=0.001138,slots=nodeq=31 threadq=31 nodeprio=1 threadprio=1
PHASE,reconverse,streams=1,phase=1,time=0.001151,slots=nodeq=31 threadq=31 nodeprio=1 threadprio=1
PHASE,reconverse,streams=1,phase=2,time=0.001114,slots=nodeq=31 threadq=31 nodeprio=1 threadprio=1
PHASE,reconverse,streams=1,phase=3,time=0.001160,slots=nodeq=26 threadq=36 nodeprio=1 threadprio=1
PHASE,reconverse,streams=1,phase=4,time=0.001146,slots=nodeq=31 threadq=31 nodeprio=1 threadprio=1
PHASE,reconverse,streams=1,phase=5,time=0.001162,slots=nodeq=31 threadq=31 nodeprio=1 threadprio=1
PHASE,reconverse,streams=1,phase=6,time=0.001137,slots=nodeq=31 threadq=31 nodeprio=1 threadprio=1
PHASE,reconverse,streams=1,phase=7,time=0.001158,slots=nodeq=31 threadq=31 nodeprio=1 threadprio=1
DATA,ring,reconverse,4,1,1,2000,0.001146,0.0716,nodeq=31 threadq=31 nodeprio=1 threadprio=1
PHASE,reconverse,streams=2,phase=0,time=0.001324,slots=nodeq=1 threadq=61 nodeprio=1 threadprio=1
PHASE,reconverse,streams=2,phase=1,time=0.001325,slots=nodeq=1 threadq=61 nodeprio=1 threadprio=1
PHASE,reconverse,streams=2,phase=2,time=0.001312,slots=nodeq=1 threadq=61 nodeprio=1 threadprio=1
PHASE,reconverse,streams=2,phase=3,time=0.001326,slots=nodeq=1 threadq=61 nodeprio=1 threadprio=1
PHASE,reconverse,streams=2,phase=4,time=0.001344,slots=nodeq=1 threadq=61 nodeprio=1 threadprio=1
PHASE,reconverse,streams=2,phase=5,time=0.001314,slots=nodeq=1 threadq=61 nodeprio=1 threadprio=1
PHASE,reconverse,streams=2,phase=6,time=0.001317,slots=nodeq=1 threadq=61 nodeprio=1 threadprio=1
PHASE,reconverse,streams=2,phase=7,time=0.001332,slots=nodeq=1 threadq=61 nodeprio=1 threadprio=1
DATA,ring,reconverse,4,1,2,2000,0.001324,0.0552,nodeq=1 threadq=61 nodeprio=1 threadprio=1
PHASE,reconverse,streams=4,phase=0,time=0.001868,slots=nodeq=1 threadq=61 nodeprio=1 threadprio=1
PHASE,reconverse,streams=4,phase=1,time=0.001718,slots=nodeq=1 threadq=61 nodeprio=1 threadprio=1
PHASE,reconverse,streams=4,phase=2,time=0.001779,slots=nodeq=1 threadq=61 nodeprio=1 threadprio=1
PHASE,reconverse,streams=4,phase=3,time=0.001719,slots=nodeq=1 threadq=61 nodeprio=1 threadprio=1
PHASE,reconverse,streams=4,phase=4,time=0.001717,slots=nodeq=1 threadq=61 nodeprio=1 threadprio=1
PHASE,reconverse,streams=4,phase=5,time=0.001712,slots=nodeq=1 threadq=61 nodeprio=1 threadprio=1
PHASE,reconverse,streams=4,phase=6,time=0.001719,slots=nodeq=1 threadq=61 nodeprio=1 threadprio=1
PHASE,reconverse,streams=4,phase=7,time=0.001721,slots=nodeq=1 threadq=61 nodeprio=1 threadprio=1
DATA,ring,reconverse,4,1,4,2000,0.001744,0.0436,nodeq=1 threadq=61 nodeprio=1 threadprio=1
PHASE,reconverse,streams=8,phase=0,time=0.002578,slots=nodeq=1 threadq=61 nodeprio=1 threadprio=1
PHASE,reconverse,streams=8,phase=1,time=0.002589,slots=nodeq=1 threadq=61 nodeprio=1 threadprio=1
PHASE,reconverse,streams=8,phase=2,time=0.002574,slots=nodeq=1 threadq=61 nodeprio=1 threadprio=1
PHASE,reconverse,streams=8,phase=3,time=0.002589,slots=nodeq=1 threadq=61 nodeprio=1 threadprio=1
PHASE,reconverse,streams=8,phase=4,time=0.002568,slots=nodeq=1 threadq=61 nodeprio=1 threadprio=1
PHASE,reconverse,streams=8,phase=5,time=0.002657,slots=nodeq=1 threadq=61 nodeprio=1 threadprio=1
PHASE,reconverse,streams=8,phase=6,time=0.002512,slots=nodeq=1 threadq=61 nodeprio=1 threadprio=1
PHASE,reconverse,streams=8,phase=7,time=0.002579,slots=nodeq=1 threadq=61 nodeprio=1 threadprio=1
DATA,ring,reconverse,4,1,8,2000,0.002581,0.0358,nodeq=1 threadq=61 nodeprio=1 threadprio=1
PHASE,reconverse,streams=16,phase=0,time=0.004188,slots=nodeq=1 threadq=61 nodeprio=1 threadprio=1
PHASE,reconverse,streams=16,phase=1,time=0.004163,slots=nodeq=1 threadq=61 nodeprio=1 threadprio=1
PHASE,reconverse,streams=16,phase=2,time=0.004178,slots=nodeq=1 threadq=61 nodeprio=1 threadprio=1
PHASE,reconverse,streams=16,phase=3,time=0.004108,slots=nodeq=1 threadq=61 nodeprio=1 threadprio=1
PHASE,reconverse,streams=16,phase=4,time=0.004117,slots=nodeq=1 threadq=61 nodeprio=1 threadprio=1
PHASE,reconverse,streams=16,phase=5,time=0.004128,slots=nodeq=1 threadq=61 nodeprio=1 threadprio=1
PHASE,reconverse,streams=16,phase=6,time=0.004027,slots=nodeq=1 threadq=61 nodeprio=1 threadprio=1
PHASE,reconverse,streams=16,phase=7,time=0.004116,slots=nodeq=1 threadq=61 nodeprio=1 threadprio=1
DATA,ring,reconverse,4,1,16,2000,0.004128,0.0304,nodeq=1 threadq=61 nodeprio=1 threadprio=1
PHASE,reconverse,streams=32,phase=0,time=0.007252,slots=nodeq=1 threadq=61 nodeprio=1 threadprio=1
PHASE,reconverse,streams=32,phase=1,time=0.007234,slots=nodeq=1 threadq=61 nodeprio=1 threadprio=1
PHASE,reconverse,streams=32,phase=2,time=0.007201,slots=nodeq=1 threadq=61 nodeprio=1 threadprio=1
PHASE,reconverse,streams=32,phase=3,time=0.007258,slots=nodeq=1 threadq=61 nodeprio=1 threadprio=1
PHASE,reconverse,streams=32,phase=4,time=0.007269,slots=nodeq=1 threadq=61 nodeprio=1 threadprio=1
PHASE,reconverse,streams=32,phase=5,time=0.007229,slots=nodeq=1 threadq=61 nodeprio=1 threadprio=1
PHASE,reconverse,streams=32,phase=6,time=0.007319,slots=nodeq=1 threadq=61 nodeprio=1 threadprio=1
PHASE,reconverse,streams=32,phase=7,time=0.007341,slots=nodeq=1 threadq=61 nodeprio=1 threadprio=1
DATA,ring,reconverse,4,1,32,2000,0.007263,0.0275,nodeq=1 threadq=61 nodeprio=1 threadprio=1
PHASE,reconverse,streams=64,phase=0,time=0.013812,slots=nodeq=1 threadq=61 nodeprio=1 threadprio=1
PHASE,reconverse,streams=64,phase=1,time=0.013702,slots=nodeq=1 threadq=61 nodeprio=1 threadprio=1
PHASE,reconverse,streams=64,phase=2,time=0.013766,slots=nodeq=1 threadq=61 nodeprio=1 threadprio=1
PHASE,reconverse,streams=64,phase=3,time=0.013745,slots=nodeq=1 threadq=61 nodeprio=1 threadprio=1
PHASE,reconverse,streams=64,phase=4,time=0.013737,slots=nodeq=1 threadq=61 nodeprio=1 threadprio=1
PHASE,reconverse,streams=64,phase=5,time=0.013770,slots=nodeq=1 threadq=61 nodeprio=1 threadprio=1
PHASE,reconverse,streams=64,phase=6,time=0.013785,slots=nodeq=1 threadq=61 nodeprio=1 threadprio=1
PHASE,reconverse,streams=64,phase=7,time=0.013777,slots=nodeq=1 threadq=61 nodeprio=1 threadprio=1
DATA,ring,reconverse,4,1,64,2000,0.013762,0.0265,nodeq=1 threadq=61 nodeprio=1 threadprio=1
=== ring cfg static pes 4 rep 2 ===
Charm++> Running in SMP mode on 1 nodes and 4 PEs
adapt_ring: layer=reconverse pes=4 adaptive=0 m=2000 phases=8 warmup=3
Format: DATA,ring,{layer},{pes},{adaptive},{streams},{m},{mean phase s},{us per message},{slots}
PHASE,reconverse,streams=0,phase=0,time=0.001296,slots=nodeq=3 threadq=29 nodeprio=3 threadprio=29
PHASE,reconverse,streams=0,phase=1,time=0.001309,slots=nodeq=3 threadq=29 nodeprio=3 threadprio=29
PHASE,reconverse,streams=0,phase=2,time=0.001297,slots=nodeq=3 threadq=29 nodeprio=3 threadprio=29
PHASE,reconverse,streams=0,phase=3,time=0.001308,slots=nodeq=3 threadq=29 nodeprio=3 threadprio=29
PHASE,reconverse,streams=0,phase=4,time=0.001275,slots=nodeq=3 threadq=29 nodeprio=3 threadprio=29
PHASE,reconverse,streams=0,phase=5,time=0.001287,slots=nodeq=3 threadq=29 nodeprio=3 threadprio=29
PHASE,reconverse,streams=0,phase=6,time=0.001306,slots=nodeq=3 threadq=29 nodeprio=3 threadprio=29
PHASE,reconverse,streams=0,phase=7,time=0.001278,slots=nodeq=3 threadq=29 nodeprio=3 threadprio=29
DATA,ring,reconverse,4,0,0,2000,0.001294,0.1618,nodeq=3 threadq=29 nodeprio=3 threadprio=29
PHASE,reconverse,streams=1,phase=0,time=0.001418,slots=nodeq=3 threadq=29 nodeprio=3 threadprio=29
PHASE,reconverse,streams=1,phase=1,time=0.001428,slots=nodeq=3 threadq=29 nodeprio=3 threadprio=29
PHASE,reconverse,streams=1,phase=2,time=0.001430,slots=nodeq=3 threadq=29 nodeprio=3 threadprio=29
PHASE,reconverse,streams=1,phase=3,time=0.001416,slots=nodeq=3 threadq=29 nodeprio=3 threadprio=29
PHASE,reconverse,streams=1,phase=4,time=0.001424,slots=nodeq=3 threadq=29 nodeprio=3 threadprio=29
PHASE,reconverse,streams=1,phase=5,time=0.001441,slots=nodeq=3 threadq=29 nodeprio=3 threadprio=29
PHASE,reconverse,streams=1,phase=6,time=0.001409,slots=nodeq=3 threadq=29 nodeprio=3 threadprio=29
PHASE,reconverse,streams=1,phase=7,time=0.001436,slots=nodeq=3 threadq=29 nodeprio=3 threadprio=29
DATA,ring,reconverse,4,0,1,2000,0.001425,0.0891,nodeq=3 threadq=29 nodeprio=3 threadprio=29
PHASE,reconverse,streams=2,phase=0,time=0.001534,slots=nodeq=3 threadq=29 nodeprio=3 threadprio=29
PHASE,reconverse,streams=2,phase=1,time=0.001529,slots=nodeq=3 threadq=29 nodeprio=3 threadprio=29
PHASE,reconverse,streams=2,phase=2,time=0.001512,slots=nodeq=3 threadq=29 nodeprio=3 threadprio=29
PHASE,reconverse,streams=2,phase=3,time=0.001553,slots=nodeq=3 threadq=29 nodeprio=3 threadprio=29
PHASE,reconverse,streams=2,phase=4,time=0.001557,slots=nodeq=3 threadq=29 nodeprio=3 threadprio=29
PHASE,reconverse,streams=2,phase=5,time=0.001547,slots=nodeq=3 threadq=29 nodeprio=3 threadprio=29
PHASE,reconverse,streams=2,phase=6,time=0.001530,slots=nodeq=3 threadq=29 nodeprio=3 threadprio=29
PHASE,reconverse,streams=2,phase=7,time=0.001537,slots=nodeq=3 threadq=29 nodeprio=3 threadprio=29
DATA,ring,reconverse,4,0,2,2000,0.001537,0.0641,nodeq=3 threadq=29 nodeprio=3 threadprio=29
PHASE,reconverse,streams=4,phase=0,time=0.001807,slots=nodeq=3 threadq=29 nodeprio=3 threadprio=29
PHASE,reconverse,streams=4,phase=1,time=0.001765,slots=nodeq=3 threadq=29 nodeprio=3 threadprio=29
PHASE,reconverse,streams=4,phase=2,time=0.001772,slots=nodeq=3 threadq=29 nodeprio=3 threadprio=29
PHASE,reconverse,streams=4,phase=3,time=0.001759,slots=nodeq=3 threadq=29 nodeprio=3 threadprio=29
PHASE,reconverse,streams=4,phase=4,time=0.001767,slots=nodeq=3 threadq=29 nodeprio=3 threadprio=29
PHASE,reconverse,streams=4,phase=5,time=0.001775,slots=nodeq=3 threadq=29 nodeprio=3 threadprio=29
PHASE,reconverse,streams=4,phase=6,time=0.001760,slots=nodeq=3 threadq=29 nodeprio=3 threadprio=29
PHASE,reconverse,streams=4,phase=7,time=0.001765,slots=nodeq=3 threadq=29 nodeprio=3 threadprio=29
DATA,ring,reconverse,4,0,4,2000,0.001771,0.0443,nodeq=3 threadq=29 nodeprio=3 threadprio=29
PHASE,reconverse,streams=8,phase=0,time=0.002280,slots=nodeq=3 threadq=29 nodeprio=3 threadprio=29
PHASE,reconverse,streams=8,phase=1,time=0.002264,slots=nodeq=3 threadq=29 nodeprio=3 threadprio=29
PHASE,reconverse,streams=8,phase=2,time=0.002255,slots=nodeq=3 threadq=29 nodeprio=3 threadprio=29
PHASE,reconverse,streams=8,phase=3,time=0.002268,slots=nodeq=3 threadq=29 nodeprio=3 threadprio=29
PHASE,reconverse,streams=8,phase=4,time=0.002268,slots=nodeq=3 threadq=29 nodeprio=3 threadprio=29
PHASE,reconverse,streams=8,phase=5,time=0.002252,slots=nodeq=3 threadq=29 nodeprio=3 threadprio=29
PHASE,reconverse,streams=8,phase=6,time=0.002307,slots=nodeq=3 threadq=29 nodeprio=3 threadprio=29
PHASE,reconverse,streams=8,phase=7,time=0.002305,slots=nodeq=3 threadq=29 nodeprio=3 threadprio=29
DATA,ring,reconverse,4,0,8,2000,0.002275,0.0316,nodeq=3 threadq=29 nodeprio=3 threadprio=29
PHASE,reconverse,streams=16,phase=0,time=0.003972,slots=nodeq=3 threadq=29 nodeprio=3 threadprio=29
PHASE,reconverse,streams=16,phase=1,time=0.003982,slots=nodeq=3 threadq=29 nodeprio=3 threadprio=29
PHASE,reconverse,streams=16,phase=2,time=0.003967,slots=nodeq=3 threadq=29 nodeprio=3 threadprio=29
PHASE,reconverse,streams=16,phase=3,time=0.003978,slots=nodeq=3 threadq=29 nodeprio=3 threadprio=29
PHASE,reconverse,streams=16,phase=4,time=0.003964,slots=nodeq=3 threadq=29 nodeprio=3 threadprio=29
PHASE,reconverse,streams=16,phase=5,time=0.003978,slots=nodeq=3 threadq=29 nodeprio=3 threadprio=29
PHASE,reconverse,streams=16,phase=6,time=0.003994,slots=nodeq=3 threadq=29 nodeprio=3 threadprio=29
PHASE,reconverse,streams=16,phase=7,time=0.004001,slots=nodeq=3 threadq=29 nodeprio=3 threadprio=29
DATA,ring,reconverse,4,0,16,2000,0.003980,0.0293,nodeq=3 threadq=29 nodeprio=3 threadprio=29
PHASE,reconverse,streams=32,phase=0,time=0.007366,slots=nodeq=3 threadq=29 nodeprio=3 threadprio=29
PHASE,reconverse,streams=32,phase=1,time=0.007338,slots=nodeq=3 threadq=29 nodeprio=3 threadprio=29
PHASE,reconverse,streams=32,phase=2,time=0.007370,slots=nodeq=3 threadq=29 nodeprio=3 threadprio=29
PHASE,reconverse,streams=32,phase=3,time=0.007382,slots=nodeq=3 threadq=29 nodeprio=3 threadprio=29
PHASE,reconverse,streams=32,phase=4,time=0.007359,slots=nodeq=3 threadq=29 nodeprio=3 threadprio=29
PHASE,reconverse,streams=32,phase=5,time=0.007336,slots=nodeq=3 threadq=29 nodeprio=3 threadprio=29
PHASE,reconverse,streams=32,phase=6,time=0.007364,slots=nodeq=3 threadq=29 nodeprio=3 threadprio=29
PHASE,reconverse,streams=32,phase=7,time=0.007363,slots=nodeq=3 threadq=29 nodeprio=3 threadprio=29
DATA,ring,reconverse,4,0,32,2000,0.007360,0.0279,nodeq=3 threadq=29 nodeprio=3 threadprio=29
PHASE,reconverse,streams=64,phase=0,time=0.014122,slots=nodeq=3 threadq=29 nodeprio=3 threadprio=29
PHASE,reconverse,streams=64,phase=1,time=0.014148,slots=nodeq=3 threadq=29 nodeprio=3 threadprio=29
PHASE,reconverse,streams=64,phase=2,time=0.014184,slots=nodeq=3 threadq=29 nodeprio=3 threadprio=29
PHASE,reconverse,streams=64,phase=3,time=0.014202,slots=nodeq=3 threadq=29 nodeprio=3 threadprio=29
PHASE,reconverse,streams=64,phase=4,time=0.014182,slots=nodeq=3 threadq=29 nodeprio=3 threadprio=29
PHASE,reconverse,streams=64,phase=5,time=0.014146,slots=nodeq=3 threadq=29 nodeprio=3 threadprio=29
PHASE,reconverse,streams=64,phase=6,time=0.014134,slots=nodeq=3 threadq=29 nodeprio=3 threadprio=29
PHASE,reconverse,streams=64,phase=7,time=0.014184,slots=nodeq=3 threadq=29 nodeprio=3 threadprio=29
DATA,ring,reconverse,4,0,64,2000,0.014163,0.0272,nodeq=3 threadq=29 nodeprio=3 threadprio=29
=== ring cfg converse pes 4 rep 2 ===
Charm++> Running on MPI library: MPI VERSION    : CRAY MPICH version 8.1.32.110 (ANL base 3.4a2)
MPI BUILD INFO : Thu Feb 06 22:53 2025 (git hash f9c5634)
 (MPI standard: 3.1)
Charm++> Level of thread support used: MPI_THREAD_FUNNELED (desired: MPI_THREAD_FUNNELED)
Charm++> Running in SMP mode: 1 processes, 4 worker threads (PEs) + 1 comm threads per process, 4 PEs total
Charm++> The comm. thread both sends and receives messages
Converse/Charm++ Commit ID: v8.0.1-devel-36-g3c3086b33
adapt_ring: layer=converse pes=4 adaptive=-1 m=2000 phases=8 warmup=3
Format: DATA,ring,{layer},{pes},{adaptive},{streams},{m},{mean phase s},{us per message},{slots}
PHASE,converse,streams=0,phase=0,time=0.002622,slots=n/a
PHASE,converse,streams=0,phase=1,time=0.002852,slots=n/a
PHASE,converse,streams=0,phase=2,time=0.002738,slots=n/a
PHASE,converse,streams=0,phase=3,time=0.002657,slots=n/a
PHASE,converse,streams=0,phase=4,time=0.002809,slots=n/a
PHASE,converse,streams=0,phase=5,time=0.002791,slots=n/a
PHASE,converse,streams=0,phase=6,time=0.002895,slots=n/a
PHASE,converse,streams=0,phase=7,time=0.002719,slots=n/a
DATA,ring,converse,4,-1,0,2000,0.002760,0.3450,n/a
PHASE,converse,streams=1,phase=0,time=0.002963,slots=n/a
PHASE,converse,streams=1,phase=1,time=0.003125,slots=n/a
PHASE,converse,streams=1,phase=2,time=0.002889,slots=n/a
PHASE,converse,streams=1,phase=3,time=0.003008,slots=n/a
PHASE,converse,streams=1,phase=4,time=0.003208,slots=n/a
PHASE,converse,streams=1,phase=5,time=0.003022,slots=n/a
PHASE,converse,streams=1,phase=6,time=0.003069,slots=n/a
PHASE,converse,streams=1,phase=7,time=0.003027,slots=n/a
DATA,ring,converse,4,-1,1,2000,0.003039,0.1899,n/a
PHASE,converse,streams=2,phase=0,time=0.003369,slots=n/a
PHASE,converse,streams=2,phase=1,time=0.003494,slots=n/a
PHASE,converse,streams=2,phase=2,time=0.003513,slots=n/a
PHASE,converse,streams=2,phase=3,time=0.003333,slots=n/a
PHASE,converse,streams=2,phase=4,time=0.003475,slots=n/a
PHASE,converse,streams=2,phase=5,time=0.003479,slots=n/a
PHASE,converse,streams=2,phase=6,time=0.003525,slots=n/a
PHASE,converse,streams=2,phase=7,time=0.003576,slots=n/a
DATA,ring,converse,4,-1,2,2000,0.003470,0.1446,n/a
PHASE,converse,streams=4,phase=0,time=0.004089,slots=n/a
PHASE,converse,streams=4,phase=1,time=0.004149,slots=n/a
PHASE,converse,streams=4,phase=2,time=0.004201,slots=n/a
PHASE,converse,streams=4,phase=3,time=0.004475,slots=n/a
PHASE,converse,streams=4,phase=4,time=0.004253,slots=n/a
PHASE,converse,streams=4,phase=5,time=0.004088,slots=n/a
PHASE,converse,streams=4,phase=6,time=0.003888,slots=n/a
PHASE,converse,streams=4,phase=7,time=0.003960,slots=n/a
DATA,ring,converse,4,-1,4,2000,0.004138,0.1034,n/a
PHASE,converse,streams=8,phase=0,time=0.005175,slots=n/a
PHASE,converse,streams=8,phase=1,time=0.005131,slots=n/a
PHASE,converse,streams=8,phase=2,time=0.005125,slots=n/a
PHASE,converse,streams=8,phase=3,time=0.005188,slots=n/a
PHASE,converse,streams=8,phase=4,time=0.005071,slots=n/a
PHASE,converse,streams=8,phase=5,time=0.005063,slots=n/a
PHASE,converse,streams=8,phase=6,time=0.005185,slots=n/a
PHASE,converse,streams=8,phase=7,time=0.005080,slots=n/a
DATA,ring,converse,4,-1,8,2000,0.005127,0.0712,n/a
PHASE,converse,streams=16,phase=0,time=0.007480,slots=n/a
PHASE,converse,streams=16,phase=1,time=0.007441,slots=n/a
PHASE,converse,streams=16,phase=2,time=0.007329,slots=n/a
PHASE,converse,streams=16,phase=3,time=0.007295,slots=n/a
PHASE,converse,streams=16,phase=4,time=0.007223,slots=n/a
PHASE,converse,streams=16,phase=5,time=0.007406,slots=n/a
PHASE,converse,streams=16,phase=6,time=0.007255,slots=n/a
PHASE,converse,streams=16,phase=7,time=0.007450,slots=n/a
DATA,ring,converse,4,-1,16,2000,0.007360,0.0541,n/a
PHASE,converse,streams=32,phase=0,time=0.011887,slots=n/a
PHASE,converse,streams=32,phase=1,time=0.011843,slots=n/a
PHASE,converse,streams=32,phase=2,time=0.011776,slots=n/a
PHASE,converse,streams=32,phase=3,time=0.011714,slots=n/a
PHASE,converse,streams=32,phase=4,time=0.011682,slots=n/a
PHASE,converse,streams=32,phase=5,time=0.011850,slots=n/a
PHASE,converse,streams=32,phase=6,time=0.011724,slots=n/a
PHASE,converse,streams=32,phase=7,time=0.011816,slots=n/a
DATA,ring,converse,4,-1,32,2000,0.011787,0.0446,n/a
PHASE,converse,streams=64,phase=0,time=0.020574,slots=n/a
PHASE,converse,streams=64,phase=1,time=0.020652,slots=n/a
PHASE,converse,streams=64,phase=2,time=0.020637,slots=n/a
PHASE,converse,streams=64,phase=3,time=0.020607,slots=n/a
PHASE,converse,streams=64,phase=4,time=0.020612,slots=n/a
PHASE,converse,streams=64,phase=5,time=0.020629,slots=n/a
PHASE,converse,streams=64,phase=6,time=0.020672,slots=n/a
PHASE,converse,streams=64,phase=7,time=0.020671,slots=n/a
DATA,ring,converse,4,-1,64,2000,0.020632,0.0397,n/a
[Partition 0][Node 0] End of program
=== ring cfg adaptive pes 8 rep 2 ===
Charm++> Running in SMP mode on 1 nodes and 8 PEs
adapt_ring: layer=reconverse pes=8 adaptive=1 m=2000 phases=8 warmup=3
Format: DATA,ring,{layer},{pes},{adaptive},{streams},{m},{mean phase s},{us per message},{slots}
PHASE,reconverse,streams=0,phase=0,time=0.006263,slots=nodeq=61 threadq=1 nodeprio=1 threadprio=1
PHASE,reconverse,streams=0,phase=1,time=0.006177,slots=nodeq=61 threadq=1 nodeprio=1 threadprio=1
PHASE,reconverse,streams=0,phase=2,time=0.005976,slots=nodeq=61 threadq=1 nodeprio=1 threadprio=1
PHASE,reconverse,streams=0,phase=3,time=0.006229,slots=nodeq=61 threadq=1 nodeprio=1 threadprio=1
PHASE,reconverse,streams=0,phase=4,time=0.006114,slots=nodeq=61 threadq=1 nodeprio=1 threadprio=1
PHASE,reconverse,streams=0,phase=5,time=0.005934,slots=nodeq=61 threadq=1 nodeprio=1 threadprio=1
PHASE,reconverse,streams=0,phase=6,time=0.006176,slots=nodeq=61 threadq=1 nodeprio=1 threadprio=1
PHASE,reconverse,streams=0,phase=7,time=0.005963,slots=nodeq=61 threadq=1 nodeprio=1 threadprio=1
DATA,ring,reconverse,8,1,0,2000,0.006104,0.3815,nodeq=61 threadq=1 nodeprio=1 threadprio=1
PHASE,reconverse,streams=1,phase=0,time=0.006134,slots=nodeq=33 threadq=29 nodeprio=1 threadprio=1
PHASE,reconverse,streams=1,phase=1,time=0.006132,slots=nodeq=31 threadq=31 nodeprio=1 threadprio=1
PHASE,reconverse,streams=1,phase=2,time=0.006101,slots=nodeq=33 threadq=29 nodeprio=1 threadprio=1
PHASE,reconverse,streams=1,phase=3,time=0.006161,slots=nodeq=31 threadq=31 nodeprio=1 threadprio=1
PHASE,reconverse,streams=1,phase=4,time=0.006078,slots=nodeq=34 threadq=28 nodeprio=1 threadprio=1
PHASE,reconverse,streams=1,phase=5,time=0.006103,slots=nodeq=31 threadq=31 nodeprio=1 threadprio=1
PHASE,reconverse,streams=1,phase=6,time=0.006130,slots=nodeq=31 threadq=31 nodeprio=1 threadprio=1
PHASE,reconverse,streams=1,phase=7,time=0.006191,slots=nodeq=31 threadq=31 nodeprio=1 threadprio=1
DATA,ring,reconverse,8,1,1,2000,0.006129,0.1915,nodeq=31 threadq=31 nodeprio=1 threadprio=1
PHASE,reconverse,streams=2,phase=0,time=0.006773,slots=nodeq=1 threadq=61 nodeprio=1 threadprio=1
PHASE,reconverse,streams=2,phase=1,time=0.006621,slots=nodeq=1 threadq=61 nodeprio=1 threadprio=1
PHASE,reconverse,streams=2,phase=2,time=0.006587,slots=nodeq=1 threadq=61 nodeprio=1 threadprio=1
PHASE,reconverse,streams=2,phase=3,time=0.006677,slots=nodeq=1 threadq=61 nodeprio=1 threadprio=1
PHASE,reconverse,streams=2,phase=4,time=0.006893,slots=nodeq=1 threadq=61 nodeprio=1 threadprio=1
PHASE,reconverse,streams=2,phase=5,time=0.006624,slots=nodeq=1 threadq=61 nodeprio=1 threadprio=1
PHASE,reconverse,streams=2,phase=6,time=0.006747,slots=nodeq=1 threadq=61 nodeprio=1 threadprio=1
PHASE,reconverse,streams=2,phase=7,time=0.006710,slots=nodeq=1 threadq=61 nodeprio=1 threadprio=1
DATA,ring,reconverse,8,1,2,2000,0.006704,0.1397,nodeq=1 threadq=61 nodeprio=1 threadprio=1
PHASE,reconverse,streams=4,phase=0,time=0.007172,slots=nodeq=1 threadq=61 nodeprio=1 threadprio=1
PHASE,reconverse,streams=4,phase=1,time=0.007199,slots=nodeq=1 threadq=61 nodeprio=1 threadprio=1
PHASE,reconverse,streams=4,phase=2,time=0.007679,slots=nodeq=1 threadq=61 nodeprio=1 threadprio=1
PHASE,reconverse,streams=4,phase=3,time=0.007324,slots=nodeq=1 threadq=61 nodeprio=1 threadprio=1
PHASE,reconverse,streams=4,phase=4,time=0.007201,slots=nodeq=1 threadq=61 nodeprio=1 threadprio=1
PHASE,reconverse,streams=4,phase=5,time=0.007199,slots=nodeq=1 threadq=61 nodeprio=1 threadprio=1
PHASE,reconverse,streams=4,phase=6,time=0.007271,slots=nodeq=1 threadq=61 nodeprio=1 threadprio=1
PHASE,reconverse,streams=4,phase=7,time=0.007474,slots=nodeq=1 threadq=61 nodeprio=1 threadprio=1
DATA,ring,reconverse,8,1,4,2000,0.007315,0.0914,nodeq=1 threadq=61 nodeprio=1 threadprio=1
PHASE,reconverse,streams=8,phase=0,time=0.008311,slots=nodeq=1 threadq=61 nodeprio=1 threadprio=1
PHASE,reconverse,streams=8,phase=1,time=0.008400,slots=nodeq=1 threadq=61 nodeprio=1 threadprio=1
PHASE,reconverse,streams=8,phase=2,time=0.008376,slots=nodeq=1 threadq=61 nodeprio=1 threadprio=1
PHASE,reconverse,streams=8,phase=3,time=0.008591,slots=nodeq=1 threadq=61 nodeprio=1 threadprio=1
PHASE,reconverse,streams=8,phase=4,time=0.008472,slots=nodeq=1 threadq=61 nodeprio=1 threadprio=1
PHASE,reconverse,streams=8,phase=5,time=0.008820,slots=nodeq=1 threadq=61 nodeprio=1 threadprio=1
PHASE,reconverse,streams=8,phase=6,time=0.008445,slots=nodeq=1 threadq=61 nodeprio=1 threadprio=1
PHASE,reconverse,streams=8,phase=7,time=0.008403,slots=nodeq=1 threadq=61 nodeprio=1 threadprio=1
DATA,ring,reconverse,8,1,8,2000,0.008477,0.0589,nodeq=1 threadq=61 nodeprio=1 threadprio=1
PHASE,reconverse,streams=16,phase=0,time=0.010941,slots=nodeq=1 threadq=61 nodeprio=1 threadprio=1
PHASE,reconverse,streams=16,phase=1,time=0.010961,slots=nodeq=1 threadq=61 nodeprio=1 threadprio=1
PHASE,reconverse,streams=16,phase=2,time=0.011005,slots=nodeq=1 threadq=61 nodeprio=1 threadprio=1
PHASE,reconverse,streams=16,phase=3,time=0.011097,slots=nodeq=1 threadq=61 nodeprio=1 threadprio=1
PHASE,reconverse,streams=16,phase=4,time=0.011014,slots=nodeq=1 threadq=61 nodeprio=1 threadprio=1
PHASE,reconverse,streams=16,phase=5,time=0.010999,slots=nodeq=1 threadq=61 nodeprio=1 threadprio=1
PHASE,reconverse,streams=16,phase=6,time=0.010996,slots=nodeq=1 threadq=61 nodeprio=1 threadprio=1
PHASE,reconverse,streams=16,phase=7,time=0.011061,slots=nodeq=1 threadq=61 nodeprio=1 threadprio=1
DATA,ring,reconverse,8,1,16,2000,0.011009,0.0405,nodeq=1 threadq=61 nodeprio=1 threadprio=1
PHASE,reconverse,streams=32,phase=0,time=0.016031,slots=nodeq=1 threadq=61 nodeprio=1 threadprio=1
PHASE,reconverse,streams=32,phase=1,time=0.016039,slots=nodeq=1 threadq=61 nodeprio=1 threadprio=1
PHASE,reconverse,streams=32,phase=2,time=0.016138,slots=nodeq=1 threadq=61 nodeprio=1 threadprio=1
PHASE,reconverse,streams=32,phase=3,time=0.016096,slots=nodeq=1 threadq=61 nodeprio=1 threadprio=1
PHASE,reconverse,streams=32,phase=4,time=0.016057,slots=nodeq=1 threadq=61 nodeprio=1 threadprio=1
PHASE,reconverse,streams=32,phase=5,time=0.016127,slots=nodeq=1 threadq=61 nodeprio=1 threadprio=1
PHASE,reconverse,streams=32,phase=6,time=0.016159,slots=nodeq=1 threadq=61 nodeprio=1 threadprio=1
PHASE,reconverse,streams=32,phase=7,time=0.016047,slots=nodeq=1 threadq=61 nodeprio=1 threadprio=1
DATA,ring,reconverse,8,1,32,2000,0.016087,0.0305,nodeq=1 threadq=61 nodeprio=1 threadprio=1
PHASE,reconverse,streams=64,phase=0,time=0.026657,slots=nodeq=1 threadq=61 nodeprio=1 threadprio=1
PHASE,reconverse,streams=64,phase=1,time=0.026188,slots=nodeq=1 threadq=61 nodeprio=1 threadprio=1
PHASE,reconverse,streams=64,phase=2,time=0.026115,slots=nodeq=1 threadq=61 nodeprio=1 threadprio=1
PHASE,reconverse,streams=64,phase=3,time=0.026122,slots=nodeq=1 threadq=61 nodeprio=1 threadprio=1
PHASE,reconverse,streams=64,phase=4,time=0.026335,slots=nodeq=1 threadq=61 nodeprio=1 threadprio=1
PHASE,reconverse,streams=64,phase=5,time=0.026289,slots=nodeq=1 threadq=61 nodeprio=1 threadprio=1
PHASE,reconverse,streams=64,phase=6,time=0.026264,slots=nodeq=1 threadq=61 nodeprio=1 threadprio=1
PHASE,reconverse,streams=64,phase=7,time=0.026481,slots=nodeq=1 threadq=61 nodeprio=1 threadprio=1
DATA,ring,reconverse,8,1,64,2000,0.026306,0.0253,nodeq=1 threadq=61 nodeprio=1 threadprio=1
=== ring cfg hitrate pes 8 rep 2 ===
Charm++> Running in SMP mode on 1 nodes and 8 PEs
adapt_ring: layer=reconverse pes=8 adaptive=1 m=2000 phases=8 warmup=3
Format: DATA,ring,{layer},{pes},{adaptive},{streams},{m},{mean phase s},{us per message},{slots}
PHASE,reconverse,streams=0,phase=0,time=0.006217,slots=nodeq=61 threadq=1 nodeprio=1 threadprio=1
PHASE,reconverse,streams=0,phase=1,time=0.006546,slots=nodeq=61 threadq=1 nodeprio=1 threadprio=1
PHASE,reconverse,streams=0,phase=2,time=0.006350,slots=nodeq=61 threadq=1 nodeprio=1 threadprio=1
PHASE,reconverse,streams=0,phase=3,time=0.006202,slots=nodeq=61 threadq=1 nodeprio=1 threadprio=1
PHASE,reconverse,streams=0,phase=4,time=0.006373,slots=nodeq=61 threadq=1 nodeprio=1 threadprio=1
PHASE,reconverse,streams=0,phase=5,time=0.006267,slots=nodeq=61 threadq=1 nodeprio=1 threadprio=1
PHASE,reconverse,streams=0,phase=6,time=0.006217,slots=nodeq=61 threadq=1 nodeprio=1 threadprio=1
PHASE,reconverse,streams=0,phase=7,time=0.006356,slots=nodeq=61 threadq=1 nodeprio=1 threadprio=1
DATA,ring,reconverse,8,1,0,2000,0.006316,0.3948,nodeq=61 threadq=1 nodeprio=1 threadprio=1
PHASE,reconverse,streams=1,phase=0,time=0.006210,slots=nodeq=31 threadq=31 nodeprio=1 threadprio=1
PHASE,reconverse,streams=1,phase=1,time=0.006325,slots=nodeq=29 threadq=33 nodeprio=1 threadprio=1
PHASE,reconverse,streams=1,phase=2,time=0.006186,slots=nodeq=31 threadq=31 nodeprio=1 threadprio=1
PHASE,reconverse,streams=1,phase=3,time=0.006250,slots=nodeq=28 threadq=34 nodeprio=1 threadprio=1
PHASE,reconverse,streams=1,phase=4,time=0.006289,slots=nodeq=31 threadq=31 nodeprio=1 threadprio=1
PHASE,reconverse,streams=1,phase=5,time=0.006263,slots=nodeq=27 threadq=35 nodeprio=1 threadprio=1
PHASE,reconverse,streams=1,phase=6,time=0.006233,slots=nodeq=31 threadq=31 nodeprio=1 threadprio=1
PHASE,reconverse,streams=1,phase=7,time=0.006258,slots=nodeq=31 threadq=31 nodeprio=1 threadprio=1
DATA,ring,reconverse,8,1,1,2000,0.006252,0.1954,nodeq=31 threadq=31 nodeprio=1 threadprio=1
PHASE,reconverse,streams=2,phase=0,time=0.006748,slots=nodeq=1 threadq=61 nodeprio=1 threadprio=1
PHASE,reconverse,streams=2,phase=1,time=0.006734,slots=nodeq=1 threadq=61 nodeprio=1 threadprio=1
PHASE,reconverse,streams=2,phase=2,time=0.006765,slots=nodeq=1 threadq=61 nodeprio=1 threadprio=1
PHASE,reconverse,streams=2,phase=3,time=0.006655,slots=nodeq=1 threadq=61 nodeprio=1 threadprio=1
PHASE,reconverse,streams=2,phase=4,time=0.007007,slots=nodeq=1 threadq=61 nodeprio=1 threadprio=1
PHASE,reconverse,streams=2,phase=5,time=0.006635,slots=nodeq=1 threadq=61 nodeprio=1 threadprio=1
PHASE,reconverse,streams=2,phase=6,time=0.006771,slots=nodeq=1 threadq=61 nodeprio=1 threadprio=1
PHASE,reconverse,streams=2,phase=7,time=0.006713,slots=nodeq=1 threadq=61 nodeprio=1 threadprio=1
DATA,ring,reconverse,8,1,2,2000,0.006753,0.1407,nodeq=1 threadq=61 nodeprio=1 threadprio=1
PHASE,reconverse,streams=4,phase=0,time=0.007181,slots=nodeq=1 threadq=61 nodeprio=1 threadprio=1
PHASE,reconverse,streams=4,phase=1,time=0.007256,slots=nodeq=1 threadq=61 nodeprio=1 threadprio=1
PHASE,reconverse,streams=4,phase=2,time=0.007392,slots=nodeq=1 threadq=61 nodeprio=1 threadprio=1
PHASE,reconverse,streams=4,phase=3,time=0.007182,slots=nodeq=1 threadq=61 nodeprio=1 threadprio=1
PHASE,reconverse,streams=4,phase=4,time=0.007499,slots=nodeq=1 threadq=61 nodeprio=1 threadprio=1
PHASE,reconverse,streams=4,phase=5,time=0.007255,slots=nodeq=1 threadq=61 nodeprio=1 threadprio=1
PHASE,reconverse,streams=4,phase=6,time=0.007221,slots=nodeq=1 threadq=61 nodeprio=1 threadprio=1
PHASE,reconverse,streams=4,phase=7,time=0.007497,slots=nodeq=1 threadq=61 nodeprio=1 threadprio=1
DATA,ring,reconverse,8,1,4,2000,0.007310,0.0914,nodeq=1 threadq=61 nodeprio=1 threadprio=1
PHASE,reconverse,streams=8,phase=0,time=0.008280,slots=nodeq=1 threadq=61 nodeprio=1 threadprio=1
PHASE,reconverse,streams=8,phase=1,time=0.008593,slots=nodeq=1 threadq=61 nodeprio=1 threadprio=1
PHASE,reconverse,streams=8,phase=2,time=0.008307,slots=nodeq=1 threadq=61 nodeprio=1 threadprio=1
PHASE,reconverse,streams=8,phase=3,time=0.008456,slots=nodeq=1 threadq=61 nodeprio=1 threadprio=1
PHASE,reconverse,streams=8,phase=4,time=0.008336,slots=nodeq=1 threadq=61 nodeprio=1 threadprio=1
PHASE,reconverse,streams=8,phase=5,time=0.008259,slots=nodeq=1 threadq=61 nodeprio=1 threadprio=1
PHASE,reconverse,streams=8,phase=6,time=0.008384,slots=nodeq=1 threadq=61 nodeprio=1 threadprio=1
PHASE,reconverse,streams=8,phase=7,time=0.008283,slots=nodeq=1 threadq=61 nodeprio=1 threadprio=1
DATA,ring,reconverse,8,1,8,2000,0.008362,0.0581,nodeq=1 threadq=61 nodeprio=1 threadprio=1
PHASE,reconverse,streams=16,phase=0,time=0.010316,slots=nodeq=1 threadq=61 nodeprio=1 threadprio=1
PHASE,reconverse,streams=16,phase=1,time=0.010326,slots=nodeq=1 threadq=61 nodeprio=1 threadprio=1
PHASE,reconverse,streams=16,phase=2,time=0.010346,slots=nodeq=1 threadq=61 nodeprio=1 threadprio=1
PHASE,reconverse,streams=16,phase=3,time=0.010943,slots=nodeq=1 threadq=61 nodeprio=1 threadprio=1
PHASE,reconverse,streams=16,phase=4,time=0.010360,slots=nodeq=1 threadq=61 nodeprio=1 threadprio=1
PHASE,reconverse,streams=16,phase=5,time=0.010319,slots=nodeq=1 threadq=61 nodeprio=1 threadprio=1
PHASE,reconverse,streams=16,phase=6,time=0.010387,slots=nodeq=1 threadq=61 nodeprio=1 threadprio=1
PHASE,reconverse,streams=16,phase=7,time=0.010395,slots=nodeq=1 threadq=61 nodeprio=1 threadprio=1
DATA,ring,reconverse,8,1,16,2000,0.010424,0.0383,nodeq=1 threadq=61 nodeprio=1 threadprio=1
PHASE,reconverse,streams=32,phase=0,time=0.014446,slots=nodeq=1 threadq=61 nodeprio=1 threadprio=1
PHASE,reconverse,streams=32,phase=1,time=0.014972,slots=nodeq=1 threadq=61 nodeprio=1 threadprio=1
PHASE,reconverse,streams=32,phase=2,time=0.014900,slots=nodeq=1 threadq=61 nodeprio=1 threadprio=1
PHASE,reconverse,streams=32,phase=3,time=0.014962,slots=nodeq=1 threadq=61 nodeprio=1 threadprio=1
PHASE,reconverse,streams=32,phase=4,time=0.015040,slots=nodeq=1 threadq=61 nodeprio=1 threadprio=1
PHASE,reconverse,streams=32,phase=5,time=0.015061,slots=nodeq=1 threadq=61 nodeprio=1 threadprio=1
PHASE,reconverse,streams=32,phase=6,time=0.015019,slots=nodeq=1 threadq=61 nodeprio=1 threadprio=1
PHASE,reconverse,streams=32,phase=7,time=0.014981,slots=nodeq=1 threadq=61 nodeprio=1 threadprio=1
DATA,ring,reconverse,8,1,32,2000,0.014923,0.0283,nodeq=1 threadq=61 nodeprio=1 threadprio=1
PHASE,reconverse,streams=64,phase=0,time=0.025332,slots=nodeq=1 threadq=61 nodeprio=1 threadprio=1
PHASE,reconverse,streams=64,phase=1,time=0.027085,slots=nodeq=1 threadq=61 nodeprio=1 threadprio=1
PHASE,reconverse,streams=64,phase=2,time=0.026682,slots=nodeq=1 threadq=61 nodeprio=1 threadprio=1
PHASE,reconverse,streams=64,phase=3,time=0.026005,slots=nodeq=1 threadq=61 nodeprio=1 threadprio=1
PHASE,reconverse,streams=64,phase=4,time=0.025683,slots=nodeq=1 threadq=61 nodeprio=1 threadprio=1
PHASE,reconverse,streams=64,phase=5,time=0.025253,slots=nodeq=1 threadq=61 nodeprio=1 threadprio=1
PHASE,reconverse,streams=64,phase=6,time=0.025157,slots=nodeq=1 threadq=61 nodeprio=1 threadprio=1
PHASE,reconverse,streams=64,phase=7,time=0.024433,slots=nodeq=1 threadq=61 nodeprio=1 threadprio=1
DATA,ring,reconverse,8,1,64,2000,0.025704,0.0247,nodeq=1 threadq=61 nodeprio=1 threadprio=1
=== ring cfg static pes 8 rep 2 ===
Charm++> Running in SMP mode on 1 nodes and 8 PEs
adapt_ring: layer=reconverse pes=8 adaptive=0 m=2000 phases=8 warmup=3
Format: DATA,ring,{layer},{pes},{adaptive},{streams},{m},{mean phase s},{us per message},{slots}
PHASE,reconverse,streams=0,phase=0,time=0.006257,slots=nodeq=3 threadq=29 nodeprio=3 threadprio=29
PHASE,reconverse,streams=0,phase=1,time=0.006269,slots=nodeq=3 threadq=29 nodeprio=3 threadprio=29
PHASE,reconverse,streams=0,phase=2,time=0.006270,slots=nodeq=3 threadq=29 nodeprio=3 threadprio=29
PHASE,reconverse,streams=0,phase=3,time=0.006238,slots=nodeq=3 threadq=29 nodeprio=3 threadprio=29
PHASE,reconverse,streams=0,phase=4,time=0.006216,slots=nodeq=3 threadq=29 nodeprio=3 threadprio=29
PHASE,reconverse,streams=0,phase=5,time=0.006264,slots=nodeq=3 threadq=29 nodeprio=3 threadprio=29
PHASE,reconverse,streams=0,phase=6,time=0.006208,slots=nodeq=3 threadq=29 nodeprio=3 threadprio=29
PHASE,reconverse,streams=0,phase=7,time=0.006234,slots=nodeq=3 threadq=29 nodeprio=3 threadprio=29
DATA,ring,reconverse,8,0,0,2000,0.006244,0.3903,nodeq=3 threadq=29 nodeprio=3 threadprio=29
PHASE,reconverse,streams=1,phase=0,time=0.006240,slots=nodeq=3 threadq=29 nodeprio=3 threadprio=29
PHASE,reconverse,streams=1,phase=1,time=0.006223,slots=nodeq=3 threadq=29 nodeprio=3 threadprio=29
PHASE,reconverse,streams=1,phase=2,time=0.006263,slots=nodeq=3 threadq=29 nodeprio=3 threadprio=29
PHASE,reconverse,streams=1,phase=3,time=0.006261,slots=nodeq=3 threadq=29 nodeprio=3 threadprio=29
PHASE,reconverse,streams=1,phase=4,time=0.006196,slots=nodeq=3 threadq=29 nodeprio=3 threadprio=29
PHASE,reconverse,streams=1,phase=5,time=0.006201,slots=nodeq=3 threadq=29 nodeprio=3 threadprio=29
PHASE,reconverse,streams=1,phase=6,time=0.006225,slots=nodeq=3 threadq=29 nodeprio=3 threadprio=29
PHASE,reconverse,streams=1,phase=7,time=0.006219,slots=nodeq=3 threadq=29 nodeprio=3 threadprio=29
DATA,ring,reconverse,8,0,1,2000,0.006228,0.1946,nodeq=3 threadq=29 nodeprio=3 threadprio=29
PHASE,reconverse,streams=2,phase=0,time=0.006242,slots=nodeq=3 threadq=29 nodeprio=3 threadprio=29
PHASE,reconverse,streams=2,phase=1,time=0.006077,slots=nodeq=3 threadq=29 nodeprio=3 threadprio=29
PHASE,reconverse,streams=2,phase=2,time=0.006134,slots=nodeq=3 threadq=29 nodeprio=3 threadprio=29
PHASE,reconverse,streams=2,phase=3,time=0.006164,slots=nodeq=3 threadq=29 nodeprio=3 threadprio=29
PHASE,reconverse,streams=2,phase=4,time=0.006178,slots=nodeq=3 threadq=29 nodeprio=3 threadprio=29
PHASE,reconverse,streams=2,phase=5,time=0.006136,slots=nodeq=3 threadq=29 nodeprio=3 threadprio=29
PHASE,reconverse,streams=2,phase=6,time=0.006091,slots=nodeq=3 threadq=29 nodeprio=3 threadprio=29
PHASE,reconverse,streams=2,phase=7,time=0.006162,slots=nodeq=3 threadq=29 nodeprio=3 threadprio=29
DATA,ring,reconverse,8,0,2,2000,0.006148,0.1281,nodeq=3 threadq=29 nodeprio=3 threadprio=29
PHASE,reconverse,streams=4,phase=0,time=0.006222,slots=nodeq=3 threadq=29 nodeprio=3 threadprio=29
PHASE,reconverse,streams=4,phase=1,time=0.006199,slots=nodeq=3 threadq=29 nodeprio=3 threadprio=29
PHASE,reconverse,streams=4,phase=2,time=0.006075,slots=nodeq=3 threadq=29 nodeprio=3 threadprio=29
PHASE,reconverse,streams=4,phase=3,time=0.006100,slots=nodeq=3 threadq=29 nodeprio=3 threadprio=29
PHASE,reconverse,streams=4,phase=4,time=0.006065,slots=nodeq=3 threadq=29 nodeprio=3 threadprio=29
PHASE,reconverse,streams=4,phase=5,time=0.005988,slots=nodeq=3 threadq=29 nodeprio=3 threadprio=29
PHASE,reconverse,streams=4,phase=6,time=0.006006,slots=nodeq=3 threadq=29 nodeprio=3 threadprio=29
PHASE,reconverse,streams=4,phase=7,time=0.006041,slots=nodeq=3 threadq=29 nodeprio=3 threadprio=29
DATA,ring,reconverse,8,0,4,2000,0.006087,0.0761,nodeq=3 threadq=29 nodeprio=3 threadprio=29
PHASE,reconverse,streams=8,phase=0,time=0.007328,slots=nodeq=3 threadq=29 nodeprio=3 threadprio=29
PHASE,reconverse,streams=8,phase=1,time=0.007390,slots=nodeq=3 threadq=29 nodeprio=3 threadprio=29
PHASE,reconverse,streams=8,phase=2,time=0.007740,slots=nodeq=3 threadq=29 nodeprio=3 threadprio=29
PHASE,reconverse,streams=8,phase=3,time=0.006993,slots=nodeq=3 threadq=29 nodeprio=3 threadprio=29
PHASE,reconverse,streams=8,phase=4,time=0.006959,slots=nodeq=3 threadq=29 nodeprio=3 threadprio=29
PHASE,reconverse,streams=8,phase=5,time=0.006795,slots=nodeq=3 threadq=29 nodeprio=3 threadprio=29
PHASE,reconverse,streams=8,phase=6,time=0.007373,slots=nodeq=3 threadq=29 nodeprio=3 threadprio=29
PHASE,reconverse,streams=8,phase=7,time=0.007001,slots=nodeq=3 threadq=29 nodeprio=3 threadprio=29
DATA,ring,reconverse,8,0,8,2000,0.007197,0.0500,nodeq=3 threadq=29 nodeprio=3 threadprio=29
PHASE,reconverse,streams=16,phase=0,time=0.011059,slots=nodeq=3 threadq=29 nodeprio=3 threadprio=29
PHASE,reconverse,streams=16,phase=1,time=0.010916,slots=nodeq=3 threadq=29 nodeprio=3 threadprio=29
PHASE,reconverse,streams=16,phase=2,time=0.010929,slots=nodeq=3 threadq=29 nodeprio=3 threadprio=29
PHASE,reconverse,streams=16,phase=3,time=0.010923,slots=nodeq=3 threadq=29 nodeprio=3 threadprio=29
PHASE,reconverse,streams=16,phase=4,time=0.010956,slots=nodeq=3 threadq=29 nodeprio=3 threadprio=29
PHASE,reconverse,streams=16,phase=5,time=0.010954,slots=nodeq=3 threadq=29 nodeprio=3 threadprio=29
PHASE,reconverse,streams=16,phase=6,time=0.011079,slots=nodeq=3 threadq=29 nodeprio=3 threadprio=29
PHASE,reconverse,streams=16,phase=7,time=0.010926,slots=nodeq=3 threadq=29 nodeprio=3 threadprio=29
DATA,ring,reconverse,8,0,16,2000,0.010968,0.0403,nodeq=3 threadq=29 nodeprio=3 threadprio=29
PHASE,reconverse,streams=32,phase=0,time=0.016810,slots=nodeq=3 threadq=29 nodeprio=3 threadprio=29
PHASE,reconverse,streams=32,phase=1,time=0.016487,slots=nodeq=3 threadq=29 nodeprio=3 threadprio=29
PHASE,reconverse,streams=32,phase=2,time=0.016656,slots=nodeq=3 threadq=29 nodeprio=3 threadprio=29
PHASE,reconverse,streams=32,phase=3,time=0.016454,slots=nodeq=3 threadq=29 nodeprio=3 threadprio=29
PHASE,reconverse,streams=32,phase=4,time=0.016504,slots=nodeq=3 threadq=29 nodeprio=3 threadprio=29
PHASE,reconverse,streams=32,phase=5,time=0.016602,slots=nodeq=3 threadq=29 nodeprio=3 threadprio=29
PHASE,reconverse,streams=32,phase=6,time=0.016455,slots=nodeq=3 threadq=29 nodeprio=3 threadprio=29
PHASE,reconverse,streams=32,phase=7,time=0.015886,slots=nodeq=3 threadq=29 nodeprio=3 threadprio=29
DATA,ring,reconverse,8,0,32,2000,0.016482,0.0312,nodeq=3 threadq=29 nodeprio=3 threadprio=29
PHASE,reconverse,streams=64,phase=0,time=0.027685,slots=nodeq=3 threadq=29 nodeprio=3 threadprio=29
PHASE,reconverse,streams=64,phase=1,time=0.026706,slots=nodeq=3 threadq=29 nodeprio=3 threadprio=29
PHASE,reconverse,streams=64,phase=2,time=0.026759,slots=nodeq=3 threadq=29 nodeprio=3 threadprio=29
PHASE,reconverse,streams=64,phase=3,time=0.027478,slots=nodeq=3 threadq=29 nodeprio=3 threadprio=29
PHASE,reconverse,streams=64,phase=4,time=0.026930,slots=nodeq=3 threadq=29 nodeprio=3 threadprio=29
PHASE,reconverse,streams=64,phase=5,time=0.026547,slots=nodeq=3 threadq=29 nodeprio=3 threadprio=29
PHASE,reconverse,streams=64,phase=6,time=0.028172,slots=nodeq=3 threadq=29 nodeprio=3 threadprio=29
PHASE,reconverse,streams=64,phase=7,time=0.030919,slots=nodeq=3 threadq=29 nodeprio=3 threadprio=29
DATA,ring,reconverse,8,0,64,2000,0.027649,0.0266,nodeq=3 threadq=29 nodeprio=3 threadprio=29
=== ring cfg converse pes 8 rep 2 ===
Charm++> Running on MPI library: MPI VERSION    : CRAY MPICH version 8.1.32.110 (ANL base 3.4a2)
MPI BUILD INFO : Thu Feb 06 22:53 2025 (git hash f9c5634)
 (MPI standard: 3.1)
Charm++> Level of thread support used: MPI_THREAD_FUNNELED (desired: MPI_THREAD_FUNNELED)
Charm++> Running in SMP mode: 1 processes, 8 worker threads (PEs) + 1 comm threads per process, 8 PEs total
Charm++> The comm. thread both sends and receives messages
Converse/Charm++ Commit ID: v8.0.1-devel-36-g3c3086b33
adapt_ring: layer=converse pes=8 adaptive=-1 m=2000 phases=8 warmup=3
Format: DATA,ring,{layer},{pes},{adaptive},{streams},{m},{mean phase s},{us per message},{slots}
PHASE,converse,streams=0,phase=0,time=0.011867,slots=n/a
PHASE,converse,streams=0,phase=1,time=0.011774,slots=n/a
PHASE,converse,streams=0,phase=2,time=0.011965,slots=n/a
PHASE,converse,streams=0,phase=3,time=0.012342,slots=n/a
PHASE,converse,streams=0,phase=4,time=0.012008,slots=n/a
PHASE,converse,streams=0,phase=5,time=0.012182,slots=n/a
PHASE,converse,streams=0,phase=6,time=0.012197,slots=n/a
PHASE,converse,streams=0,phase=7,time=0.012085,slots=n/a
DATA,ring,converse,8,-1,0,2000,0.012052,0.7533,n/a
PHASE,converse,streams=1,phase=0,time=0.012556,slots=n/a
PHASE,converse,streams=1,phase=1,time=0.012446,slots=n/a
PHASE,converse,streams=1,phase=2,time=0.011838,slots=n/a
PHASE,converse,streams=1,phase=3,time=0.011806,slots=n/a
PHASE,converse,streams=1,phase=4,time=0.012248,slots=n/a
PHASE,converse,streams=1,phase=5,time=0.011893,slots=n/a
PHASE,converse,streams=1,phase=6,time=0.012397,slots=n/a
PHASE,converse,streams=1,phase=7,time=0.011746,slots=n/a
DATA,ring,converse,8,-1,1,2000,0.012116,0.3786,n/a
PHASE,converse,streams=2,phase=0,time=0.012298,slots=n/a
PHASE,converse,streams=2,phase=1,time=0.011849,slots=n/a
PHASE,converse,streams=2,phase=2,time=0.012401,slots=n/a
PHASE,converse,streams=2,phase=3,time=0.012342,slots=n/a
PHASE,converse,streams=2,phase=4,time=0.012660,slots=n/a
PHASE,converse,streams=2,phase=5,time=0.012291,slots=n/a
PHASE,converse,streams=2,phase=6,time=0.012941,slots=n/a
PHASE,converse,streams=2,phase=7,time=0.012485,slots=n/a
DATA,ring,converse,8,-1,2,2000,0.012408,0.2585,n/a
PHASE,converse,streams=4,phase=0,time=0.013181,slots=n/a
PHASE,converse,streams=4,phase=1,time=0.012956,slots=n/a
PHASE,converse,streams=4,phase=2,time=0.013391,slots=n/a
PHASE,converse,streams=4,phase=3,time=0.013067,slots=n/a
PHASE,converse,streams=4,phase=4,time=0.013051,slots=n/a
PHASE,converse,streams=4,phase=5,time=0.013221,slots=n/a
PHASE,converse,streams=4,phase=6,time=0.013449,slots=n/a
PHASE,converse,streams=4,phase=7,time=0.013391,slots=n/a
DATA,ring,converse,8,-1,4,2000,0.013213,0.1652,n/a
PHASE,converse,streams=8,phase=0,time=0.014697,slots=n/a
PHASE,converse,streams=8,phase=1,time=0.015171,slots=n/a
PHASE,converse,streams=8,phase=2,time=0.015054,slots=n/a
PHASE,converse,streams=8,phase=3,time=0.015044,slots=n/a
PHASE,converse,streams=8,phase=4,time=0.014746,slots=n/a
PHASE,converse,streams=8,phase=5,time=0.014574,slots=n/a
PHASE,converse,streams=8,phase=6,time=0.014165,slots=n/a
PHASE,converse,streams=8,phase=7,time=0.014528,slots=n/a
DATA,ring,converse,8,-1,8,2000,0.014747,0.1024,n/a
PHASE,converse,streams=16,phase=0,time=0.016504,slots=n/a
PHASE,converse,streams=16,phase=1,time=0.016348,slots=n/a
PHASE,converse,streams=16,phase=2,time=0.016214,slots=n/a
PHASE,converse,streams=16,phase=3,time=0.016810,slots=n/a
PHASE,converse,streams=16,phase=4,time=0.016232,slots=n/a
PHASE,converse,streams=16,phase=5,time=0.017160,slots=n/a
PHASE,converse,streams=16,phase=6,time=0.016767,slots=n/a
PHASE,converse,streams=16,phase=7,time=0.016623,slots=n/a
DATA,ring,converse,8,-1,16,2000,0.016582,0.0610,n/a
PHASE,converse,streams=32,phase=0,time=0.032445,slots=n/a
PHASE,converse,streams=32,phase=1,time=0.031885,slots=n/a
PHASE,converse,streams=32,phase=2,time=0.032230,slots=n/a
PHASE,converse,streams=32,phase=3,time=0.032464,slots=n/a
PHASE,converse,streams=32,phase=4,time=0.032343,slots=n/a
PHASE,converse,streams=32,phase=5,time=0.032938,slots=n/a
PHASE,converse,streams=32,phase=6,time=0.032961,slots=n/a
PHASE,converse,streams=32,phase=7,time=0.032383,slots=n/a
DATA,ring,converse,8,-1,32,2000,0.032456,0.0615,n/a
PHASE,converse,streams=64,phase=0,time=0.062984,slots=n/a
PHASE,converse,streams=64,phase=1,time=0.063060,slots=n/a
PHASE,converse,streams=64,phase=2,time=0.062958,slots=n/a
PHASE,converse,streams=64,phase=3,time=0.063492,slots=n/a
PHASE,converse,streams=64,phase=4,time=0.063807,slots=n/a
PHASE,converse,streams=64,phase=5,time=0.063558,slots=n/a
PHASE,converse,streams=64,phase=6,time=0.063312,slots=n/a
PHASE,converse,streams=64,phase=7,time=0.063933,slots=n/a
DATA,ring,converse,8,-1,64,2000,0.063388,0.0610,n/a
[Partition 0][Node 0] End of program
=== ring cfg adaptive pes 4 rep 3 ===
Charm++> Running in SMP mode on 1 nodes and 4 PEs
adapt_ring: layer=reconverse pes=4 adaptive=1 m=2000 phases=8 warmup=3
Format: DATA,ring,{layer},{pes},{adaptive},{streams},{m},{mean phase s},{us per message},{slots}
PHASE,reconverse,streams=0,phase=0,time=0.001287,slots=nodeq=61 threadq=1 nodeprio=1 threadprio=1
PHASE,reconverse,streams=0,phase=1,time=0.001355,slots=nodeq=61 threadq=1 nodeprio=1 threadprio=1
PHASE,reconverse,streams=0,phase=2,time=0.001453,slots=nodeq=61 threadq=1 nodeprio=1 threadprio=1
PHASE,reconverse,streams=0,phase=3,time=0.001390,slots=nodeq=61 threadq=1 nodeprio=1 threadprio=1
PHASE,reconverse,streams=0,phase=4,time=0.001393,slots=nodeq=61 threadq=1 nodeprio=1 threadprio=1
PHASE,reconverse,streams=0,phase=5,time=0.001327,slots=nodeq=61 threadq=1 nodeprio=1 threadprio=1
PHASE,reconverse,streams=0,phase=6,time=0.001395,slots=nodeq=61 threadq=1 nodeprio=1 threadprio=1
PHASE,reconverse,streams=0,phase=7,time=0.001465,slots=nodeq=61 threadq=1 nodeprio=1 threadprio=1
DATA,ring,reconverse,4,1,0,2000,0.001383,0.1729,nodeq=61 threadq=1 nodeprio=1 threadprio=1
PHASE,reconverse,streams=1,phase=0,time=0.001487,slots=nodeq=31 threadq=31 nodeprio=1 threadprio=1
PHASE,reconverse,streams=1,phase=1,time=0.001457,slots=nodeq=31 threadq=31 nodeprio=1 threadprio=1
PHASE,reconverse,streams=1,phase=2,time=0.001467,slots=nodeq=31 threadq=31 nodeprio=1 threadprio=1
PHASE,reconverse,streams=1,phase=3,time=0.001572,slots=nodeq=31 threadq=31 nodeprio=1 threadprio=1
PHASE,reconverse,streams=1,phase=4,time=0.001342,slots=nodeq=31 threadq=31 nodeprio=1 threadprio=1
PHASE,reconverse,streams=1,phase=5,time=0.001378,slots=nodeq=31 threadq=31 nodeprio=1 threadprio=1
PHASE,reconverse,streams=1,phase=6,time=0.001515,slots=nodeq=31 threadq=31 nodeprio=1 threadprio=1
PHASE,reconverse,streams=1,phase=7,time=0.001540,slots=nodeq=31 threadq=31 nodeprio=1 threadprio=1
DATA,ring,reconverse,4,1,1,2000,0.001470,0.0919,nodeq=31 threadq=31 nodeprio=1 threadprio=1
PHASE,reconverse,streams=2,phase=0,time=0.001606,slots=nodeq=1 threadq=61 nodeprio=1 threadprio=1
PHASE,reconverse,streams=2,phase=1,time=0.001793,slots=nodeq=1 threadq=61 nodeprio=1 threadprio=1
PHASE,reconverse,streams=2,phase=2,time=0.001674,slots=nodeq=1 threadq=61 nodeprio=1 threadprio=1
PHASE,reconverse,streams=2,phase=3,time=0.001715,slots=nodeq=1 threadq=61 nodeprio=1 threadprio=1
PHASE,reconverse,streams=2,phase=4,time=0.001642,slots=nodeq=1 threadq=61 nodeprio=1 threadprio=1
PHASE,reconverse,streams=2,phase=5,time=0.001747,slots=nodeq=1 threadq=61 nodeprio=1 threadprio=1
PHASE,reconverse,streams=2,phase=6,time=0.001740,slots=nodeq=1 threadq=61 nodeprio=1 threadprio=1
PHASE,reconverse,streams=2,phase=7,time=0.001681,slots=nodeq=1 threadq=61 nodeprio=1 threadprio=1
DATA,ring,reconverse,4,1,2,2000,0.001700,0.0708,nodeq=1 threadq=61 nodeprio=1 threadprio=1
PHASE,reconverse,streams=4,phase=0,time=0.002166,slots=nodeq=1 threadq=61 nodeprio=1 threadprio=1
PHASE,reconverse,streams=4,phase=1,time=0.002022,slots=nodeq=1 threadq=61 nodeprio=1 threadprio=1
PHASE,reconverse,streams=4,phase=2,time=0.002247,slots=nodeq=1 threadq=61 nodeprio=1 threadprio=1
PHASE,reconverse,streams=4,phase=3,time=0.002246,slots=nodeq=1 threadq=61 nodeprio=1 threadprio=1
PHASE,reconverse,streams=4,phase=4,time=0.002196,slots=nodeq=1 threadq=61 nodeprio=1 threadprio=1
PHASE,reconverse,streams=4,phase=5,time=0.002222,slots=nodeq=1 threadq=61 nodeprio=1 threadprio=1
PHASE,reconverse,streams=4,phase=6,time=0.002207,slots=nodeq=1 threadq=61 nodeprio=1 threadprio=1
PHASE,reconverse,streams=4,phase=7,time=0.002161,slots=nodeq=1 threadq=61 nodeprio=1 threadprio=1
DATA,ring,reconverse,4,1,4,2000,0.002183,0.0546,nodeq=1 threadq=61 nodeprio=1 threadprio=1
PHASE,reconverse,streams=8,phase=0,time=0.002795,slots=nodeq=1 threadq=61 nodeprio=1 threadprio=1
PHASE,reconverse,streams=8,phase=1,time=0.003192,slots=nodeq=1 threadq=61 nodeprio=1 threadprio=1
PHASE,reconverse,streams=8,phase=2,time=0.003048,slots=nodeq=1 threadq=61 nodeprio=1 threadprio=1
PHASE,reconverse,streams=8,phase=3,time=0.003152,slots=nodeq=1 threadq=61 nodeprio=1 threadprio=1
PHASE,reconverse,streams=8,phase=4,time=0.003044,slots=nodeq=1 threadq=61 nodeprio=1 threadprio=1
PHASE,reconverse,streams=8,phase=5,time=0.003028,slots=nodeq=1 threadq=61 nodeprio=1 threadprio=1
PHASE,reconverse,streams=8,phase=6,time=0.003175,slots=nodeq=1 threadq=61 nodeprio=1 threadprio=1
PHASE,reconverse,streams=8,phase=7,time=0.003106,slots=nodeq=1 threadq=61 nodeprio=1 threadprio=1
DATA,ring,reconverse,4,1,8,2000,0.003068,0.0426,nodeq=1 threadq=61 nodeprio=1 threadprio=1
PHASE,reconverse,streams=16,phase=0,time=0.004935,slots=nodeq=1 threadq=61 nodeprio=1 threadprio=1
PHASE,reconverse,streams=16,phase=1,time=0.004990,slots=nodeq=1 threadq=61 nodeprio=1 threadprio=1
PHASE,reconverse,streams=16,phase=2,time=0.004887,slots=nodeq=1 threadq=61 nodeprio=1 threadprio=1
PHASE,reconverse,streams=16,phase=3,time=0.005026,slots=nodeq=1 threadq=61 nodeprio=1 threadprio=1
PHASE,reconverse,streams=16,phase=4,time=0.005014,slots=nodeq=1 threadq=61 nodeprio=1 threadprio=1
PHASE,reconverse,streams=16,phase=5,time=0.004941,slots=nodeq=1 threadq=61 nodeprio=1 threadprio=1
PHASE,reconverse,streams=16,phase=6,time=0.004878,slots=nodeq=1 threadq=61 nodeprio=1 threadprio=1
PHASE,reconverse,streams=16,phase=7,time=0.004972,slots=nodeq=1 threadq=61 nodeprio=1 threadprio=1
DATA,ring,reconverse,4,1,16,2000,0.004955,0.0364,nodeq=1 threadq=61 nodeprio=1 threadprio=1
PHASE,reconverse,streams=32,phase=0,time=0.008590,slots=nodeq=1 threadq=61 nodeprio=1 threadprio=1
PHASE,reconverse,streams=32,phase=1,time=0.008585,slots=nodeq=1 threadq=61 nodeprio=1 threadprio=1
PHASE,reconverse,streams=32,phase=2,time=0.008565,slots=nodeq=1 threadq=61 nodeprio=1 threadprio=1
PHASE,reconverse,streams=32,phase=3,time=0.008616,slots=nodeq=1 threadq=61 nodeprio=1 threadprio=1
PHASE,reconverse,streams=32,phase=4,time=0.008710,slots=nodeq=1 threadq=61 nodeprio=1 threadprio=1
PHASE,reconverse,streams=32,phase=5,time=0.008683,slots=nodeq=1 threadq=61 nodeprio=1 threadprio=1
PHASE,reconverse,streams=32,phase=6,time=0.008628,slots=nodeq=1 threadq=61 nodeprio=1 threadprio=1
PHASE,reconverse,streams=32,phase=7,time=0.008543,slots=nodeq=1 threadq=61 nodeprio=1 threadprio=1
DATA,ring,reconverse,4,1,32,2000,0.008615,0.0326,nodeq=1 threadq=61 nodeprio=1 threadprio=1
PHASE,reconverse,streams=64,phase=0,time=0.015690,slots=nodeq=1 threadq=61 nodeprio=1 threadprio=1
PHASE,reconverse,streams=64,phase=1,time=0.015649,slots=nodeq=1 threadq=61 nodeprio=1 threadprio=1
PHASE,reconverse,streams=64,phase=2,time=0.015531,slots=nodeq=1 threadq=61 nodeprio=1 threadprio=1
PHASE,reconverse,streams=64,phase=3,time=0.015434,slots=nodeq=1 threadq=61 nodeprio=1 threadprio=1
PHASE,reconverse,streams=64,phase=4,time=0.015424,slots=nodeq=1 threadq=61 nodeprio=1 threadprio=1
PHASE,reconverse,streams=64,phase=5,time=0.015294,slots=nodeq=1 threadq=61 nodeprio=1 threadprio=1
PHASE,reconverse,streams=64,phase=6,time=0.015375,slots=nodeq=1 threadq=61 nodeprio=1 threadprio=1
PHASE,reconverse,streams=64,phase=7,time=0.015155,slots=nodeq=1 threadq=61 nodeprio=1 threadprio=1
DATA,ring,reconverse,4,1,64,2000,0.015444,0.0297,nodeq=1 threadq=61 nodeprio=1 threadprio=1
=== ring cfg hitrate pes 4 rep 3 ===
Charm++> Running in SMP mode on 1 nodes and 4 PEs
adapt_ring: layer=reconverse pes=4 adaptive=1 m=2000 phases=8 warmup=3
Format: DATA,ring,{layer},{pes},{adaptive},{streams},{m},{mean phase s},{us per message},{slots}
PHASE,reconverse,streams=0,phase=0,time=0.001496,slots=nodeq=61 threadq=1 nodeprio=1 threadprio=1
PHASE,reconverse,streams=0,phase=1,time=0.001493,slots=nodeq=61 threadq=1 nodeprio=1 threadprio=1
PHASE,reconverse,streams=0,phase=2,time=0.001484,slots=nodeq=61 threadq=1 nodeprio=1 threadprio=1
PHASE,reconverse,streams=0,phase=3,time=0.001477,slots=nodeq=61 threadq=1 nodeprio=1 threadprio=1
PHASE,reconverse,streams=0,phase=4,time=0.001473,slots=nodeq=61 threadq=1 nodeprio=1 threadprio=1
PHASE,reconverse,streams=0,phase=5,time=0.001510,slots=nodeq=61 threadq=1 nodeprio=1 threadprio=1
PHASE,reconverse,streams=0,phase=6,time=0.001535,slots=nodeq=61 threadq=1 nodeprio=1 threadprio=1
PHASE,reconverse,streams=0,phase=7,time=0.001489,slots=nodeq=61 threadq=1 nodeprio=1 threadprio=1
DATA,ring,reconverse,4,1,0,2000,0.001495,0.1868,nodeq=61 threadq=1 nodeprio=1 threadprio=1
PHASE,reconverse,streams=1,phase=0,time=0.001396,slots=nodeq=31 threadq=31 nodeprio=1 threadprio=1
PHASE,reconverse,streams=1,phase=1,time=0.001438,slots=nodeq=31 threadq=31 nodeprio=1 threadprio=1
PHASE,reconverse,streams=1,phase=2,time=0.001391,slots=nodeq=31 threadq=31 nodeprio=1 threadprio=1
PHASE,reconverse,streams=1,phase=3,time=0.001410,slots=nodeq=31 threadq=31 nodeprio=1 threadprio=1
PHASE,reconverse,streams=1,phase=4,time=0.001405,slots=nodeq=31 threadq=31 nodeprio=1 threadprio=1
PHASE,reconverse,streams=1,phase=5,time=0.001427,slots=nodeq=31 threadq=31 nodeprio=1 threadprio=1
PHASE,reconverse,streams=1,phase=6,time=0.001414,slots=nodeq=31 threadq=31 nodeprio=1 threadprio=1
PHASE,reconverse,streams=1,phase=7,time=0.001407,slots=nodeq=28 threadq=34 nodeprio=1 threadprio=1
DATA,ring,reconverse,4,1,1,2000,0.001411,0.0882,nodeq=28 threadq=34 nodeprio=1 threadprio=1
PHASE,reconverse,streams=2,phase=0,time=0.001652,slots=nodeq=1 threadq=61 nodeprio=1 threadprio=1
PHASE,reconverse,streams=2,phase=1,time=0.001655,slots=nodeq=1 threadq=61 nodeprio=1 threadprio=1
PHASE,reconverse,streams=2,phase=2,time=0.001635,slots=nodeq=1 threadq=61 nodeprio=1 threadprio=1
PHASE,reconverse,streams=2,phase=3,time=0.001648,slots=nodeq=1 threadq=61 nodeprio=1 threadprio=1
PHASE,reconverse,streams=2,phase=4,time=0.001694,slots=nodeq=1 threadq=61 nodeprio=1 threadprio=1
PHASE,reconverse,streams=2,phase=5,time=0.001656,slots=nodeq=1 threadq=61 nodeprio=1 threadprio=1
PHASE,reconverse,streams=2,phase=6,time=0.001655,slots=nodeq=1 threadq=61 nodeprio=1 threadprio=1
PHASE,reconverse,streams=2,phase=7,time=0.001652,slots=nodeq=1 threadq=61 nodeprio=1 threadprio=1
DATA,ring,reconverse,4,1,2,2000,0.001656,0.0690,nodeq=1 threadq=61 nodeprio=1 threadprio=1
PHASE,reconverse,streams=4,phase=0,time=0.002327,slots=nodeq=1 threadq=61 nodeprio=1 threadprio=1
PHASE,reconverse,streams=4,phase=1,time=0.002207,slots=nodeq=1 threadq=61 nodeprio=1 threadprio=1
PHASE,reconverse,streams=4,phase=2,time=0.002242,slots=nodeq=1 threadq=61 nodeprio=1 threadprio=1
PHASE,reconverse,streams=4,phase=3,time=0.002251,slots=nodeq=1 threadq=61 nodeprio=1 threadprio=1
PHASE,reconverse,streams=4,phase=4,time=0.002249,slots=nodeq=1 threadq=61 nodeprio=1 threadprio=1
PHASE,reconverse,streams=4,phase=5,time=0.002204,slots=nodeq=1 threadq=61 nodeprio=1 threadprio=1
PHASE,reconverse,streams=4,phase=6,time=0.002186,slots=nodeq=1 threadq=61 nodeprio=1 threadprio=1
PHASE,reconverse,streams=4,phase=7,time=0.002188,slots=nodeq=1 threadq=61 nodeprio=1 threadprio=1
DATA,ring,reconverse,4,1,4,2000,0.002232,0.0558,nodeq=1 threadq=61 nodeprio=1 threadprio=1
PHASE,reconverse,streams=8,phase=0,time=0.003240,slots=nodeq=1 threadq=61 nodeprio=1 threadprio=1
PHASE,reconverse,streams=8,phase=1,time=0.003238,slots=nodeq=1 threadq=61 nodeprio=1 threadprio=1
PHASE,reconverse,streams=8,phase=2,time=0.003235,slots=nodeq=1 threadq=61 nodeprio=1 threadprio=1
PHASE,reconverse,streams=8,phase=3,time=0.003243,slots=nodeq=1 threadq=61 nodeprio=1 threadprio=1
PHASE,reconverse,streams=8,phase=4,time=0.003239,slots=nodeq=1 threadq=61 nodeprio=1 threadprio=1
PHASE,reconverse,streams=8,phase=5,time=0.003317,slots=nodeq=1 threadq=61 nodeprio=1 threadprio=1
PHASE,reconverse,streams=8,phase=6,time=0.003257,slots=nodeq=1 threadq=61 nodeprio=1 threadprio=1
PHASE,reconverse,streams=8,phase=7,time=0.003247,slots=nodeq=1 threadq=61 nodeprio=1 threadprio=1
DATA,ring,reconverse,4,1,8,2000,0.003252,0.0452,nodeq=1 threadq=61 nodeprio=1 threadprio=1
PHASE,reconverse,streams=16,phase=0,time=0.005343,slots=nodeq=1 threadq=61 nodeprio=1 threadprio=1
PHASE,reconverse,streams=16,phase=1,time=0.005417,slots=nodeq=1 threadq=61 nodeprio=1 threadprio=1
PHASE,reconverse,streams=16,phase=2,time=0.005432,slots=nodeq=1 threadq=61 nodeprio=1 threadprio=1
PHASE,reconverse,streams=16,phase=3,time=0.005456,slots=nodeq=1 threadq=61 nodeprio=1 threadprio=1
PHASE,reconverse,streams=16,phase=4,time=0.005447,slots=nodeq=1 threadq=61 nodeprio=1 threadprio=1
PHASE,reconverse,streams=16,phase=5,time=0.005437,slots=nodeq=1 threadq=61 nodeprio=1 threadprio=1
PHASE,reconverse,streams=16,phase=6,time=0.005474,slots=nodeq=1 threadq=61 nodeprio=1 threadprio=1
PHASE,reconverse,streams=16,phase=7,time=0.005386,slots=nodeq=1 threadq=61 nodeprio=1 threadprio=1
DATA,ring,reconverse,4,1,16,2000,0.005424,0.0399,nodeq=1 threadq=61 nodeprio=1 threadprio=1
PHASE,reconverse,streams=32,phase=0,time=0.009617,slots=nodeq=1 threadq=61 nodeprio=1 threadprio=1
PHASE,reconverse,streams=32,phase=1,time=0.009613,slots=nodeq=1 threadq=61 nodeprio=1 threadprio=1
PHASE,reconverse,streams=32,phase=2,time=0.009619,slots=nodeq=1 threadq=61 nodeprio=1 threadprio=1
PHASE,reconverse,streams=32,phase=3,time=0.009520,slots=nodeq=1 threadq=61 nodeprio=1 threadprio=1
PHASE,reconverse,streams=32,phase=4,time=0.009626,slots=nodeq=1 threadq=61 nodeprio=1 threadprio=1
PHASE,reconverse,streams=32,phase=5,time=0.009621,slots=nodeq=1 threadq=61 nodeprio=1 threadprio=1
PHASE,reconverse,streams=32,phase=6,time=0.009575,slots=nodeq=1 threadq=61 nodeprio=1 threadprio=1
PHASE,reconverse,streams=32,phase=7,time=0.009574,slots=nodeq=1 threadq=61 nodeprio=1 threadprio=1
DATA,ring,reconverse,4,1,32,2000,0.009595,0.0363,nodeq=1 threadq=61 nodeprio=1 threadprio=1
PHASE,reconverse,streams=64,phase=0,time=0.018057,slots=nodeq=1 threadq=61 nodeprio=1 threadprio=1
PHASE,reconverse,streams=64,phase=1,time=0.018079,slots=nodeq=1 threadq=61 nodeprio=1 threadprio=1
PHASE,reconverse,streams=64,phase=2,time=0.018033,slots=nodeq=1 threadq=61 nodeprio=1 threadprio=1
PHASE,reconverse,streams=64,phase=3,time=0.018096,slots=nodeq=1 threadq=61 nodeprio=1 threadprio=1
PHASE,reconverse,streams=64,phase=4,time=0.018059,slots=nodeq=1 threadq=61 nodeprio=1 threadprio=1
PHASE,reconverse,streams=64,phase=5,time=0.018161,slots=nodeq=1 threadq=61 nodeprio=1 threadprio=1
PHASE,reconverse,streams=64,phase=6,time=0.017933,slots=nodeq=1 threadq=61 nodeprio=1 threadprio=1
PHASE,reconverse,streams=64,phase=7,time=0.018150,slots=nodeq=1 threadq=61 nodeprio=1 threadprio=1
DATA,ring,reconverse,4,1,64,2000,0.018071,0.0348,nodeq=1 threadq=61 nodeprio=1 threadprio=1
=== ring cfg static pes 4 rep 3 ===
Charm++> Running in SMP mode on 1 nodes and 4 PEs
adapt_ring: layer=reconverse pes=4 adaptive=0 m=2000 phases=8 warmup=3
Format: DATA,ring,{layer},{pes},{adaptive},{streams},{m},{mean phase s},{us per message},{slots}
PHASE,reconverse,streams=0,phase=0,time=0.002057,slots=nodeq=3 threadq=29 nodeprio=3 threadprio=29
PHASE,reconverse,streams=0,phase=1,time=0.002095,slots=nodeq=3 threadq=29 nodeprio=3 threadprio=29
PHASE,reconverse,streams=0,phase=2,time=0.001718,slots=nodeq=3 threadq=29 nodeprio=3 threadprio=29
PHASE,reconverse,streams=0,phase=3,time=0.001714,slots=nodeq=3 threadq=29 nodeprio=3 threadprio=29
PHASE,reconverse,streams=0,phase=4,time=0.001693,slots=nodeq=3 threadq=29 nodeprio=3 threadprio=29
PHASE,reconverse,streams=0,phase=5,time=0.001721,slots=nodeq=3 threadq=29 nodeprio=3 threadprio=29
PHASE,reconverse,streams=0,phase=6,time=0.001729,slots=nodeq=3 threadq=29 nodeprio=3 threadprio=29
PHASE,reconverse,streams=0,phase=7,time=0.001714,slots=nodeq=3 threadq=29 nodeprio=3 threadprio=29
DATA,ring,reconverse,4,0,0,2000,0.001805,0.2256,nodeq=3 threadq=29 nodeprio=3 threadprio=29
PHASE,reconverse,streams=1,phase=0,time=0.001866,slots=nodeq=3 threadq=29 nodeprio=3 threadprio=29
PHASE,reconverse,streams=1,phase=1,time=0.001865,slots=nodeq=3 threadq=29 nodeprio=3 threadprio=29
PHASE,reconverse,streams=1,phase=2,time=0.001874,slots=nodeq=3 threadq=29 nodeprio=3 threadprio=29
PHASE,reconverse,streams=1,phase=3,time=0.001884,slots=nodeq=3 threadq=29 nodeprio=3 threadprio=29
PHASE,reconverse,streams=1,phase=4,time=0.001876,slots=nodeq=3 threadq=29 nodeprio=3 threadprio=29
PHASE,reconverse,streams=1,phase=5,time=0.001904,slots=nodeq=3 threadq=29 nodeprio=3 threadprio=29
PHASE,reconverse,streams=1,phase=6,time=0.001915,slots=nodeq=3 threadq=29 nodeprio=3 threadprio=29
PHASE,reconverse,streams=1,phase=7,time=0.001877,slots=nodeq=3 threadq=29 nodeprio=3 threadprio=29
DATA,ring,reconverse,4,0,1,2000,0.001883,0.1177,nodeq=3 threadq=29 nodeprio=3 threadprio=29
PHASE,reconverse,streams=2,phase=0,time=0.002030,slots=nodeq=3 threadq=29 nodeprio=3 threadprio=29
PHASE,reconverse,streams=2,phase=1,time=0.002027,slots=nodeq=3 threadq=29 nodeprio=3 threadprio=29
PHASE,reconverse,streams=2,phase=2,time=0.002025,slots=nodeq=3 threadq=29 nodeprio=3 threadprio=29
PHASE,reconverse,streams=2,phase=3,time=0.002026,slots=nodeq=3 threadq=29 nodeprio=3 threadprio=29
PHASE,reconverse,streams=2,phase=4,time=0.002015,slots=nodeq=3 threadq=29 nodeprio=3 threadprio=29
PHASE,reconverse,streams=2,phase=5,time=0.002030,slots=nodeq=3 threadq=29 nodeprio=3 threadprio=29
PHASE,reconverse,streams=2,phase=6,time=0.002021,slots=nodeq=3 threadq=29 nodeprio=3 threadprio=29
PHASE,reconverse,streams=2,phase=7,time=0.002036,slots=nodeq=3 threadq=29 nodeprio=3 threadprio=29
DATA,ring,reconverse,4,0,2,2000,0.002026,0.0844,nodeq=3 threadq=29 nodeprio=3 threadprio=29
PHASE,reconverse,streams=4,phase=0,time=0.002300,slots=nodeq=3 threadq=29 nodeprio=3 threadprio=29
PHASE,reconverse,streams=4,phase=1,time=0.002330,slots=nodeq=3 threadq=29 nodeprio=3 threadprio=29
PHASE,reconverse,streams=4,phase=2,time=0.002327,slots=nodeq=3 threadq=29 nodeprio=3 threadprio=29
PHASE,reconverse,streams=4,phase=3,time=0.002323,slots=nodeq=3 threadq=29 nodeprio=3 threadprio=29
PHASE,reconverse,streams=4,phase=4,time=0.002284,slots=nodeq=3 threadq=29 nodeprio=3 threadprio=29
PHASE,reconverse,streams=4,phase=5,time=0.002309,slots=nodeq=3 threadq=29 nodeprio=3 threadprio=29
PHASE,reconverse,streams=4,phase=6,time=0.002306,slots=nodeq=3 threadq=29 nodeprio=3 threadprio=29
PHASE,reconverse,streams=4,phase=7,time=0.002346,slots=nodeq=3 threadq=29 nodeprio=3 threadprio=29
DATA,ring,reconverse,4,0,4,2000,0.002316,0.0579,nodeq=3 threadq=29 nodeprio=3 threadprio=29
PHASE,reconverse,streams=8,phase=0,time=0.003017,slots=nodeq=3 threadq=29 nodeprio=3 threadprio=29
PHASE,reconverse,streams=8,phase=1,time=0.003038,slots=nodeq=3 threadq=29 nodeprio=3 threadprio=29
PHASE,reconverse,streams=8,phase=2,time=0.003191,slots=nodeq=3 threadq=29 nodeprio=3 threadprio=29
PHASE,reconverse,streams=8,phase=3,time=0.003048,slots=nodeq=3 threadq=29 nodeprio=3 threadprio=29
PHASE,reconverse,streams=8,phase=4,time=0.003025,slots=nodeq=3 threadq=29 nodeprio=3 threadprio=29
PHASE,reconverse,streams=8,phase=5,time=0.003021,slots=nodeq=3 threadq=29 nodeprio=3 threadprio=29
PHASE,reconverse,streams=8,phase=6,time=0.003032,slots=nodeq=3 threadq=29 nodeprio=3 threadprio=29
PHASE,reconverse,streams=8,phase=7,time=0.003049,slots=nodeq=3 threadq=29 nodeprio=3 threadprio=29
DATA,ring,reconverse,4,0,8,2000,0.003052,0.0424,nodeq=3 threadq=29 nodeprio=3 threadprio=29
PHASE,reconverse,streams=16,phase=0,time=0.005330,slots=nodeq=3 threadq=29 nodeprio=3 threadprio=29
PHASE,reconverse,streams=16,phase=1,time=0.005312,slots=nodeq=3 threadq=29 nodeprio=3 threadprio=29
PHASE,reconverse,streams=16,phase=2,time=0.005316,slots=nodeq=3 threadq=29 nodeprio=3 threadprio=29
PHASE,reconverse,streams=16,phase=3,time=0.005319,slots=nodeq=3 threadq=29 nodeprio=3 threadprio=29
PHASE,reconverse,streams=16,phase=4,time=0.005284,slots=nodeq=3 threadq=29 nodeprio=3 threadprio=29
PHASE,reconverse,streams=16,phase=5,time=0.005424,slots=nodeq=3 threadq=29 nodeprio=3 threadprio=29
PHASE,reconverse,streams=16,phase=6,time=0.005420,slots=nodeq=3 threadq=29 nodeprio=3 threadprio=29
PHASE,reconverse,streams=16,phase=7,time=0.005325,slots=nodeq=3 threadq=29 nodeprio=3 threadprio=29
DATA,ring,reconverse,4,0,16,2000,0.005341,0.0393,nodeq=3 threadq=29 nodeprio=3 threadprio=29
PHASE,reconverse,streams=32,phase=0,time=0.010027,slots=nodeq=3 threadq=29 nodeprio=3 threadprio=29
PHASE,reconverse,streams=32,phase=1,time=0.010011,slots=nodeq=3 threadq=29 nodeprio=3 threadprio=29
PHASE,reconverse,streams=32,phase=2,time=0.010020,slots=nodeq=3 threadq=29 nodeprio=3 threadprio=29
PHASE,reconverse,streams=32,phase=3,time=0.010000,slots=nodeq=3 threadq=29 nodeprio=3 threadprio=29
PHASE,reconverse,streams=32,phase=4,time=0.010012,slots=nodeq=3 threadq=29 nodeprio=3 threadprio=29
PHASE,reconverse,streams=32,phase=5,time=0.010009,slots=nodeq=3 threadq=29 nodeprio=3 threadprio=29
PHASE,reconverse,streams=32,phase=6,time=0.010048,slots=nodeq=3 threadq=29 nodeprio=3 threadprio=29
PHASE,reconverse,streams=32,phase=7,time=0.010258,slots=nodeq=3 threadq=29 nodeprio=3 threadprio=29
DATA,ring,reconverse,4,0,32,2000,0.010048,0.0381,nodeq=3 threadq=29 nodeprio=3 threadprio=29
PHASE,reconverse,streams=64,phase=0,time=0.019189,slots=nodeq=3 threadq=29 nodeprio=3 threadprio=29
PHASE,reconverse,streams=64,phase=1,time=0.019204,slots=nodeq=3 threadq=29 nodeprio=3 threadprio=29
PHASE,reconverse,streams=64,phase=2,time=0.019141,slots=nodeq=3 threadq=29 nodeprio=3 threadprio=29
PHASE,reconverse,streams=64,phase=3,time=0.019167,slots=nodeq=3 threadq=29 nodeprio=3 threadprio=29
PHASE,reconverse,streams=64,phase=4,time=0.019238,slots=nodeq=3 threadq=29 nodeprio=3 threadprio=29
PHASE,reconverse,streams=64,phase=5,time=0.019085,slots=nodeq=3 threadq=29 nodeprio=3 threadprio=29
PHASE,reconverse,streams=64,phase=6,time=0.019130,slots=nodeq=3 threadq=29 nodeprio=3 threadprio=29
PHASE,reconverse,streams=64,phase=7,time=0.019102,slots=nodeq=3 threadq=29 nodeprio=3 threadprio=29
DATA,ring,reconverse,4,0,64,2000,0.019157,0.0368,nodeq=3 threadq=29 nodeprio=3 threadprio=29
=== ring cfg converse pes 4 rep 3 ===
Charm++> Running on MPI library: MPI VERSION    : CRAY MPICH version 8.1.32.110 (ANL base 3.4a2)
MPI BUILD INFO : Thu Feb 06 22:53 2025 (git hash f9c5634)
 (MPI standard: 3.1)
Charm++> Level of thread support used: MPI_THREAD_FUNNELED (desired: MPI_THREAD_FUNNELED)
Charm++> Running in SMP mode: 1 processes, 4 worker threads (PEs) + 1 comm threads per process, 4 PEs total
Charm++> The comm. thread both sends and receives messages
Converse/Charm++ Commit ID: v8.0.1-devel-36-g3c3086b33
adapt_ring: layer=converse pes=4 adaptive=-1 m=2000 phases=8 warmup=3
Format: DATA,ring,{layer},{pes},{adaptive},{streams},{m},{mean phase s},{us per message},{slots}
PHASE,converse,streams=0,phase=0,time=0.002948,slots=n/a
PHASE,converse,streams=0,phase=1,time=0.002872,slots=n/a
PHASE,converse,streams=0,phase=2,time=0.003048,slots=n/a
PHASE,converse,streams=0,phase=3,time=0.002826,slots=n/a
PHASE,converse,streams=0,phase=4,time=0.003007,slots=n/a
PHASE,converse,streams=0,phase=5,time=0.002873,slots=n/a
PHASE,converse,streams=0,phase=6,time=0.002895,slots=n/a
PHASE,converse,streams=0,phase=7,time=0.002973,slots=n/a
DATA,ring,converse,4,-1,0,2000,0.002930,0.3663,n/a
PHASE,converse,streams=1,phase=0,time=0.003043,slots=n/a
PHASE,converse,streams=1,phase=1,time=0.003211,slots=n/a
PHASE,converse,streams=1,phase=2,time=0.003106,slots=n/a
PHASE,converse,streams=1,phase=3,time=0.003196,slots=n/a
PHASE,converse,streams=1,phase=4,time=0.003182,slots=n/a
PHASE,converse,streams=1,phase=5,time=0.003173,slots=n/a
PHASE,converse,streams=1,phase=6,time=0.003310,slots=n/a
PHASE,converse,streams=1,phase=7,time=0.003153,slots=n/a
DATA,ring,converse,4,-1,1,2000,0.003172,0.1982,n/a
PHASE,converse,streams=2,phase=0,time=0.003587,slots=n/a
PHASE,converse,streams=2,phase=1,time=0.003540,slots=n/a
PHASE,converse,streams=2,phase=2,time=0.003454,slots=n/a
PHASE,converse,streams=2,phase=3,time=0.003503,slots=n/a
PHASE,converse,streams=2,phase=4,time=0.003550,slots=n/a
PHASE,converse,streams=2,phase=5,time=0.003507,slots=n/a
PHASE,converse,streams=2,phase=6,time=0.003488,slots=n/a
PHASE,converse,streams=2,phase=7,time=0.003691,slots=n/a
DATA,ring,converse,4,-1,2,2000,0.003540,0.1475,n/a
PHASE,converse,streams=4,phase=0,time=0.004020,slots=n/a
PHASE,converse,streams=4,phase=1,time=0.004032,slots=n/a
PHASE,converse,streams=4,phase=2,time=0.004170,slots=n/a
PHASE,converse,streams=4,phase=3,time=0.004119,slots=n/a
PHASE,converse,streams=4,phase=4,time=0.004118,slots=n/a
PHASE,converse,streams=4,phase=5,time=0.004007,slots=n/a
PHASE,converse,streams=4,phase=6,time=0.004055,slots=n/a
PHASE,converse,streams=4,phase=7,time=0.004165,slots=n/a
DATA,ring,converse,4,-1,4,2000,0.004086,0.1021,n/a
PHASE,converse,streams=8,phase=0,time=0.005303,slots=n/a
PHASE,converse,streams=8,phase=1,time=0.005240,slots=n/a
PHASE,converse,streams=8,phase=2,time=0.005163,slots=n/a
PHASE,converse,streams=8,phase=3,time=0.005126,slots=n/a
PHASE,converse,streams=8,phase=4,time=0.005189,slots=n/a
PHASE,converse,streams=8,phase=5,time=0.005182,slots=n/a
PHASE,converse,streams=8,phase=6,time=0.005102,slots=n/a
PHASE,converse,streams=8,phase=7,time=0.005496,slots=n/a
DATA,ring,converse,4,-1,8,2000,0.005225,0.0726,n/a
PHASE,converse,streams=16,phase=0,time=0.007416,slots=n/a
PHASE,converse,streams=16,phase=1,time=0.007337,slots=n/a
PHASE,converse,streams=16,phase=2,time=0.007479,slots=n/a
PHASE,converse,streams=16,phase=3,time=0.007308,slots=n/a
PHASE,converse,streams=16,phase=4,time=0.007400,slots=n/a
PHASE,converse,streams=16,phase=5,time=0.007297,slots=n/a
PHASE,converse,streams=16,phase=6,time=0.007246,slots=n/a
PHASE,converse,streams=16,phase=7,time=0.007309,slots=n/a
DATA,ring,converse,4,-1,16,2000,0.007349,0.0540,n/a
PHASE,converse,streams=32,phase=0,time=0.011816,slots=n/a
PHASE,converse,streams=32,phase=1,time=0.011765,slots=n/a
PHASE,converse,streams=32,phase=2,time=0.011805,slots=n/a
PHASE,converse,streams=32,phase=3,time=0.011754,slots=n/a
PHASE,converse,streams=32,phase=4,time=0.011562,slots=n/a
PHASE,converse,streams=32,phase=5,time=0.011901,slots=n/a
PHASE,converse,streams=32,phase=6,time=0.011965,slots=n/a
PHASE,converse,streams=32,phase=7,time=0.011708,slots=n/a
DATA,ring,converse,4,-1,32,2000,0.011784,0.0446,n/a
PHASE,converse,streams=64,phase=0,time=0.020789,slots=n/a
PHASE,converse,streams=64,phase=1,time=0.020639,slots=n/a
PHASE,converse,streams=64,phase=2,time=0.020837,slots=n/a
PHASE,converse,streams=64,phase=3,time=0.020800,slots=n/a
PHASE,converse,streams=64,phase=4,time=0.020683,slots=n/a
PHASE,converse,streams=64,phase=5,time=0.020792,slots=n/a
PHASE,converse,streams=64,phase=6,time=0.020650,slots=n/a
PHASE,converse,streams=64,phase=7,time=0.020732,slots=n/a
DATA,ring,converse,4,-1,64,2000,0.020740,0.0399,n/a
[Partition 0][Node 0] End of program
=== ring cfg adaptive pes 8 rep 3 ===
Charm++> Running in SMP mode on 1 nodes and 8 PEs
adapt_ring: layer=reconverse pes=8 adaptive=1 m=2000 phases=8 warmup=3
Format: DATA,ring,{layer},{pes},{adaptive},{streams},{m},{mean phase s},{us per message},{slots}
PHASE,reconverse,streams=0,phase=0,time=0.006047,slots=nodeq=61 threadq=1 nodeprio=1 threadprio=1
PHASE,reconverse,streams=0,phase=1,time=0.006250,slots=nodeq=61 threadq=1 nodeprio=1 threadprio=1
PHASE,reconverse,streams=0,phase=2,time=0.005945,slots=nodeq=61 threadq=1 nodeprio=1 threadprio=1
PHASE,reconverse,streams=0,phase=3,time=0.006264,slots=nodeq=61 threadq=1 nodeprio=1 threadprio=1
PHASE,reconverse,streams=0,phase=4,time=0.005896,slots=nodeq=61 threadq=1 nodeprio=1 threadprio=1
PHASE,reconverse,streams=0,phase=5,time=0.006093,slots=nodeq=56 threadq=6 nodeprio=1 threadprio=1
PHASE,reconverse,streams=0,phase=6,time=0.005977,slots=nodeq=61 threadq=1 nodeprio=1 threadprio=1
PHASE,reconverse,streams=0,phase=7,time=0.005842,slots=nodeq=61 threadq=1 nodeprio=1 threadprio=1
DATA,ring,reconverse,8,1,0,2000,0.006039,0.3775,nodeq=61 threadq=1 nodeprio=1 threadprio=1
PHASE,reconverse,streams=1,phase=0,time=0.006148,slots=nodeq=31 threadq=31 nodeprio=1 threadprio=1
PHASE,reconverse,streams=1,phase=1,time=0.006299,slots=nodeq=29 threadq=33 nodeprio=1 threadprio=1
PHASE,reconverse,streams=1,phase=2,time=0.006140,slots=nodeq=31 threadq=31 nodeprio=1 threadprio=1
PHASE,reconverse,streams=1,phase=3,time=0.006237,slots=nodeq=31 threadq=31 nodeprio=1 threadprio=1
PHASE,reconverse,streams=1,phase=4,time=0.006084,slots=nodeq=31 threadq=31 nodeprio=1 threadprio=1
PHASE,reconverse,streams=1,phase=5,time=0.006190,slots=nodeq=31 threadq=31 nodeprio=1 threadprio=1
PHASE,reconverse,streams=1,phase=6,time=0.006119,slots=nodeq=33 threadq=29 nodeprio=1 threadprio=1
PHASE,reconverse,streams=1,phase=7,time=0.006265,slots=nodeq=31 threadq=31 nodeprio=1 threadprio=1
DATA,ring,reconverse,8,1,1,2000,0.006185,0.1933,nodeq=31 threadq=31 nodeprio=1 threadprio=1
PHASE,reconverse,streams=2,phase=0,time=0.006414,slots=nodeq=1 threadq=61 nodeprio=1 threadprio=1
PHASE,reconverse,streams=2,phase=1,time=0.006441,slots=nodeq=1 threadq=61 nodeprio=1 threadprio=1
PHASE,reconverse,streams=2,phase=2,time=0.006351,slots=nodeq=1 threadq=61 nodeprio=1 threadprio=1
PHASE,reconverse,streams=2,phase=3,time=0.006541,slots=nodeq=1 threadq=61 nodeprio=1 threadprio=1
PHASE,reconverse,streams=2,phase=4,time=0.006357,slots=nodeq=1 threadq=61 nodeprio=1 threadprio=1
PHASE,reconverse,streams=2,phase=5,time=0.006329,slots=nodeq=1 threadq=61 nodeprio=1 threadprio=1
PHASE,reconverse,streams=2,phase=6,time=0.006303,slots=nodeq=1 threadq=61 nodeprio=1 threadprio=1
PHASE,reconverse,streams=2,phase=7,time=0.006576,slots=nodeq=1 threadq=61 nodeprio=1 threadprio=1
DATA,ring,reconverse,8,1,2,2000,0.006414,0.1336,nodeq=1 threadq=61 nodeprio=1 threadprio=1
PHASE,reconverse,streams=4,phase=0,time=0.007238,slots=nodeq=1 threadq=61 nodeprio=1 threadprio=1
PHASE,reconverse,streams=4,phase=1,time=0.007301,slots=nodeq=1 threadq=61 nodeprio=1 threadprio=1
PHASE,reconverse,streams=4,phase=2,time=0.007361,slots=nodeq=1 threadq=61 nodeprio=1 threadprio=1
PHASE,reconverse,streams=4,phase=3,time=0.007258,slots=nodeq=1 threadq=61 nodeprio=1 threadprio=1
PHASE,reconverse,streams=4,phase=4,time=0.007344,slots=nodeq=1 threadq=61 nodeprio=1 threadprio=1
PHASE,reconverse,streams=4,phase=5,time=0.007675,slots=nodeq=1 threadq=61 nodeprio=1 threadprio=1
PHASE,reconverse,streams=4,phase=6,time=0.007332,slots=nodeq=1 threadq=61 nodeprio=1 threadprio=1
PHASE,reconverse,streams=4,phase=7,time=0.007356,slots=nodeq=1 threadq=61 nodeprio=1 threadprio=1
DATA,ring,reconverse,8,1,4,2000,0.007358,0.0920,nodeq=1 threadq=61 nodeprio=1 threadprio=1
PHASE,reconverse,streams=8,phase=0,time=0.008777,slots=nodeq=1 threadq=61 nodeprio=1 threadprio=1
PHASE,reconverse,streams=8,phase=1,time=0.008694,slots=nodeq=1 threadq=61 nodeprio=1 threadprio=1
PHASE,reconverse,streams=8,phase=2,time=0.008563,slots=nodeq=1 threadq=61 nodeprio=1 threadprio=1
PHASE,reconverse,streams=8,phase=3,time=0.008650,slots=nodeq=1 threadq=61 nodeprio=1 threadprio=1
PHASE,reconverse,streams=8,phase=4,time=0.008604,slots=nodeq=1 threadq=61 nodeprio=1 threadprio=1
PHASE,reconverse,streams=8,phase=5,time=0.008477,slots=nodeq=1 threadq=61 nodeprio=1 threadprio=1
PHASE,reconverse,streams=8,phase=6,time=0.008623,slots=nodeq=1 threadq=61 nodeprio=1 threadprio=1
PHASE,reconverse,streams=8,phase=7,time=0.008690,slots=nodeq=1 threadq=61 nodeprio=1 threadprio=1
DATA,ring,reconverse,8,1,8,2000,0.008635,0.0600,nodeq=1 threadq=61 nodeprio=1 threadprio=1
PHASE,reconverse,streams=16,phase=0,time=0.010920,slots=nodeq=1 threadq=61 nodeprio=1 threadprio=1
PHASE,reconverse,streams=16,phase=1,time=0.011113,slots=nodeq=1 threadq=61 nodeprio=1 threadprio=1
PHASE,reconverse,streams=16,phase=2,time=0.011117,slots=nodeq=1 threadq=61 nodeprio=1 threadprio=1
PHASE,reconverse,streams=16,phase=3,time=0.010940,slots=nodeq=1 threadq=61 nodeprio=1 threadprio=1
PHASE,reconverse,streams=16,phase=4,time=0.011068,slots=nodeq=1 threadq=61 nodeprio=1 threadprio=1
PHASE,reconverse,streams=16,phase=5,time=0.011043,slots=nodeq=1 threadq=61 nodeprio=1 threadprio=1
PHASE,reconverse,streams=16,phase=6,time=0.011054,slots=nodeq=1 threadq=61 nodeprio=1 threadprio=1
PHASE,reconverse,streams=16,phase=7,time=0.010877,slots=nodeq=1 threadq=61 nodeprio=1 threadprio=1
DATA,ring,reconverse,8,1,16,2000,0.011017,0.0405,nodeq=1 threadq=61 nodeprio=1 threadprio=1
PHASE,reconverse,streams=32,phase=0,time=0.015584,slots=nodeq=1 threadq=61 nodeprio=1 threadprio=1
PHASE,reconverse,streams=32,phase=1,time=0.015557,slots=nodeq=1 threadq=61 nodeprio=1 threadprio=1
PHASE,reconverse,streams=32,phase=2,time=0.015597,slots=nodeq=1 threadq=61 nodeprio=1 threadprio=1
PHASE,reconverse,streams=32,phase=3,time=0.015942,slots=nodeq=1 threadq=61 nodeprio=1 threadprio=1
PHASE,reconverse,streams=32,phase=4,time=0.015668,slots=nodeq=1 threadq=61 nodeprio=1 threadprio=1
PHASE,reconverse,streams=32,phase=5,time=0.015545,slots=nodeq=1 threadq=61 nodeprio=1 threadprio=1
PHASE,reconverse,streams=32,phase=6,time=0.015485,slots=nodeq=1 threadq=61 nodeprio=1 threadprio=1
PHASE,reconverse,streams=32,phase=7,time=0.015726,slots=nodeq=1 threadq=61 nodeprio=1 threadprio=1
DATA,ring,reconverse,8,1,32,2000,0.015638,0.0296,nodeq=1 threadq=61 nodeprio=1 threadprio=1
PHASE,reconverse,streams=64,phase=0,time=0.024607,slots=nodeq=1 threadq=61 nodeprio=1 threadprio=1
PHASE,reconverse,streams=64,phase=1,time=0.024833,slots=nodeq=1 threadq=61 nodeprio=1 threadprio=1
PHASE,reconverse,streams=64,phase=2,time=0.024625,slots=nodeq=1 threadq=61 nodeprio=1 threadprio=1
PHASE,reconverse,streams=64,phase=3,time=0.024584,slots=nodeq=1 threadq=61 nodeprio=1 threadprio=1
PHASE,reconverse,streams=64,phase=4,time=0.024580,slots=nodeq=1 threadq=61 nodeprio=1 threadprio=1
PHASE,reconverse,streams=64,phase=5,time=0.024744,slots=nodeq=1 threadq=61 nodeprio=1 threadprio=1
PHASE,reconverse,streams=64,phase=6,time=0.024762,slots=nodeq=1 threadq=61 nodeprio=1 threadprio=1
PHASE,reconverse,streams=64,phase=7,time=0.024724,slots=nodeq=1 threadq=61 nodeprio=1 threadprio=1
DATA,ring,reconverse,8,1,64,2000,0.024682,0.0237,nodeq=1 threadq=61 nodeprio=1 threadprio=1
=== ring cfg hitrate pes 8 rep 3 ===
Charm++> Running in SMP mode on 1 nodes and 8 PEs
adapt_ring: layer=reconverse pes=8 adaptive=1 m=2000 phases=8 warmup=3
Format: DATA,ring,{layer},{pes},{adaptive},{streams},{m},{mean phase s},{us per message},{slots}
PHASE,reconverse,streams=0,phase=0,time=0.006336,slots=nodeq=61 threadq=1 nodeprio=1 threadprio=1
PHASE,reconverse,streams=0,phase=1,time=0.005995,slots=nodeq=61 threadq=1 nodeprio=1 threadprio=1
PHASE,reconverse,streams=0,phase=2,time=0.005965,slots=nodeq=56 threadq=6 nodeprio=1 threadprio=1
PHASE,reconverse,streams=0,phase=3,time=0.005998,slots=nodeq=61 threadq=1 nodeprio=1 threadprio=1
PHASE,reconverse,streams=0,phase=4,time=0.006235,slots=nodeq=61 threadq=1 nodeprio=1 threadprio=1
PHASE,reconverse,streams=0,phase=5,time=0.006120,slots=nodeq=61 threadq=1 nodeprio=1 threadprio=1
PHASE,reconverse,streams=0,phase=6,time=0.006061,slots=nodeq=56 threadq=6 nodeprio=1 threadprio=1
PHASE,reconverse,streams=0,phase=7,time=0.005967,slots=nodeq=61 threadq=1 nodeprio=1 threadprio=1
DATA,ring,reconverse,8,1,0,2000,0.006085,0.3803,nodeq=61 threadq=1 nodeprio=1 threadprio=1
PHASE,reconverse,streams=1,phase=0,time=0.005939,slots=nodeq=31 threadq=31 nodeprio=1 threadprio=1
PHASE,reconverse,streams=1,phase=1,time=0.006041,slots=nodeq=31 threadq=31 nodeprio=1 threadprio=1
PHASE,reconverse,streams=1,phase=2,time=0.005987,slots=nodeq=31 threadq=31 nodeprio=1 threadprio=1
PHASE,reconverse,streams=1,phase=3,time=0.005955,slots=nodeq=29 threadq=33 nodeprio=1 threadprio=1
PHASE,reconverse,streams=1,phase=4,time=0.005923,slots=nodeq=31 threadq=31 nodeprio=1 threadprio=1
PHASE,reconverse,streams=1,phase=5,time=0.005967,slots=nodeq=31 threadq=31 nodeprio=1 threadprio=1
PHASE,reconverse,streams=1,phase=6,time=0.005937,slots=nodeq=31 threadq=31 nodeprio=1 threadprio=1
PHASE,reconverse,streams=1,phase=7,time=0.005934,slots=nodeq=29 threadq=33 nodeprio=1 threadprio=1
DATA,ring,reconverse,8,1,1,2000,0.005960,0.1863,nodeq=29 threadq=33 nodeprio=1 threadprio=1
PHASE,reconverse,streams=2,phase=0,time=0.006557,slots=nodeq=1 threadq=61 nodeprio=1 threadprio=1
PHASE,reconverse,streams=2,phase=1,time=0.006494,slots=nodeq=1 threadq=61 nodeprio=1 threadprio=1
PHASE,reconverse,streams=2,phase=2,time=0.006326,slots=nodeq=1 threadq=61 nodeprio=1 threadprio=1
PHASE,reconverse,streams=2,phase=3,time=0.006473,slots=nodeq=1 threadq=61 nodeprio=1 threadprio=1
PHASE,reconverse,streams=2,phase=4,time=0.006330,slots=nodeq=1 threadq=61 nodeprio=1 threadprio=1
PHASE,reconverse,streams=2,phase=5,time=0.006361,slots=nodeq=1 threadq=61 nodeprio=1 threadprio=1
PHASE,reconverse,streams=2,phase=6,time=0.006257,slots=nodeq=1 threadq=61 nodeprio=1 threadprio=1
PHASE,reconverse,streams=2,phase=7,time=0.006407,slots=nodeq=1 threadq=61 nodeprio=1 threadprio=1
DATA,ring,reconverse,8,1,2,2000,0.006401,0.1333,nodeq=1 threadq=61 nodeprio=1 threadprio=1
PHASE,reconverse,streams=4,phase=0,time=0.007073,slots=nodeq=1 threadq=61 nodeprio=1 threadprio=1
PHASE,reconverse,streams=4,phase=1,time=0.007323,slots=nodeq=1 threadq=61 nodeprio=1 threadprio=1
PHASE,reconverse,streams=4,phase=2,time=0.007332,slots=nodeq=1 threadq=61 nodeprio=1 threadprio=1
PHASE,reconverse,streams=4,phase=3,time=0.007382,slots=nodeq=1 threadq=61 nodeprio=1 threadprio=1
PHASE,reconverse,streams=4,phase=4,time=0.007370,slots=nodeq=1 threadq=61 nodeprio=1 threadprio=1
PHASE,reconverse,streams=4,phase=5,time=0.007323,slots=nodeq=1 threadq=61 nodeprio=1 threadprio=1
PHASE,reconverse,streams=4,phase=6,time=0.007011,slots=nodeq=1 threadq=61 nodeprio=1 threadprio=1
PHASE,reconverse,streams=4,phase=7,time=0.007084,slots=nodeq=1 threadq=61 nodeprio=1 threadprio=1
DATA,ring,reconverse,8,1,4,2000,0.007237,0.0905,nodeq=1 threadq=61 nodeprio=1 threadprio=1
PHASE,reconverse,streams=8,phase=0,time=0.008277,slots=nodeq=1 threadq=61 nodeprio=1 threadprio=1
PHASE,reconverse,streams=8,phase=1,time=0.008235,slots=nodeq=1 threadq=61 nodeprio=1 threadprio=1
PHASE,reconverse,streams=8,phase=2,time=0.008191,slots=nodeq=1 threadq=61 nodeprio=1 threadprio=1
PHASE,reconverse,streams=8,phase=3,time=0.008268,slots=nodeq=1 threadq=61 nodeprio=1 threadprio=1
PHASE,reconverse,streams=8,phase=4,time=0.008287,slots=nodeq=1 threadq=61 nodeprio=1 threadprio=1
PHASE,reconverse,streams=8,phase=5,time=0.008740,slots=nodeq=1 threadq=61 nodeprio=1 threadprio=1
PHASE,reconverse,streams=8,phase=6,time=0.008802,slots=nodeq=1 threadq=61 nodeprio=1 threadprio=1
PHASE,reconverse,streams=8,phase=7,time=0.008857,slots=nodeq=1 threadq=61 nodeprio=1 threadprio=1
DATA,ring,reconverse,8,1,8,2000,0.008457,0.0587,nodeq=1 threadq=61 nodeprio=1 threadprio=1
PHASE,reconverse,streams=16,phase=0,time=0.010823,slots=nodeq=1 threadq=61 nodeprio=1 threadprio=1
PHASE,reconverse,streams=16,phase=1,time=0.010847,slots=nodeq=1 threadq=61 nodeprio=1 threadprio=1
PHASE,reconverse,streams=16,phase=2,time=0.011502,slots=nodeq=1 threadq=61 nodeprio=1 threadprio=1
PHASE,reconverse,streams=16,phase=3,time=0.011541,slots=nodeq=1 threadq=61 nodeprio=1 threadprio=1
PHASE,reconverse,streams=16,phase=4,time=0.011470,slots=nodeq=1 threadq=61 nodeprio=1 threadprio=1
PHASE,reconverse,streams=16,phase=5,time=0.011417,slots=nodeq=1 threadq=61 nodeprio=1 threadprio=1
PHASE,reconverse,streams=16,phase=6,time=0.011446,slots=nodeq=1 threadq=61 nodeprio=1 threadprio=1
PHASE,reconverse,streams=16,phase=7,time=0.011459,slots=nodeq=1 threadq=61 nodeprio=1 threadprio=1
DATA,ring,reconverse,8,1,16,2000,0.011313,0.0416,nodeq=1 threadq=61 nodeprio=1 threadprio=1
PHASE,reconverse,streams=32,phase=0,time=0.016859,slots=nodeq=1 threadq=61 nodeprio=1 threadprio=1
PHASE,reconverse,streams=32,phase=1,time=0.016775,slots=nodeq=1 threadq=61 nodeprio=1 threadprio=1
PHASE,reconverse,streams=32,phase=2,time=0.016823,slots=nodeq=1 threadq=61 nodeprio=1 threadprio=1
PHASE,reconverse,streams=32,phase=3,time=0.016832,slots=nodeq=1 threadq=61 nodeprio=1 threadprio=1
PHASE,reconverse,streams=32,phase=4,time=0.016858,slots=nodeq=1 threadq=61 nodeprio=1 threadprio=1
PHASE,reconverse,streams=32,phase=5,time=0.016843,slots=nodeq=1 threadq=61 nodeprio=1 threadprio=1
PHASE,reconverse,streams=32,phase=6,time=0.016806,slots=nodeq=1 threadq=61 nodeprio=1 threadprio=1
PHASE,reconverse,streams=32,phase=7,time=0.016844,slots=nodeq=1 threadq=61 nodeprio=1 threadprio=1
DATA,ring,reconverse,8,1,32,2000,0.016830,0.0319,nodeq=1 threadq=61 nodeprio=1 threadprio=1
PHASE,reconverse,streams=64,phase=0,time=0.027480,slots=nodeq=1 threadq=61 nodeprio=1 threadprio=1
PHASE,reconverse,streams=64,phase=1,time=0.027508,slots=nodeq=1 threadq=61 nodeprio=1 threadprio=1
PHASE,reconverse,streams=64,phase=2,time=0.027560,slots=nodeq=1 threadq=61 nodeprio=1 threadprio=1
PHASE,reconverse,streams=64,phase=3,time=0.027161,slots=nodeq=1 threadq=61 nodeprio=1 threadprio=1
PHASE,reconverse,streams=64,phase=4,time=0.026667,slots=nodeq=1 threadq=61 nodeprio=1 threadprio=1
PHASE,reconverse,streams=64,phase=5,time=0.026760,slots=nodeq=1 threadq=61 nodeprio=1 threadprio=1
PHASE,reconverse,streams=64,phase=6,time=0.026331,slots=nodeq=1 threadq=61 nodeprio=1 threadprio=1
PHASE,reconverse,streams=64,phase=7,time=0.025836,slots=nodeq=1 threadq=61 nodeprio=1 threadprio=1
DATA,ring,reconverse,8,1,64,2000,0.026913,0.0259,nodeq=1 threadq=61 nodeprio=1 threadprio=1
=== ring cfg static pes 8 rep 3 ===
Charm++> Running in SMP mode on 1 nodes and 8 PEs
adapt_ring: layer=reconverse pes=8 adaptive=0 m=2000 phases=8 warmup=3
Format: DATA,ring,{layer},{pes},{adaptive},{streams},{m},{mean phase s},{us per message},{slots}
PHASE,reconverse,streams=0,phase=0,time=0.006621,slots=nodeq=3 threadq=29 nodeprio=3 threadprio=29
PHASE,reconverse,streams=0,phase=1,time=0.006558,slots=nodeq=3 threadq=29 nodeprio=3 threadprio=29
PHASE,reconverse,streams=0,phase=2,time=0.006601,slots=nodeq=3 threadq=29 nodeprio=3 threadprio=29
PHASE,reconverse,streams=0,phase=3,time=0.006579,slots=nodeq=3 threadq=29 nodeprio=3 threadprio=29
PHASE,reconverse,streams=0,phase=4,time=0.006589,slots=nodeq=3 threadq=29 nodeprio=3 threadprio=29
PHASE,reconverse,streams=0,phase=5,time=0.006535,slots=nodeq=3 threadq=29 nodeprio=3 threadprio=29
PHASE,reconverse,streams=0,phase=6,time=0.006638,slots=nodeq=3 threadq=29 nodeprio=3 threadprio=29
PHASE,reconverse,streams=0,phase=7,time=0.006533,slots=nodeq=3 threadq=29 nodeprio=3 threadprio=29
DATA,ring,reconverse,8,0,0,2000,0.006582,0.4114,nodeq=3 threadq=29 nodeprio=3 threadprio=29
PHASE,reconverse,streams=1,phase=0,time=0.006617,slots=nodeq=3 threadq=29 nodeprio=3 threadprio=29
PHASE,reconverse,streams=1,phase=1,time=0.006631,slots=nodeq=3 threadq=29 nodeprio=3 threadprio=29
PHASE,reconverse,streams=1,phase=2,time=0.006629,slots=nodeq=3 threadq=29 nodeprio=3 threadprio=29
PHASE,reconverse,streams=1,phase=3,time=0.006540,slots=nodeq=3 threadq=29 nodeprio=3 threadprio=29
PHASE,reconverse,streams=1,phase=4,time=0.006516,slots=nodeq=3 threadq=29 nodeprio=3 threadprio=29
PHASE,reconverse,streams=1,phase=5,time=0.006537,slots=nodeq=3 threadq=29 nodeprio=3 threadprio=29
PHASE,reconverse,streams=1,phase=6,time=0.006512,slots=nodeq=3 threadq=29 nodeprio=3 threadprio=29
PHASE,reconverse,streams=1,phase=7,time=0.006534,slots=nodeq=3 threadq=29 nodeprio=3 threadprio=29
DATA,ring,reconverse,8,0,1,2000,0.006565,0.2051,nodeq=3 threadq=29 nodeprio=3 threadprio=29
PHASE,reconverse,streams=2,phase=0,time=0.006517,slots=nodeq=3 threadq=29 nodeprio=3 threadprio=29
PHASE,reconverse,streams=2,phase=1,time=0.006497,slots=nodeq=3 threadq=29 nodeprio=3 threadprio=29
PHASE,reconverse,streams=2,phase=2,time=0.006490,slots=nodeq=3 threadq=29 nodeprio=3 threadprio=29
PHASE,reconverse,streams=2,phase=3,time=0.006546,slots=nodeq=3 threadq=29 nodeprio=3 threadprio=29
PHASE,reconverse,streams=2,phase=4,time=0.006522,slots=nodeq=3 threadq=29 nodeprio=3 threadprio=29
PHASE,reconverse,streams=2,phase=5,time=0.006514,slots=nodeq=3 threadq=29 nodeprio=3 threadprio=29
PHASE,reconverse,streams=2,phase=6,time=0.006462,slots=nodeq=3 threadq=29 nodeprio=3 threadprio=29
PHASE,reconverse,streams=2,phase=7,time=0.006470,slots=nodeq=3 threadq=29 nodeprio=3 threadprio=29
DATA,ring,reconverse,8,0,2,2000,0.006502,0.1355,nodeq=3 threadq=29 nodeprio=3 threadprio=29
PHASE,reconverse,streams=4,phase=0,time=0.006450,slots=nodeq=3 threadq=29 nodeprio=3 threadprio=29
PHASE,reconverse,streams=4,phase=1,time=0.006475,slots=nodeq=3 threadq=29 nodeprio=3 threadprio=29
PHASE,reconverse,streams=4,phase=2,time=0.006480,slots=nodeq=3 threadq=29 nodeprio=3 threadprio=29
PHASE,reconverse,streams=4,phase=3,time=0.006452,slots=nodeq=3 threadq=29 nodeprio=3 threadprio=29
PHASE,reconverse,streams=4,phase=4,time=0.006464,slots=nodeq=3 threadq=29 nodeprio=3 threadprio=29
PHASE,reconverse,streams=4,phase=5,time=0.006509,slots=nodeq=3 threadq=29 nodeprio=3 threadprio=29
PHASE,reconverse,streams=4,phase=6,time=0.006479,slots=nodeq=3 threadq=29 nodeprio=3 threadprio=29
PHASE,reconverse,streams=4,phase=7,time=0.006461,slots=nodeq=3 threadq=29 nodeprio=3 threadprio=29
DATA,ring,reconverse,8,0,4,2000,0.006471,0.0809,nodeq=3 threadq=29 nodeprio=3 threadprio=29
PHASE,reconverse,streams=8,phase=0,time=0.006834,slots=nodeq=3 threadq=29 nodeprio=3 threadprio=29
PHASE,reconverse,streams=8,phase=1,time=0.006819,slots=nodeq=3 threadq=29 nodeprio=3 threadprio=29
PHASE,reconverse,streams=8,phase=2,time=0.006854,slots=nodeq=3 threadq=29 nodeprio=3 threadprio=29
PHASE,reconverse,streams=8,phase=3,time=0.006788,slots=nodeq=3 threadq=29 nodeprio=3 threadprio=29
PHASE,reconverse,streams=8,phase=4,time=0.006845,slots=nodeq=3 threadq=29 nodeprio=3 threadprio=29
PHASE,reconverse,streams=8,phase=5,time=0.006824,slots=nodeq=3 threadq=29 nodeprio=3 threadprio=29
PHASE,reconverse,streams=8,phase=6,time=0.006758,slots=nodeq=3 threadq=29 nodeprio=3 threadprio=29
PHASE,reconverse,streams=8,phase=7,time=0.006812,slots=nodeq=3 threadq=29 nodeprio=3 threadprio=29
DATA,ring,reconverse,8,0,8,2000,0.006817,0.0473,nodeq=3 threadq=29 nodeprio=3 threadprio=29
PHASE,reconverse,streams=16,phase=0,time=0.009408,slots=nodeq=3 threadq=29 nodeprio=3 threadprio=29
PHASE,reconverse,streams=16,phase=1,time=0.009257,slots=nodeq=3 threadq=29 nodeprio=3 threadprio=29
PHASE,reconverse,streams=16,phase=2,time=0.009359,slots=nodeq=3 threadq=29 nodeprio=3 threadprio=29
PHASE,reconverse,streams=16,phase=3,time=0.009409,slots=nodeq=3 threadq=29 nodeprio=3 threadprio=29
PHASE,reconverse,streams=16,phase=4,time=0.009388,slots=nodeq=3 threadq=29 nodeprio=3 threadprio=29
PHASE,reconverse,streams=16,phase=5,time=0.009371,slots=nodeq=3 threadq=29 nodeprio=3 threadprio=29
PHASE,reconverse,streams=16,phase=6,time=0.009318,slots=nodeq=3 threadq=29 nodeprio=3 threadprio=29
PHASE,reconverse,streams=16,phase=7,time=0.009359,slots=nodeq=3 threadq=29 nodeprio=3 threadprio=29
DATA,ring,reconverse,8,0,16,2000,0.009359,0.0344,nodeq=3 threadq=29 nodeprio=3 threadprio=29
PHASE,reconverse,streams=32,phase=0,time=0.014199,slots=nodeq=3 threadq=29 nodeprio=3 threadprio=29
PHASE,reconverse,streams=32,phase=1,time=0.014246,slots=nodeq=3 threadq=29 nodeprio=3 threadprio=29
PHASE,reconverse,streams=32,phase=2,time=0.014239,slots=nodeq=3 threadq=29 nodeprio=3 threadprio=29
PHASE,reconverse,streams=32,phase=3,time=0.014170,slots=nodeq=3 threadq=29 nodeprio=3 threadprio=29
PHASE,reconverse,streams=32,phase=4,time=0.014208,slots=nodeq=3 threadq=29 nodeprio=3 threadprio=29
PHASE,reconverse,streams=32,phase=5,time=0.014256,slots=nodeq=3 threadq=29 nodeprio=3 threadprio=29
PHASE,reconverse,streams=32,phase=6,time=0.014206,slots=nodeq=3 threadq=29 nodeprio=3 threadprio=29
PHASE,reconverse,streams=32,phase=7,time=0.014194,slots=nodeq=3 threadq=29 nodeprio=3 threadprio=29
DATA,ring,reconverse,8,0,32,2000,0.014215,0.0269,nodeq=3 threadq=29 nodeprio=3 threadprio=29
PHASE,reconverse,streams=64,phase=0,time=0.023875,slots=nodeq=3 threadq=29 nodeprio=3 threadprio=29
PHASE,reconverse,streams=64,phase=1,time=0.024043,slots=nodeq=3 threadq=29 nodeprio=3 threadprio=29
PHASE,reconverse,streams=64,phase=2,time=0.023981,slots=nodeq=3 threadq=29 nodeprio=3 threadprio=29
PHASE,reconverse,streams=64,phase=3,time=0.023896,slots=nodeq=3 threadq=29 nodeprio=3 threadprio=29
PHASE,reconverse,streams=64,phase=4,time=0.023906,slots=nodeq=3 threadq=29 nodeprio=3 threadprio=29
PHASE,reconverse,streams=64,phase=5,time=0.023946,slots=nodeq=3 threadq=29 nodeprio=3 threadprio=29
PHASE,reconverse,streams=64,phase=6,time=0.023912,slots=nodeq=3 threadq=29 nodeprio=3 threadprio=29
PHASE,reconverse,streams=64,phase=7,time=0.023607,slots=nodeq=3 threadq=29 nodeprio=3 threadprio=29
DATA,ring,reconverse,8,0,64,2000,0.023896,0.0230,nodeq=3 threadq=29 nodeprio=3 threadprio=29
=== ring cfg converse pes 8 rep 3 ===
Charm++> Running on MPI library: MPI VERSION    : CRAY MPICH version 8.1.32.110 (ANL base 3.4a2)
MPI BUILD INFO : Thu Feb 06 22:53 2025 (git hash f9c5634)
 (MPI standard: 3.1)
Charm++> Level of thread support used: MPI_THREAD_FUNNELED (desired: MPI_THREAD_FUNNELED)
Charm++> Running in SMP mode: 1 processes, 8 worker threads (PEs) + 1 comm threads per process, 8 PEs total
Charm++> The comm. thread both sends and receives messages
Converse/Charm++ Commit ID: v8.0.1-devel-36-g3c3086b33
adapt_ring: layer=converse pes=8 adaptive=-1 m=2000 phases=8 warmup=3
Format: DATA,ring,{layer},{pes},{adaptive},{streams},{m},{mean phase s},{us per message},{slots}
PHASE,converse,streams=0,phase=0,time=0.011968,slots=n/a
PHASE,converse,streams=0,phase=1,time=0.011747,slots=n/a
PHASE,converse,streams=0,phase=2,time=0.011719,slots=n/a
PHASE,converse,streams=0,phase=3,time=0.011722,slots=n/a
PHASE,converse,streams=0,phase=4,time=0.012002,slots=n/a
PHASE,converse,streams=0,phase=5,time=0.011724,slots=n/a
PHASE,converse,streams=0,phase=6,time=0.011600,slots=n/a
PHASE,converse,streams=0,phase=7,time=0.011666,slots=n/a
DATA,ring,converse,8,-1,0,2000,0.011769,0.7355,n/a
PHASE,converse,streams=1,phase=0,time=0.012458,slots=n/a
PHASE,converse,streams=1,phase=1,time=0.012470,slots=n/a
PHASE,converse,streams=1,phase=2,time=0.012453,slots=n/a
PHASE,converse,streams=1,phase=3,time=0.012356,slots=n/a
PHASE,converse,streams=1,phase=4,time=0.012402,slots=n/a
PHASE,converse,streams=1,phase=5,time=0.012364,slots=n/a
PHASE,converse,streams=1,phase=6,time=0.012130,slots=n/a
PHASE,converse,streams=1,phase=7,time=0.012538,slots=n/a
DATA,ring,converse,8,-1,1,2000,0.012396,0.3874,n/a
PHASE,converse,streams=2,phase=0,time=0.012988,slots=n/a
PHASE,converse,streams=2,phase=1,time=0.013237,slots=n/a
PHASE,converse,streams=2,phase=2,time=0.012875,slots=n/a
PHASE,converse,streams=2,phase=3,time=0.013053,slots=n/a
PHASE,converse,streams=2,phase=4,time=0.013002,slots=n/a
PHASE,converse,streams=2,phase=5,time=0.013085,slots=n/a
PHASE,converse,streams=2,phase=6,time=0.012995,slots=n/a
PHASE,converse,streams=2,phase=7,time=0.013161,slots=n/a
DATA,ring,converse,8,-1,2,2000,0.013049,0.2719,n/a
PHASE,converse,streams=4,phase=0,time=0.014384,slots=n/a
PHASE,converse,streams=4,phase=1,time=0.014069,slots=n/a
PHASE,converse,streams=4,phase=2,time=0.014284,slots=n/a
PHASE,converse,streams=4,phase=3,time=0.013679,slots=n/a
PHASE,converse,streams=4,phase=4,time=0.013306,slots=n/a
PHASE,converse,streams=4,phase=5,time=0.013824,slots=n/a
PHASE,converse,streams=4,phase=6,time=0.013426,slots=n/a
PHASE,converse,streams=4,phase=7,time=0.013607,slots=n/a
DATA,ring,converse,8,-1,4,2000,0.013822,0.1728,n/a
PHASE,converse,streams=8,phase=0,time=0.015103,slots=n/a
PHASE,converse,streams=8,phase=1,time=0.015271,slots=n/a
PHASE,converse,streams=8,phase=2,time=0.015114,slots=n/a
PHASE,converse,streams=8,phase=3,time=0.015074,slots=n/a
PHASE,converse,streams=8,phase=4,time=0.014376,slots=n/a
PHASE,converse,streams=8,phase=5,time=0.014200,slots=n/a
PHASE,converse,streams=8,phase=6,time=0.014907,slots=n/a
PHASE,converse,streams=8,phase=7,time=0.014898,slots=n/a
DATA,ring,converse,8,-1,8,2000,0.014868,0.1032,n/a
PHASE,converse,streams=16,phase=0,time=0.015153,slots=n/a
PHASE,converse,streams=16,phase=1,time=0.014738,slots=n/a
PHASE,converse,streams=16,phase=2,time=0.013015,slots=n/a
PHASE,converse,streams=16,phase=3,time=0.012296,slots=n/a
PHASE,converse,streams=16,phase=4,time=0.013123,slots=n/a
PHASE,converse,streams=16,phase=5,time=0.013327,slots=n/a
PHASE,converse,streams=16,phase=6,time=0.012900,slots=n/a
PHASE,converse,streams=16,phase=7,time=0.012941,slots=n/a
DATA,ring,converse,8,-1,16,2000,0.013437,0.0494,n/a
PHASE,converse,streams=32,phase=0,time=0.029749,slots=n/a
PHASE,converse,streams=32,phase=1,time=0.029963,slots=n/a
PHASE,converse,streams=32,phase=2,time=0.029885,slots=n/a
PHASE,converse,streams=32,phase=3,time=0.029524,slots=n/a
PHASE,converse,streams=32,phase=4,time=0.029480,slots=n/a
PHASE,converse,streams=32,phase=5,time=0.030004,slots=n/a
PHASE,converse,streams=32,phase=6,time=0.029927,slots=n/a
PHASE,converse,streams=32,phase=7,time=0.029741,slots=n/a
DATA,ring,converse,8,-1,32,2000,0.029784,0.0564,n/a
PHASE,converse,streams=64,phase=0,time=0.059637,slots=n/a
PHASE,converse,streams=64,phase=1,time=0.059785,slots=n/a
PHASE,converse,streams=64,phase=2,time=0.060120,slots=n/a
PHASE,converse,streams=64,phase=3,time=0.058865,slots=n/a
PHASE,converse,streams=64,phase=4,time=0.059051,slots=n/a
PHASE,converse,streams=64,phase=5,time=0.058481,slots=n/a
PHASE,converse,streams=64,phase=6,time=0.059025,slots=n/a
PHASE,converse,streams=64,phase=7,time=0.058706,slots=n/a
DATA,ring,converse,8,-1,64,2000,0.059209,0.0569,n/a
[Partition 0][Node 0] End of program
